[2026-04-15T20:33:08.770] [DEBUG] debug-file - env: nodejsVersion=v18.20.1
[2026-04-15T20:33:09.112] [DEBUG] debug-file - Hvigor init with startParameters:{
  hvigorfileTypeCheck: false,
  parallelExecution: true,
  incrementalExecution: true,
  printStackTrace: false,
  daemon: false,
  analyze: 0,
  logLevel: Level { level: 20000, levelStr: 'INFO', colour: 'green' },
  optimizationStrategy: 'memory',
  hotCompile: undefined,
  hotReloadBuild: undefined,
  customizedParam: undefined
}
[2026-04-15T20:33:10.270] [DEBUG] debug-file - hvigorfile, require result:  { default: { system: [Function: appTasks], plugins: [] } }
[2026-04-15T20:33:10.271] [DEBUG] debug-file - Starting plugin build process
[2026-04-15T20:33:10.391] [DEBUG] debug-file - App plugin register hook start...
[2026-04-15T20:33:10.401] [DEBUG] debug-file - Start recording SDK configuration permission data.
[2026-04-15T20:33:10.392] [DEBUG] debug-file - Start initialize project's product build option map with build mode debug.
[2026-04-15T20:33:10.395] [DEBUG] debug-file - Obtain build option for product 'default'in this build.
[2026-04-15T20:33:10.448] [DEBUG] debug-file - Start initialize module-target build option map, moduleName=entry, buildMode=debug
[2026-04-15T20:33:10.437] [DEBUG] debug-file - failed to load cangjie to dynamically generate schemas: Error: Cannot find module '@ohos/cangjie-build-support/index'
Require stack:
- C:\Program Files\Huawei\DevEco Studio\tools\hvigor\hvigor-ohos-plugin\src\plugin\hooks\cangjie-register.js
- C:\Program Files\Huawei\DevEco Studio\tools\hvigor\hvigor-ohos-plugin\src\plugin\strategy\stage-init-strategy.js
- C:\Program Files\Huawei\DevEco Studio\tools\hvigor\hvigor-ohos-plugin\src\plugin\builder\abstract-plugin-builder.js
- C:\Program Files\Huawei\DevEco Studio\tools\hvigor\hvigor-ohos-plugin\src\plugin\builder\app-plugin-builder.js
- C:\Program Files\Huawei\DevEco Studio\tools\hvigor\hvigor-ohos-plugin\src\plugin\factory\plugin-factory.js
- C:\Program Files\Huawei\DevEco Studio\tools\hvigor\hvigor-ohos-plugin\index.js
- C:\Users\27843\Downloads\RingtoneKit_Codelab_\hvigorfile.ts
- C:\Program Files\Huawei\DevEco Studio\tools\hvigor\hvigor\src\base\internal\lifecycle\configuration.js
- C:\Program Files\Huawei\DevEco Studio\tools\hvigor\hvigor\src\base\boot\index.js
- C:\Program Files\Huawei\DevEco Studio\tools\hvigor\hvigor\src\cli\main\cli.js
- C:\Program Files\Huawei\DevEco Studio\tools\hvigor\hvigor\bin\hvigor.js
[2026-04-15T20:33:10.469] [DEBUG] debug-file - Start to initialize dependency information.
[2026-04-15T20:33:10.430] [DEBUG] debug-file - Project task initialization takes 5 ms 
[2026-04-15T20:33:10.454] [DEBUG] debug-file - start to load updatedOhPackageInfo to the disk
[2026-04-15T20:33:10.453] [DEBUG] debug-file - project has submodules:entry
[2026-04-15T20:33:08.771] [DEBUG] debug-file - env: hvigor-config.json5 content = {
  modelVersion: '5.0.0',
  dependencies: {},
  execution: {},
  logging: {},
  debugging: {},
  nodeOptions: {}
}
[2026-04-15T20:33:10.475] [DEBUG] debug-file - entry : clean cost memory 0.112030029296875
[2026-04-15T20:33:10.499] [DEBUG] debug-file - Create  resident worker with id: 0.
[2026-04-15T20:33:09.112] [DEBUG] debug-file - Since current hvigor version 6.22.4 differs from last hvigor version 
      undefined, delete file-cache.json and task-cache.json.
[2026-04-15T20:33:10.270] [DEBUG] debug-file - hvigorfile, binding system plugins [Function: appTasks]
[2026-04-15T20:33:10.271] [DEBUG] debug-file - App plugin prepare start...
[2026-04-15T20:33:10.391] [DEBUG] debug-file - App plugin register hook end...
[2026-04-15T20:33:10.424] [DEBUG] debug-file - Sdk init in 29 ms 
[2026-04-15T20:33:10.392] [DEBUG] debug-file - Picking option from product 'default' with build mode 'debug'.
[2026-04-15T20:33:10.396] [DEBUG] debug-file - No signingConfig found, initRemoteHspCache failed.
[2026-04-15T20:33:10.448] [DEBUG] debug-file - Target 'default' config initialized
[2026-04-15T20:33:10.470] [DEBUG] debug-file - Module entry Collected Dependency: 
[2026-04-15T20:33:10.431] [DEBUG] debug-file - hvigorfile, binding custom plugins []
[2026-04-15T20:33:10.466] [DEBUG] debug-file - load to the disk finished
[2026-04-15T20:33:08.773] [DEBUG] debug-file - env: daemon=false
[2026-04-15T20:33:10.475] [DEBUG] debug-file - runTaskFromQueue task cost before running: 1 s 369 ms 
[2026-04-15T20:33:10.500] [DEBUG] debug-file - Create  resident worker with id: 1.
[2026-04-15T20:33:09.113] [DEBUG] debug-file - Cache service initialization finished in 1 ms 
[2026-04-15T20:33:10.271] [DEBUG] debug-file - App plugin prepare end...
[2026-04-15T20:33:10.391] [DEBUG] debug-file - Plugin build process completed
[2026-04-15T20:33:10.392] [DEBUG] debug-file - Product 'default' build option initialized
[2026-04-15T20:33:10.397] [DEBUG] debug-file - Local scan or download HarmonyOS sdk components toolchains,ets,js,native,previewer
[2026-04-15T20:33:10.448] [DEBUG] debug-file - Module 'entry' target 'default' build option initialized
[2026-04-15T20:33:10.467] [DEBUG] debug-file - Start to initialize dependency information.
[2026-04-15T20:33:10.470] [DEBUG] debug-file - Module entry's total dependency: 0
[2026-04-15T20:33:10.431] [DEBUG] debug-file - hvigorfile, no custom plugins were found in C:\Users\27843\Downloads\RingtoneKit_Codelab_\hvigorfile.ts
[2026-04-15T20:33:08.773] [DEBUG] debug-file - no-daemon, use the parent process.execArgv --max-old-space-size=8192,--max-semi-space-size=16,--expose-gc
[2026-04-15T20:33:10.476] [INFO] debug-file - Finished :entry:clean... after 2 ms 
[2026-04-15T20:33:10.501] [DEBUG] debug-file - Current worker pool is stopped or closed.
[2026-04-15T20:33:09.113] [DEBUG] debug-file - hvigorfile, resolving C:\Users\27843\Downloads\RingtoneKit_Codelab_\hvigorfile.ts
[2026-04-15T20:33:10.271] [DEBUG] debug-file - App plugin creating...
[2026-04-15T20:33:10.392] [DEBUG] debug-file - End initialize project's product build option map with build mode 'debug'.
[2026-04-15T20:33:10.399] [DEBUG] debug-file - Local scan or download hmscore sdk components toolchains,ets,native
[2026-04-15T20:33:10.468] [DEBUG] debug-file - Module RingtoneKit_Codelab_ Collected Dependency: 
[2026-04-15T20:33:10.448] [DEBUG] debug-file - End initialize module-target build option map, moduleName=entry
[2026-04-15T20:33:10.431] [DEBUG] debug-file - hvigorfile, resolve finished C:\Users\27843\Downloads\RingtoneKit_Codelab_\hvigorfile.ts
[2026-04-15T20:33:10.476] [DEBUG] debug-file - Executing task ::clean
[2026-04-15T20:33:10.472] [DEBUG] debug-file - Configuration phase cost:1 s 360 ms 
[2026-04-15T20:33:10.502] [DEBUG] debug-file - Clear worker 0.
[2026-04-15T20:33:10.468] [DEBUG] debug-file - Module RingtoneKit_Codelab_'s total dependency: 0
[2026-04-15T20:33:10.431] [DEBUG] debug-file - hvigorfile, resolving C:\Users\27843\Downloads\RingtoneKit_Codelab_\entry\hvigorfile.ts
[2026-04-15T20:33:10.448] [DEBUG] debug-file - Start initialize module-target build option map, moduleName=entry, buildMode=release
[2026-04-15T20:33:10.476] [DEBUG] debug-file - clean: Worker pool is inactive.
[2026-04-15T20:33:10.474] [DEBUG] debug-file - Configuration task cost before running: 1 s 367 ms 
[2026-04-15T20:33:10.502] [DEBUG] debug-file - Worker 0 has been cleared.
[2026-04-15T20:33:10.436] [DEBUG] debug-file - hvigorfile, require result:  { default: { system: [Function: hapTasks], plugins: [] } }
[2026-04-15T20:33:10.448] [DEBUG] debug-file - Target 'default' config initialized
[2026-04-15T20:33:10.476] [DEBUG] debug-file - RingtoneKit_Codelab_ : clean cost memory 0.02021026611328125
[2026-04-15T20:33:10.474] [DEBUG] debug-file - Executing task :entry:clean
[2026-04-15T20:33:10.502] [DEBUG] debug-file - Current idle worker size: 1.
[2026-04-15T20:33:10.436] [DEBUG] debug-file - hvigorfile, binding system plugins [Function: hapTasks]
[2026-04-15T20:33:10.449] [DEBUG] debug-file - Module 'entry' target 'default' build option initialized
[2026-04-15T20:33:10.476] [DEBUG] debug-file - runTaskFromQueue task cost before running: 1 s 370 ms 
[2026-04-15T20:33:10.474] [DEBUG] debug-file - clean: Worker pool is inactive.
[2026-04-15T20:33:10.502] [DEBUG] debug-file - Current busy worker size: 0.
[2026-04-15T20:33:10.436] [DEBUG] debug-file - Starting plugin build process
[2026-04-15T20:33:10.449] [DEBUG] debug-file - End initialize module-target build option map, moduleName=entry
[2026-04-15T20:33:10.476] [INFO] debug-file - Finished ::clean... after 1 ms 
[2026-04-15T20:33:10.502] [DEBUG] debug-file - Clear worker 1.
[2026-04-15T20:33:10.436] [DEBUG] debug-file - Hap plugin creating...
[2026-04-15T20:33:10.449] [DEBUG] debug-file - Start initialize module-target build option map, moduleName=entry, buildMode=debug
[2026-04-15T20:33:10.476] [DEBUG] debug-file - Executing task :entry:init
[2026-04-15T20:33:10.502] [DEBUG] debug-file - Worker 1 has been cleared.
[2026-04-15T20:33:10.449] [DEBUG] debug-file - Target 'default' config initialized
[2026-04-15T20:33:10.476] [DEBUG] debug-file - entry : init cost memory 0.01263427734375
[2026-04-15T20:33:10.502] [DEBUG] debug-file - Current idle worker size: 0.
[2026-04-15T20:33:10.449] [DEBUG] debug-file - Module 'entry' target 'default' build option initialized
[2026-04-15T20:33:10.476] [DEBUG] debug-file - runTaskFromQueue task cost before running: 1 s 370 ms 
[2026-04-15T20:33:10.502] [DEBUG] debug-file - Current busy worker size: 0.
[2026-04-15T20:33:10.449] [DEBUG] debug-file - End initialize module-target build option map, moduleName=entry
[2026-04-15T20:33:10.477] [INFO] debug-file - Finished :entry:init... after 1 ms 
[2026-04-15T20:33:10.502] [DEBUG] debug-file - hvigor build process will be closed.
[2026-04-15T20:33:10.449] [DEBUG] debug-file - Obtain build option for module 'entry' target 'default'in this build.
[2026-04-15T20:33:10.477] [DEBUG] debug-file - Executing task ::init
[2026-04-15T20:33:10.505] [DEBUG] debug-file - worker[0] exits with exit code 0.
[2026-04-15T20:33:10.452] [DEBUG] debug-file - Module entry task initialization takes 3 ms 
[2026-04-15T20:33:10.506] [DEBUG] debug-file - worker[1] exits with exit code 0.
[2026-04-15T20:33:10.452] [DEBUG] debug-file - Hap plugin register hook start...
[2026-04-15T20:33:10.508] [DEBUG] debug-file - Current worker pool is terminated.
[2026-04-15T20:33:10.452] [DEBUG] debug-file - Hap plugin register hook end...
[2026-04-15T20:33:10.452] [DEBUG] debug-file - Plugin build process completed
[2026-04-15T20:33:10.477] [DEBUG] debug-file - RingtoneKit_Codelab_ : init cost memory 0.01141357421875
[2026-04-15T20:33:10.452] [DEBUG] debug-file - hvigorfile, binding custom plugins []
[2026-04-15T20:33:10.477] [DEBUG] debug-file - runTaskFromQueue task cost before running: 1 s 370 ms 
[2026-04-15T20:33:10.452] [DEBUG] debug-file - hvigorfile, no custom plugins were found in C:\Users\27843\Downloads\RingtoneKit_Codelab_\entry\hvigorfile.ts
[2026-04-15T20:33:10.477] [INFO] debug-file - Finished ::init... after 1 ms 
[2026-04-15T20:33:10.452] [DEBUG] debug-file - hvigorfile, resolve finished C:\Users\27843\Downloads\RingtoneKit_Codelab_\entry\hvigorfile.ts
[2026-04-15T20:33:10.493] [DEBUG] debug-file - Obtain build option for module 'entry' target 'default'in this build.
[2026-04-15T20:33:10.498] [DEBUG] debug-file - Since there is no instance or instance is terminated, create a new worker pool.
[2026-04-15T20:33:10.498] [DEBUG] debug-file - Worker pool is initialized with config:  {
  minPoolNum: 2,
  maxPoolNum: undefined,
  maxCoreSize: undefined,
  cacheCapacity: undefined,
  cacheTtl: undefined
}
[2026-04-15T20:35:06.133] [DEBUG] debug-file - env: nodejsVersion=v18.20.1
[2026-04-15T20:35:06.209] [DEBUG] debug-file - env: daemon=true
[2026-04-15T20:35:06.134] [DEBUG] debug-file - env: hvigor-config.json5 content = {
  modelVersion: '5.0.0',
  dependencies: {},
  execution: {},
  logging: {},
  debugging: {},
  nodeOptions: {}
}
[2026-04-15T20:35:06.885] [DEBUG] debug-file - java daemon tryConnect failed Error: connect ECONNREFUSED 127.0.0.1:45050
[2026-04-15T20:35:06.890] [DEBUG] debug-file - java daemon started at port 45050 pid 105396
[2026-04-15T20:35:06.917] [DEBUG] debug-file - session manager: set active socket. socketId=J66LOlXoE1--GZOcAAAB
[2026-04-15T20:35:07.669] [DEBUG] debug-file - watch worker: worker id should be larger than 0. Nothing will be sent to any worker thread.
[2026-04-15T20:35:07.672] [DEBUG] debug-file - Since there is no instance or instance is terminated, create a new worker pool.
[2026-04-15T20:35:07.673] [DEBUG] debug-file - Worker pool is initialized with config:  {
  minPoolNum: 2,
  maxPoolNum: undefined,
  maxCoreSize: undefined,
  cacheCapacity: undefined,
  cacheTtl: undefined
}
[2026-04-15T20:35:07.674] [DEBUG] debug-file - Create  resident worker with id: 0.
[2026-04-15T20:35:07.675] [DEBUG] debug-file - Create  resident worker with id: 1.
[2026-04-15T20:35:07.677] [DEBUG] debug-file - Workers' log level updated to INFO
[2026-04-15T20:35:07.681] [DEBUG] debug-file - Hvigor init with startParameters:{
  hvigorfileTypeCheck: false,
  parallelExecution: true,
  incrementalExecution: true,
  printStackTrace: false,
  daemon: true,
  analyze: 0,
  logLevel: Level { level: 20000, levelStr: 'INFO', colour: 'green' },
  optimizationStrategy: 'memory',
  hotCompile: undefined,
  hotReloadBuild: undefined,
  customizedParam: undefined
}
[2026-04-15T20:35:07.681] [DEBUG] debug-file - Cache service initialization finished in 1 ms 
[2026-04-15T20:35:07.683] [DEBUG] debug-file - hvigorfile, resolving C:\Users\27843\Downloads\RingtoneKit_Codelab_\hvigorfile.ts
[2026-04-15T20:35:08.868] [DEBUG] debug-file - hvigorfile, require result:  { default: { plugins: [] } }
[2026-04-15T20:35:08.868] [DEBUG] debug-file - hvigorfile, binding system plugins null
[2026-04-15T20:35:08.868] [DEBUG] debug-file - Starting plugin build process
[2026-04-15T20:35:08.868] [DEBUG] debug-file - App plugin prepare start...
[2026-04-15T20:35:08.869] [DEBUG] debug-file - App plugin prepare end...
[2026-04-15T20:35:08.869] [DEBUG] debug-file - App plugin creating...
[2026-04-15T20:35:08.992] [DEBUG] debug-file - App plugin register hook start...
[2026-04-15T20:35:08.992] [DEBUG] debug-file - App plugin register hook end...
[2026-04-15T20:35:08.992] [DEBUG] debug-file - Plugin build process completed
[2026-04-15T20:35:08.993] [DEBUG] debug-file - Start initialize project's product build option map with build mode debug.
[2026-04-15T20:35:08.993] [DEBUG] debug-file - Picking option from product 'default' with build mode 'debug'.
[2026-04-15T20:35:08.993] [DEBUG] debug-file - Product 'default' build option initialized
[2026-04-15T20:35:08.994] [DEBUG] debug-file - End initialize project's product build option map with build mode 'debug'.
[2026-04-15T20:35:08.995] [DEBUG] debug-file - Obtain build option for product 'default'in this build.
[2026-04-15T20:35:08.996] [DEBUG] debug-file - No signingConfig found, initRemoteHspCache failed.
[2026-04-15T20:35:08.997] [DEBUG] debug-file - Local scan or download HarmonyOS sdk components toolchains,ets,js,native,previewer
[2026-04-15T20:35:08.999] [DEBUG] debug-file - Local scan or download hmscore sdk components toolchains,ets,native
[2026-04-15T20:35:09.001] [DEBUG] debug-file - Start recording SDK configuration permission data.
[2026-04-15T20:35:09.024] [DEBUG] debug-file - Sdk init in 28 ms 
[2026-04-15T20:35:09.028] [DEBUG] debug-file - Project task initialization takes 4 ms 
[2026-04-15T20:35:09.029] [DEBUG] debug-file - hvigorfile, binding custom plugins []
[2026-04-15T20:35:09.029] [DEBUG] debug-file - hvigorfile, no custom plugins were found in C:\Users\27843\Downloads\RingtoneKit_Codelab_\hvigorfile.ts
[2026-04-15T20:35:09.029] [DEBUG] debug-file - hvigorfile, resolve finished C:\Users\27843\Downloads\RingtoneKit_Codelab_\hvigorfile.ts
[2026-04-15T20:35:09.029] [DEBUG] debug-file - hvigorfile, resolving C:\Users\27843\Downloads\RingtoneKit_Codelab_\entry\hvigorfile.ts
[2026-04-15T20:35:09.034] [DEBUG] debug-file - hvigorfile, require result:  { default: { plugins: [] } }
[2026-04-15T20:35:09.034] [DEBUG] debug-file - hvigorfile, binding system plugins null
[2026-04-15T20:35:09.034] [DEBUG] debug-file - Starting plugin build process
[2026-04-15T20:35:09.034] [DEBUG] debug-file - Hap plugin creating...
[2026-04-15T20:35:09.035] [DEBUG] debug-file - failed to load cangjie to dynamically generate schemas: Error: Cannot find module '@ohos/cangjie-build-support/index'
Require stack:
- C:\Program Files\Huawei\DevEco Studio\tools\hvigor\hvigor-ohos-plugin\src\plugin\hooks\cangjie-register.js
- C:\Program Files\Huawei\DevEco Studio\tools\hvigor\hvigor-ohos-plugin\src\plugin\strategy\stage-init-strategy.js
- C:\Program Files\Huawei\DevEco Studio\tools\hvigor\hvigor-ohos-plugin\src\plugin\builder\abstract-plugin-builder.js
- C:\Program Files\Huawei\DevEco Studio\tools\hvigor\hvigor-ohos-plugin\src\plugin\builder\app-plugin-builder.js
- C:\Program Files\Huawei\DevEco Studio\tools\hvigor\hvigor-ohos-plugin\src\plugin\factory\plugin-factory.js
- C:\Program Files\Huawei\DevEco Studio\tools\hvigor\hvigor-ohos-plugin\index.js
- C:\Users\27843\Downloads\RingtoneKit_Codelab_\hvigorfile.ts
- C:\Program Files\Huawei\DevEco Studio\tools\hvigor\hvigor\src\base\internal\lifecycle\configuration.js
- C:\Program Files\Huawei\DevEco Studio\tools\hvigor\hvigor\src\base\boot\index.js
- C:\Program Files\Huawei\DevEco Studio\tools\hvigor\hvigor\src\base\daemon\cluster\worker-process-lifecycle.js
- C:\Program Files\Huawei\DevEco Studio\tools\hvigor\hvigor\src\base\daemon\process\daemon-process-boot-script.js
[2026-04-15T20:35:09.045] [DEBUG] debug-file - Start initialize module-target build option map, moduleName=entry, buildMode=debug
[2026-04-15T20:35:09.045] [DEBUG] debug-file - Target 'default' config initialized
[2026-04-15T20:35:09.045] [DEBUG] debug-file - Module 'entry' target 'default' build option initialized
[2026-04-15T20:35:09.045] [DEBUG] debug-file - End initialize module-target build option map, moduleName=entry
[2026-04-15T20:35:09.045] [DEBUG] debug-file - Start initialize module-target build option map, moduleName=entry, buildMode=release
[2026-04-15T20:35:09.045] [DEBUG] debug-file - Target 'default' config initialized
[2026-04-15T20:35:09.047] [DEBUG] debug-file - Module 'entry' target 'default' build option initialized
[2026-04-15T20:35:09.047] [DEBUG] debug-file - End initialize module-target build option map, moduleName=entry
[2026-04-15T20:35:09.047] [DEBUG] debug-file - Start initialize module-target build option map, moduleName=entry, buildMode=debug
[2026-04-15T20:35:09.047] [DEBUG] debug-file - Target 'default' config initialized
[2026-04-15T20:35:09.047] [DEBUG] debug-file - Module 'entry' target 'default' build option initialized
[2026-04-15T20:35:09.047] [DEBUG] debug-file - End initialize module-target build option map, moduleName=entry
[2026-04-15T20:35:09.048] [DEBUG] debug-file - Obtain build option for module 'entry' target 'default'in this build.
[2026-04-15T20:35:09.051] [DEBUG] debug-file - Module entry task initialization takes 3 ms 
[2026-04-15T20:35:09.051] [DEBUG] debug-file - Hap plugin register hook start...
[2026-04-15T20:35:09.051] [DEBUG] debug-file - Hap plugin register hook end...
[2026-04-15T20:35:09.051] [DEBUG] debug-file - Plugin build process completed
[2026-04-15T20:35:09.051] [DEBUG] debug-file - hvigorfile, binding custom plugins []
[2026-04-15T20:35:09.051] [DEBUG] debug-file - hvigorfile, no custom plugins were found in C:\Users\27843\Downloads\RingtoneKit_Codelab_\entry\hvigorfile.ts
[2026-04-15T20:35:09.051] [DEBUG] debug-file - hvigorfile, resolve finished C:\Users\27843\Downloads\RingtoneKit_Codelab_\entry\hvigorfile.ts
[2026-04-15T20:35:09.099] [DEBUG] debug-file - hvigorfile, resolve hvigorfile dependencies in 48 ms 
[2026-04-15T20:35:09.099] [DEBUG] debug-file - project has submodules:entry
[2026-04-15T20:35:09.101] [DEBUG] debug-file - start to load updatedOhPackageInfo to the disk
[2026-04-15T20:35:09.104] [DEBUG] debug-file - load to the disk finished
[2026-04-15T20:35:09.105] [DEBUG] debug-file - Start to initialize dependency information.
[2026-04-15T20:35:09.106] [DEBUG] debug-file - Module RingtoneKit_Codelab_ Collected Dependency: 
[2026-04-15T20:35:09.107] [DEBUG] debug-file - Module RingtoneKit_Codelab_'s total dependency: 0
[2026-04-15T20:35:09.107] [DEBUG] debug-file - Start to initialize dependency information.
[2026-04-15T20:35:09.109] [DEBUG] debug-file - Module entry Collected Dependency: 
[2026-04-15T20:35:09.109] [DEBUG] debug-file - Module entry's total dependency: 0
[2026-04-15T20:35:09.112] [DEBUG] debug-file - Configuration phase cost:1 s 430 ms 
[2026-04-15T20:35:09.113] [DEBUG] debug-file - Configuration task cost before running: 1 s 437 ms 
[2026-04-15T20:35:09.117] [DEBUG] debug-file - Executing task :entry:default@PreBuild
[2026-04-15T20:35:09.118] [WARN] debug-file - The project has not explicitly set the 'targetSdkVersion' version at build-profile.json5. It is recommended to configure it. Reference: https://developer.huawei.com/consumer/cn/doc/harmonyos-guides/ide-hvigor-build-profile-app#section45865492619
[2026-04-15T20:35:09.118] [DEBUG] debug-file - Task 'entry:default@PreBuild' cost while wrapping incremental declarations: 1 ms 
[2026-04-15T20:35:09.206] [DEBUG] debug-file - current product is not Atomic service.
[2026-04-15T20:35:09.206] [DEBUG] debug-file - Use tool [win32: JAVA_HOME, CLASSPATH]
 [
  { JAVA_HOME: 'C:\\Program Files\\Huawei\\DevEco Studio\\jbr' },
  { CLASSPATH: undefined }
]
[2026-04-15T20:35:09.207] [DEBUG] debug-file - Use tool [win32: NODE_HOME]
 [
  {
    NODE_HOME: 'C:\\Program Files\\Huawei\\DevEco Studio\\tools\\node'
  }
]
[2026-04-15T20:35:09.208] [DEBUG] debug-file - entry : default@PreBuild cost memory 11.1322021484375
[2026-04-15T20:35:09.208] [DEBUG] debug-file - runTaskFromQueue task cost before running: 1 s 531 ms 
[2026-04-15T20:35:09.209] [INFO] debug-file - Finished :entry:default@PreBuild... after 91 ms 
[2026-04-15T20:35:09.210] [DEBUG] debug-file - Executing task :entry:default@CreateModuleInfo
[2026-04-15T20:35:09.210] [DEBUG] debug-file - Task 'entry:default@CreateModuleInfo' cost while wrapping incremental declarations: 1 ms 
[2026-04-15T20:35:09.211] [DEBUG] debug-file - entry : default@CreateModuleInfo cost memory 0.0429534912109375
[2026-04-15T20:35:09.211] [DEBUG] debug-file - runTaskFromQueue task cost before running: 1 s 534 ms 
[2026-04-15T20:35:09.211] [INFO] debug-file - Finished :entry:default@CreateModuleInfo... after 1 ms 
[2026-04-15T20:35:09.212] [DEBUG] debug-file - Executing task :entry:default@GenerateMetadata
[2026-04-15T20:35:09.212] [DEBUG] debug-file - Task 'entry:default@GenerateMetadata' cost while wrapping incremental declarations: 1 ms 
[2026-04-15T20:35:09.215] [DEBUG] debug-file - entry : default@GenerateMetadata cost memory 0.0661773681640625
[2026-04-15T20:35:09.215] [DEBUG] debug-file - runTaskFromQueue task cost before running: 1 s 538 ms 
[2026-04-15T20:35:09.215] [INFO] debug-file - Finished :entry:default@GenerateMetadata... after 3 ms 
[2026-04-15T20:35:09.216] [DEBUG] debug-file - Executing task :entry:default@ConfigureCmake
[2026-04-15T20:35:09.216] [DEBUG] debug-file - entry : default@ConfigureCmake cost memory 0.01448822021484375
[2026-04-15T20:35:09.216] [DEBUG] debug-file - runTaskFromQueue task cost before running: 1 s 539 ms 
[2026-04-15T20:35:09.216] [INFO] debug-file - Finished :entry:default@ConfigureCmake... after 1 ms 
[2026-04-15T20:35:09.217] [DEBUG] debug-file - Executing task :entry:default@MergeProfile
[2026-04-15T20:35:09.217] [DEBUG] debug-file - Task 'entry:default@MergeProfile' cost while wrapping incremental declarations: 1 ms 
[2026-04-15T20:35:09.218] [DEBUG] debug-file - Change app api release type with 'Release'
[2026-04-15T20:35:09.218] [DEBUG] debug-file - Change app compile API version with '6.0.2.130'
[2026-04-15T20:35:09.218] [DEBUG] debug-file - Change app target API version with '60002022'
[2026-04-15T20:35:09.218] [DEBUG] debug-file - Change app minimum API version with '50000012'
[2026-04-15T20:35:09.218] [DEBUG] debug-file - Use cli appEnvironment
[2026-04-15T20:35:09.220] [DEBUG] debug-file - entry : default@MergeProfile cost memory 0.14943695068359375
[2026-04-15T20:35:09.220] [DEBUG] debug-file - runTaskFromQueue task cost before running: 1 s 543 ms 
[2026-04-15T20:35:09.220] [INFO] debug-file - Finished :entry:default@MergeProfile... after 4 ms 
[2026-04-15T20:35:09.221] [DEBUG] debug-file - Executing task :entry:default@CreateBuildProfile
[2026-04-15T20:35:09.222] [DEBUG] debug-file - Task 'entry:default@CreateBuildProfile' cost while wrapping incremental declarations: 1 ms 
[2026-04-15T20:35:09.223] [DEBUG] debug-file - entry : default@CreateBuildProfile cost memory 0.0687255859375
[2026-04-15T20:35:09.224] [DEBUG] debug-file - runTaskFromQueue task cost before running: 1 s 547 ms 
[2026-04-15T20:35:09.224] [INFO] debug-file - Finished :entry:default@CreateBuildProfile... after 3 ms 
[2026-04-15T20:35:09.224] [DEBUG] debug-file - Executing task :entry:default@PreCheckSyscap
[2026-04-15T20:35:09.225] [DEBUG] debug-file - entry : default@PreCheckSyscap cost memory 0.0147247314453125
[2026-04-15T20:35:09.225] [DEBUG] debug-file - runTaskFromQueue task cost before running: 1 s 548 ms 
[2026-04-15T20:35:09.225] [INFO] debug-file - Finished :entry:default@PreCheckSyscap... after 1 ms 
[2026-04-15T20:35:09.226] [DEBUG] debug-file - Executing task :entry:default@GeneratePkgContextInfo
[2026-04-15T20:35:09.232] [DEBUG] debug-file - Task 'entry:default@GeneratePkgContextInfo' cost while wrapping incremental declarations: 1 ms 
[2026-04-15T20:35:09.232] [DEBUG] debug-file - entry : default@GeneratePkgContextInfo cost memory 0.47168731689453125
[2026-04-15T20:35:09.232] [DEBUG] debug-file - runTaskFromQueue task cost before running: 1 s 556 ms 
[2026-04-15T20:35:09.232] [INFO] debug-file - Finished :entry:default@GeneratePkgContextInfo... after 6 ms 
[2026-04-15T20:35:09.235] [DEBUG] debug-file - Executing task :entry:default@ProcessIntegratedHsp
[2026-04-15T20:35:09.235] [DEBUG] debug-file - entry : default@ProcessIntegratedHsp cost memory 0.0305328369140625
[2026-04-15T20:35:09.235] [DEBUG] debug-file - runTaskFromQueue task cost before running: 1 s 559 ms 
[2026-04-15T20:35:09.235] [INFO] debug-file - Finished :entry:default@ProcessIntegratedHsp... after 1 ms 
[2026-04-15T20:35:09.236] [DEBUG] debug-file - Executing task :entry:default@BuildNativeWithCmake
[2026-04-15T20:35:09.237] [DEBUG] debug-file - entry : default@BuildNativeWithCmake cost memory 0.0148773193359375
[2026-04-15T20:35:09.237] [DEBUG] debug-file - runTaskFromQueue task cost before running: 1 s 560 ms 
[2026-04-15T20:35:09.237] [INFO] debug-file - Finished :entry:default@BuildNativeWithCmake... after 1 ms 
[2026-04-15T20:35:09.237] [DEBUG] debug-file - Executing task :entry:default@MakePackInfo
[2026-04-15T20:35:09.238] [DEBUG] debug-file - Module Pack Info:  {
  summary: {
    app: { bundleName: 'c***n', bundleType: 'app', version: [Object] },
    modules: [ [Object] ]
  },
  packages: [
    {
      deviceType: [Array],
      moduleType: 'entry',
      deliveryWithInstall: true,
      name: 'entry-default'
    }
  ]
}
[2026-04-15T20:35:09.240] [DEBUG] debug-file - entry : default@MakePackInfo cost memory 0.10094451904296875
[2026-04-15T20:35:09.240] [DEBUG] debug-file - runTaskFromQueue task cost before running: 1 s 563 ms 
[2026-04-15T20:35:09.240] [INFO] debug-file - Finished :entry:default@MakePackInfo... after 3 ms 
[2026-04-15T20:35:09.241] [DEBUG] debug-file - Executing task :entry:default@SyscapTransform
[2026-04-15T20:35:09.241] [DEBUG] debug-file - File: 'C:\Users\27843\Downloads\RingtoneKit_Codelab_\entry\src\main\syscap.json' from 'sysCapJsonPath' is not exists, just ignore.
[2026-04-15T20:35:09.242] [DEBUG] debug-file - Task 'entry:default@SyscapTransform' cost while wrapping incremental declarations: 1 ms 
[2026-04-15T20:35:09.242] [DEBUG] debug-file - entry : default@SyscapTransform cost memory 0.0550079345703125
[2026-04-15T20:35:09.242] [DEBUG] debug-file - runTaskFromQueue task cost before running: 1 s 566 ms 
[2026-04-15T20:35:09.242] [INFO] debug-file - Finished :entry:default@SyscapTransform... after 2 ms 
[2026-04-15T20:35:09.244] [DEBUG] debug-file - Executing task :entry:default@ProcessProfile
[2026-04-15T20:35:09.244] [DEBUG] debug-file - Task 'entry:default@ProcessProfile' cost while wrapping incremental declarations: 1 ms 
[2026-04-15T20:35:09.246] [DEBUG] debug-file - [
  'C:\\Program Files\\Huawei\\DevEco Studio\\tools\\node\\node.exe',
  'C:\\Program Files\\Huawei\\DevEco Studio\\sdk\\default\\openharmony\\ets\\build-tools\\ets-loader\\bin\\ark\\ts2abc.js',
  '--target-api-version',
  '12',
  '--target-api-sub-version',
  'beta1'
]
[2026-04-15T20:35:09.319] [DEBUG] debug-file - 12.0.2.0
[2026-04-15T20:35:09.322] [DEBUG] debug-file - No need to add fake ui ability because of not in preview process.
[2026-04-15T20:35:09.323] [DEBUG] debug-file - entry : default@ProcessProfile cost memory 2.2143707275390625
[2026-04-15T20:35:09.323] [DEBUG] debug-file - runTaskFromQueue task cost before running: 1 s 646 ms 
[2026-04-15T20:35:09.323] [INFO] debug-file - Finished :entry:default@ProcessProfile... after 80 ms 
[2026-04-15T20:35:09.324] [DEBUG] debug-file - Executing task :entry:default@ProcessRouterMap
[2026-04-15T20:35:09.326] [DEBUG] debug-file - entry : default@ProcessRouterMap cost memory 0.0897369384765625
[2026-04-15T20:35:09.326] [DEBUG] debug-file - runTaskFromQueue task cost before running: 1 s 650 ms 
[2026-04-15T20:35:09.327] [INFO] debug-file - Finished :entry:default@ProcessRouterMap... after 3 ms 
[2026-04-15T20:35:09.328] [DEBUG] debug-file - Executing task :entry:default@ProcessShareConfig
[2026-04-15T20:35:09.329] [DEBUG] debug-file - entry : default@ProcessShareConfig cost memory 0.0704345703125
[2026-04-15T20:35:09.329] [DEBUG] debug-file - runTaskFromQueue task cost before running: 1 s 653 ms 
[2026-04-15T20:35:09.330] [INFO] debug-file - Finished :entry:default@ProcessShareConfig... after 2 ms 
[2026-04-15T20:35:09.331] [DEBUG] debug-file - Executing task :entry:default@ProcessStartupConfig
[2026-04-15T20:35:09.331] [DEBUG] debug-file - Task 'entry:default@ProcessStartupConfig' cost while wrapping incremental declarations: 1 ms 
[2026-04-15T20:35:09.332] [DEBUG] debug-file - entry : default@ProcessStartupConfig cost memory 0.063873291015625
[2026-04-15T20:35:09.332] [DEBUG] debug-file - runTaskFromQueue task cost before running: 1 s 655 ms 
[2026-04-15T20:35:09.332] [INFO] debug-file - Finished :entry:default@ProcessStartupConfig... after 1 ms 
[2026-04-15T20:35:09.333] [DEBUG] debug-file - Executing task :entry:default@BuildNativeWithNinja
[2026-04-15T20:35:09.334] [DEBUG] debug-file - entry : default@BuildNativeWithNinja cost memory 0.02822113037109375
[2026-04-15T20:35:09.334] [DEBUG] debug-file - runTaskFromQueue task cost before running: 1 s 657 ms 
[2026-04-15T20:35:09.334] [INFO] debug-file - Finished :entry:default@BuildNativeWithNinja... after 2 ms 
[2026-04-15T20:35:09.335] [DEBUG] debug-file - restool module names: entry; moduleName=entry, taskName=default@ProcessResource
[2026-04-15T20:35:09.337] [DEBUG] debug-file - Executing task :entry:default@ProcessResource
[2026-04-15T20:35:09.337] [DEBUG] debug-file - Task 'entry:default@ProcessResource' cost while wrapping incremental declarations: 1 ms 
[2026-04-15T20:35:09.338] [DEBUG] debug-file - entry : default@ProcessResource cost memory 0.1251373291015625
[2026-04-15T20:35:09.339] [DEBUG] debug-file - runTaskFromQueue task cost before running: 1 s 662 ms 
[2026-04-15T20:35:09.340] [INFO] debug-file - Finished :entry:default@ProcessResource... after 3 ms 
[2026-04-15T20:35:09.341] [DEBUG] debug-file - Executing task :entry:default@GenerateLoaderJson
[2026-04-15T20:35:09.344] [DEBUG] debug-file - Task 'entry:default@GenerateLoaderJson' cost while wrapping incremental declarations: 3 ms 
[2026-04-15T20:35:09.351] [DEBUG] debug-file - entry : default@GenerateLoaderJson cost memory -10.229751586914062
[2026-04-15T20:35:09.351] [DEBUG] debug-file - runTaskFromQueue task cost before running: 1 s 674 ms 
[2026-04-15T20:35:09.352] [INFO] debug-file - Finished :entry:default@GenerateLoaderJson... after 10 ms 
[2026-04-15T20:35:09.353] [DEBUG] debug-file - Executing task :entry:default@ProcessLibs
[2026-04-15T20:35:09.357] [DEBUG] debug-file - Worker dispatch failed, running processLibs on main thread.
[2026-04-15T20:35:09.358] [DEBUG] debug-file - entry : default@ProcessLibs cost memory 0.4074859619140625
[2026-04-15T20:35:09.358] [DEBUG] debug-file - runTaskFromQueue task cost before running: 1 s 682 ms 
[2026-04-15T20:35:09.359] [INFO] debug-file - Finished :entry:default@ProcessLibs... after 5 ms 
[2026-04-15T20:35:09.359] [DEBUG] debug-file - restool module names: entry; moduleName=entry, taskName=default@CompileResource
[2026-04-15T20:35:09.360] [DEBUG] debug-file - Executing task :entry:default@CompileResource
[2026-04-15T20:35:09.428] [DEBUG] debug-file - Use tool [C:\Program Files\Huawei\DevEco Studio\sdk\default\openharmony\toolchains\restool.exe]
 [
  'C:\\Program Files\\Huawei\\DevEco Studio\\sdk\\default\\openharmony\\toolchains\\restool.exe',
  '-l',
  'C:\\Users\\27843\\Downloads\\RingtoneKit_Codelab_\\entry\\build\\default\\intermediates\\res\\default\\resConfig.json'
]
[2026-04-15T20:35:09.429] [DEBUG] debug-file - current process  memoryUsage: {
  rss: 290955264,
  heapTotal: 182423552,
  heapUsed: 160622832,
  external: 3437079,
  arrayBuffers: 535883
} os memoryUsage :18.390567779541016
[2026-04-15T20:35:09.479] [DEBUG] debug-file - Info: Pack: normal pack mode

[2026-04-15T20:35:09.544] [DEBUG] debug-file - Info: hardware concurrency count is : 32
Info: thread count is : 32

[2026-04-15T20:35:09.545] [DEBUG] debug-file - Info: thread pool is started

[2026-04-15T20:35:09.546] [DEBUG] debug-file - Info: GenericCompiler::CompileFiles

[2026-04-15T20:35:09.551] [DEBUG] debug-file - Info: GenericCompiler::CompileFiles

[2026-04-15T20:35:09.553] [DEBUG] debug-file - Info: GenericCompiler::CompileFiles

[2026-04-15T20:35:09.558] [DEBUG] debug-file - 04-15 20:35:09.558 26292 103896 E C01400/ImageTranscoderUtils: DecodeToRGBA IN
04-15 20:35:09.558 26292 103896 E C01400/ImageTranscoderUtils: ImageFilter IN C:\Users\27843\Downloads\RingtoneKit_Codelab_\AppScope\resources\base\media\app_icon.png

[2026-04-15T20:35:09.563] [DEBUG] debug-file - 04-15 20:35:09.563 26292 103896 E C01400/ImageTranscoder: TranscodeSLR Only zoom-out is supported.

[2026-04-15T20:35:09.563] [DEBUG] debug-file - Warning: ScaleImage failed, error message: INVALID_PARAMETERS, file path = C:\Users\27843\Downloads\RingtoneKit_Codelab_\AppScope\resources\base\media\app_icon.png

[2026-04-15T20:35:09.565] [DEBUG] debug-file - 04-15 20:35:09.565 26292 103896 E C01400/ImageTranscoderUtils: DecodeToRGBA IN
04-15 20:35:09.565 26292 103896 E C01400/ImageTranscoderUtils: ImageFilter IN C:\Users\27843\Downloads\RingtoneKit_Codelab_\entry\src\main\resources\base\media\icon.png

[2026-04-15T20:35:09.565] [DEBUG] debug-file - 04-15 20:35:09.565 26292 103896 E C01400/ImageTranscoder: TranscodeSLR Only zoom-out is supported.
Warning: ScaleImage failed, error message: INVALID_PARAMETERS, file path = C:\Users\27843\Downloads\RingtoneKit_Codelab_\entry\src\main\resources\base\media\icon.png

[2026-04-15T20:35:09.568] [DEBUG] debug-file - Info: restool resources compile success.

[2026-04-15T20:35:09.568] [DEBUG] debug-file - Info: thread pool is stopped

[2026-04-15T20:35:09.630] [DEBUG] debug-file - entry : default@CompileResource cost memory -25.384986877441406
[2026-04-15T20:35:09.630] [DEBUG] debug-file - runTaskFromQueue task cost before running: 1 s 953 ms 
[2026-04-15T20:35:09.630] [INFO] debug-file - Finished :entry:default@CompileResource... after 270 ms 
[2026-04-15T20:35:09.631] [DEBUG] debug-file - Executing task :entry:default@DoNativeStrip
[2026-04-15T20:35:09.631] [DEBUG] debug-file - Task 'entry:default@DoNativeStrip' cost while wrapping incremental declarations: 1 ms 
[2026-04-15T20:35:09.633] [DEBUG] debug-file - entry : default@DoNativeStrip cost memory 0.072784423828125
[2026-04-15T20:35:09.633] [DEBUG] debug-file - runTaskFromQueue task cost before running: 1 s 957 ms 
[2026-04-15T20:35:09.633] [INFO] debug-file - Finished :entry:default@DoNativeStrip... after 2 ms 
[2026-04-15T20:35:09.634] [DEBUG] debug-file - Executing task :entry:default@CompileArkTS
[2026-04-15T20:35:09.635] [DEBUG] debug-file - obfuscationOptions: undefined
[2026-04-15T20:35:09.635] [DEBUG] debug-file - Task 'entry:default@CompileArkTS' cost while wrapping incremental declarations: 1 ms 
[2026-04-15T20:35:09.644] [DEBUG] debug-file - build config:
[2026-04-15T20:35:09.645] [DEBUG] debug-file - {
  moduleType: 'entry',
  perf: 0,
  targetName: '.default',
  packageManagerType: 'ohpm',
  localPropertiesPath: 'C:\\Users\\27843\\Downloads\\RingtoneKit_Codelab_\\local.properties',
  isPreview: false,
  isOhosTest: false,
  isLocalTest: false,
  buildMode: 'Debug',
  hotReloadBuild: undefined,
  watchMode: 'false',
  aceProfilePath: 'C:\\Users\\27843\\Downloads\\RingtoneKit_Codelab_\\entry\\build\\default\\intermediates\\res\\default\\resources\\base\\profile',
  etsLoaderPath: 'C:\\Program Files\\Huawei\\DevEco Studio\\sdk\\default\\openharmony\\ets\\build-tools\\ets-loader',
  modulePath: 'C:\\Users\\27843\\Downloads\\RingtoneKit_Codelab_\\entry',
  testFrameworkPar: {
    testMode: undefined,
    coveragePathFilter: undefined,
    coverageMode: undefined
  },
  needCoverageInsert: false,
  debugLine: false,
  projectTopDir: 'C:\\Users\\27843\\Downloads\\RingtoneKit_Codelab_',
  compileSdkVersion: 22,
  compatibleSdkVersion: 12,
  originCompatibleSdkVersion: '5.0.0(12)',
  compatibleSdkVersionStage: 'beta1',
  bundleName: 'c***n',
  etsLoaderVersion: '6.0.2.130',
  etsLoaderReleaseType: 'Release',
  aotCompileMode: 'type',
  apPath: 'C:\\Users\\27843\\Downloads\\RingtoneKit_Codelab_\\entry\\modules.ap',
  entryModuleName: 'entry',
  entryModuleVersion: '1.0.0',
  entryPackageName: 'entry',
  allModuleNameHash: 'db44f8a8a620383b923efb1105d6d0eb296559a94ef72a4510286f2511f87786',
  externalApiPaths: [
    'C:\\Program Files\\Huawei\\DevEco Studio\\sdk\\default\\hms\\ets'
  ],
  compilerTypes: [],
  isCrossplatform: false,
  hvigorPluginFile: undefined,
  compilePluginPath: undefined,
  buildGeneratedProfilePath: 'C:\\Users\\27843\\Downloads\\RingtoneKit_Codelab_\\entry\\build\\default\\generated\\profile\\default',
  bundleType: 'app',
  arkTSVersion: undefined,
  apiVersion: 22,
  needCompleteSourcesMap: false,
  isFaMode: false,
  buildDir: 'C:\\Users\\27843\\Downloads\\RingtoneKit_Codelab_\\entry\\build',
  deviceTypes: [ 'phone', 'tablet' ],
  pkgContextInfo: undefined,
  ohPackagePathMap: {},
  dependencyAliasMap: {},
  permission: { requestPermissions: undefined, definePermissions: undefined },
  useGetCurrentBundleName: false,
  projectArkOption: undefined,
  sourceMapDir: undefined,
  branchElimination: false,
  transformLib: undefined,
  tsImportSendable: false,
  resolveConflictMode: true,
  depName2RootPath: {},
  depName2DepInfo: {},
  rootPathSet: [ 'C:\\Users\\27843\\Downloads\\RingtoneKit_Codelab_' ],
  useNativeResolver: true,
  shouldEmitJs: true,
  useTscResolve: false,
  singleFileEmit: false,
  userProjectConfig: {
    autoLazyImport: false,
    allowEmptyBundleName: false,
    reExportCheckMode: 'noCheck',
    executionMode: 'memory',
    usePathPlaceholder: false,
    writeRollupCache: true,
    isExpandImportEnabled: false,
    expandImportExclude: '',
    lazyImportExclude: '',
    lazyImportInclude: '',
    ignoreCrossplatformCheck: false,
    isHarDeduplicateEnabled: false,
    skipOhModulesLint: false,
    enableStrictCheckOHModule: false,
    disableSendableCheckRules: [],
    useDeclarationFileSignature: false,
    customizedOptions: undefined,
    integratedHsp: false,
    isPreloadSoEnabled: false
  },
  executionMode: 'memory',
  arkCompileCachePath: 'C:\\Users\\27843\\Downloads\\RingtoneKit_Codelab_\\entry\\build\\default\\cache\\default\\default@CompileArkTS\\esmodule',
  autoLazyFilter: undefined,
  isHarDeduplicateEnabled: false,
  intermediateHarDuplicateDirPath: 'C:\\Users\\27843\\Downloads\\RingtoneKit_Codelab_\\entry\\build\\default\\intermediates\\har_duplicate\\default',
  autoLazyImport: false,
  allowEmptyBundleName: false,
  reExportCheckMode: 'noCheck',
  usePathPlaceholder: false,
  writeRollupCache: true,
  isExpandImportEnabled: false,
  expandImportExclude: '',
  lazyImportExclude: '',
  lazyImportInclude: '',
  ignoreCrossplatformCheck: false,
  skipOhModulesLint: false,
  enableStrictCheckOHModule: false,
  disableSendableCheckRules: [],
  useDeclarationFileSignature: false,
  customizedOptions: undefined,
  integratedHsp: false,
  isPreloadSoEnabled: false,
  strictMode: undefined,
  useNormalizedOHMUrl: false,
  caseSensitiveCheck: false,
  aceModuleJsonPath: 'C:\\Users\\27843\\Downloads\\RingtoneKit_Codelab_\\entry\\build\\default\\intermediates\\res\\default\\ark_module.json',
  appResource: 'C:\\Users\\27843\\Downloads\\RingtoneKit_Codelab_\\entry\\build\\default\\intermediates\\res\\default\\ResourceTable.txt',
  rawFileResource: 'C:\\Users\\27843\\Downloads\\RingtoneKit_Codelab_\\entry\\build\\default\\intermediates\\res\\default\\resources\\rawfile',
  resourceTableHash: '0a5e461b8cc472af07d60289bf2402599b7c63db39b7448590c7effc1f3dc134',
  runtimeOS: 'HarmonyOS',
  sdkInfo: 'false:22:6.0.2.130:Release',
  aceModuleRoot: 'C:\\Users\\27843\\Downloads\\RingtoneKit_Codelab_\\entry\\src\\main\\ets',
  compileMode: 'esmodule',
  aceSuperVisualPath: 'C:\\Users\\27843\\Downloads\\RingtoneKit_Codelab_\\entry\\src\\main\\supervisual',
  aceBuildJson: 'C:\\Users\\27843\\Downloads\\RingtoneKit_Codelab_\\entry\\build\\default\\intermediates\\loader\\default\\loader.json',
  cachePath: 'C:\\Users\\27843\\Downloads\\RingtoneKit_Codelab_\\entry\\build\\default\\cache\\default\\default@CompileArkTS\\esmodule\\debug',
  aceModuleBuild: 'C:\\Users\\27843\\Downloads\\RingtoneKit_Codelab_\\entry\\build\\default\\intermediates\\loader_out\\default\\ets',
  supportChunks: true,
  declaredFilesPath: undefined,
  shouldCollectDirectImportees: false,
  isByteCodeHarOptimize: false,
  expandImportPath: undefined,
  pkgNameToPkgBriefInfo: {
    entry: {
      pkgRoot: 'C:\\Users\\27843\\Downloads\\RingtoneKit_Codelab_\\entry',
      originalSourceRoots: undefined,
      sourceRoots: [Array],
      pkgName: 'entry'
    }
  },
  projectModel: {
    'C:\\Users\\27843\\Downloads\\RingtoneKit_Codelab_\\entry\\src\\main': {
      moduleName: 'entry',
      modulePkgPath: 'C:\\Users\\27843\\Downloads\\RingtoneKit_Codelab_\\entry',
      belongProjectPath: 'C:\\Users\\27843\\Downloads\\RingtoneKit_Codelab_'
    },
    'C:\\Users\\27843\\Downloads\\RingtoneKit_Codelab_\\entry': {
      moduleName: 'entry',
      modulePkgPath: 'C:\\Users\\27843\\Downloads\\RingtoneKit_Codelab_\\entry',
      belongProjectPath: 'C:\\Users\\27843\\Downloads\\RingtoneKit_Codelab_'
    },
    'C:\\Users\\27843\\Downloads\\RingtoneKit_Codelab_': {
      moduleName: 'RingtoneKit_Codelab_',
      modulePkgPath: 'C:\\Users\\27843\\Downloads\\RingtoneKit_Codelab_',
      belongProjectPath: 'C:\\Users\\27843\\Downloads\\RingtoneKit_Codelab_'
    }
  },
  pkgJsonFileHash: '2d3aabe892cb47a8d32dc51369771e7583ba0b181fb1299d8dac661ceb735d99',
  allModulePaths: [ 'C:\\Users\\27843\\Downloads\\RingtoneKit_Codelab_\\entry' ],
  routerMap: {},
  obfuscationOptions: undefined,
  byteCodeHarToDependencyKeys: undefined,
  compileBlockPkg: [],
  mockParams: {
    decorator: '@MockSetup',
    packageName: '@ohos/hamock',
    etsSourceRootPath: 'src/main/ets',
    mockConfigPath: undefined,
    mockConfigKey2ModuleInfo: {},
    source2ModuleIdMap: {}
  },
  copyCodeResourceEnable: true,
  copyCodeResourceExcludes: [],
  copyCodeResourceIncludes: undefined,
  uiTransformOptimization: false,
  sdkPath: 'C:/Program Files/Huawei/DevEco Studio/sdk',
  needPreloadSoFileSet: {},
  preloadSoFilePath: 'C:\\Users\\27843\\Downloads\\RingtoneKit_Codelab_\\entry\\build\\default\\intermediates\\preload\\default\\preload.json',
  useSourceHash: false,
  localModuleParamMap: {},
  otherPaths: {
    'entry/*': [
      '..\\*',
      '..\\..\\..\\build\\default\\generated\\profile\\default\\*'
    ]
  },
  collectImportersConfig: undefined
}
[2026-04-15T20:35:09.645] [DEBUG] debug-file - Compile arkts with external api path: C:\Program Files\Huawei\DevEco Studio\sdk\default\hms\ets
[2026-04-15T20:35:09.646] [DEBUG] debug-file - default@CompileArkTS work[0] is submitted.
[2026-04-15T20:35:09.646] [DEBUG] debug-file - default@CompileArkTS work[0] is pushed to ready queue.
[2026-04-15T20:35:09.646] [DEBUG] debug-file - A work dispatched to worker[31] failed because unable to get work from ready queue.
[2026-04-15T20:35:09.646] [DEBUG] debug-file - A work dispatched to worker[30] failed because unable to get work from ready queue.
[2026-04-15T20:35:09.646] [DEBUG] debug-file - A work dispatched to worker[29] failed because unable to get work from ready queue.
[2026-04-15T20:35:09.646] [DEBUG] debug-file - A work dispatched to worker[28] failed because unable to get work from ready queue.
[2026-04-15T20:35:09.646] [DEBUG] debug-file - A work dispatched to worker[27] failed because unable to get work from ready queue.
[2026-04-15T20:35:09.646] [DEBUG] debug-file - A work dispatched to worker[26] failed because unable to get work from ready queue.
[2026-04-15T20:35:09.646] [DEBUG] debug-file - A work dispatched to worker[25] failed because unable to get work from ready queue.
[2026-04-15T20:35:09.646] [DEBUG] debug-file - A work dispatched to worker[24] failed because unable to get work from ready queue.
[2026-04-15T20:35:09.646] [DEBUG] debug-file - A work dispatched to worker[23] failed because unable to get work from ready queue.
[2026-04-15T20:35:09.647] [DEBUG] debug-file - A work dispatched to worker[22] failed because unable to get work from ready queue.
[2026-04-15T20:35:09.647] [DEBUG] debug-file - A work dispatched to worker[21] failed because unable to get work from ready queue.
[2026-04-15T20:35:09.647] [DEBUG] debug-file - A work dispatched to worker[20] failed because unable to get work from ready queue.
[2026-04-15T20:35:09.647] [DEBUG] debug-file - A work dispatched to worker[19] failed because unable to get work from ready queue.
[2026-04-15T20:35:09.647] [DEBUG] debug-file - A work dispatched to worker[18] failed because unable to get work from ready queue.
[2026-04-15T20:35:09.647] [DEBUG] debug-file - A work dispatched to worker[17] failed because unable to get work from ready queue.
[2026-04-15T20:35:09.647] [DEBUG] debug-file - A work dispatched to worker[16] failed because unable to get work from ready queue.
[2026-04-15T20:35:09.647] [DEBUG] debug-file - A work dispatched to worker[15] failed because unable to get work from ready queue.
[2026-04-15T20:35:09.647] [DEBUG] debug-file - A work dispatched to worker[14] failed because unable to get work from ready queue.
[2026-04-15T20:35:09.647] [DEBUG] debug-file - A work dispatched to worker[13] failed because unable to get work from ready queue.
[2026-04-15T20:35:09.647] [DEBUG] debug-file - A work dispatched to worker[12] failed because unable to get work from ready queue.
[2026-04-15T20:35:09.647] [DEBUG] debug-file - A work dispatched to worker[11] failed because unable to get work from ready queue.
[2026-04-15T20:35:09.647] [DEBUG] debug-file - A work dispatched to worker[10] failed because unable to get work from ready queue.
[2026-04-15T20:35:09.647] [DEBUG] debug-file - A work dispatched to worker[9] failed because unable to get work from ready queue.
[2026-04-15T20:35:09.647] [DEBUG] debug-file - A work dispatched to worker[8] failed because unable to get work from ready queue.
[2026-04-15T20:35:09.647] [DEBUG] debug-file - A work dispatched to worker[7] failed because unable to get work from ready queue.
[2026-04-15T20:35:09.647] [DEBUG] debug-file - A work dispatched to worker[6] failed because unable to get work from ready queue.
[2026-04-15T20:35:09.647] [DEBUG] debug-file - A work dispatched to worker[5] failed because unable to get work from ready queue.
[2026-04-15T20:35:09.647] [DEBUG] debug-file - Create  resident worker with id: 4.
[2026-04-15T20:35:09.648] [DEBUG] debug-file - default@CompileArkTS work[0] has been dispatched to worker[4].
[2026-04-15T20:35:09.648] [DEBUG] debug-file - default@CompileArkTS work[0] is dispatched.
[2026-04-15T20:35:09.648] [DEBUG] debug-file - CopyResources startTime: 15064401752500
[2026-04-15T20:35:09.648] [DEBUG] debug-file - default@CompileArkTS work[1] is submitted.
[2026-04-15T20:35:09.648] [DEBUG] debug-file - default@CompileArkTS work[1] is pushed to ready queue.
[2026-04-15T20:35:09.648] [DEBUG] debug-file - A work dispatched to worker[31] failed because unable to get work from ready queue.
[2026-04-15T20:35:09.648] [DEBUG] debug-file - Create  resident worker with id: 30.
[2026-04-15T20:35:09.649] [DEBUG] debug-file - default@CompileArkTS work[1] has been dispatched to worker[30].
[2026-04-15T20:35:09.649] [DEBUG] debug-file - default@CompileArkTS work[1] is dispatched.
[2026-04-15T20:35:09.649] [DEBUG] debug-file - entry : default@CompileArkTS cost memory 1.6159133911132812
[2026-04-15T20:35:09.650] [DEBUG] debug-file - Executing task :entry:default@BuildJS
[2026-04-15T20:35:09.650] [DEBUG] debug-file - Task 'entry:default@BuildJS' cost while wrapping incremental declarations: 1 ms 
[2026-04-15T20:35:09.651] [DEBUG] debug-file - entry : default@BuildJS cost memory 0.153717041015625
[2026-04-15T20:35:09.651] [DEBUG] debug-file - runTaskFromQueue task cost before running: 1 s 975 ms 
[2026-04-15T20:35:09.651] [INFO] debug-file - Finished :entry:default@BuildJS... after 2 ms 
[2026-04-15T20:35:09.652] [DEBUG] debug-file - Executing task :entry:default@CacheNativeLibs
[2026-04-15T20:35:09.652] [DEBUG] debug-file - Task 'entry:default@CacheNativeLibs' cost while wrapping incremental declarations: 1 ms 
[2026-04-15T20:35:09.652] [DEBUG] debug-file - default@CacheNativeLibs work[2] is submitted.
[2026-04-15T20:35:09.653] [DEBUG] debug-file - default@CacheNativeLibs work[2] is pushed to ready queue.
[2026-04-15T20:35:09.653] [DEBUG] debug-file - A work dispatched to worker[31] failed because unable to get work from ready queue.
[2026-04-15T20:35:09.653] [DEBUG] debug-file - A work dispatched to worker[30] failed because of worker busy.
[2026-04-15T20:35:09.653] [DEBUG] debug-file - Create  resident worker with id: 29.
[2026-04-15T20:35:09.653] [DEBUG] debug-file - default@CacheNativeLibs work[2] has been dispatched to worker[29].
[2026-04-15T20:35:09.653] [DEBUG] debug-file - default@CacheNativeLibs work[2] is dispatched.
[2026-04-15T20:35:09.653] [DEBUG] debug-file - entry : default@CacheNativeLibs cost memory 0.14876556396484375
[2026-04-15T20:35:10.497] [DEBUG] debug-file - worker[30] has one work done.
[2026-04-15T20:35:10.498] [DEBUG] debug-file - CopyResources is end, endTime: 15065251360400
[2026-04-15T20:35:10.498] [DEBUG] debug-file - default@CompileArkTS work[1] done.
[2026-04-15T20:35:10.498] [DEBUG] debug-file - A work dispatched to worker[30] failed because unable to get work from ready queue.
[2026-04-15T20:35:10.574] [DEBUG] debug-file - worker[29] has one work done.
[2026-04-15T20:35:10.574] [DEBUG] debug-file - default@CacheNativeLibs work[2] done.
[2026-04-15T20:35:10.574] [DEBUG] debug-file - A work dispatched to worker[29] failed because unable to get work from ready queue.
[2026-04-15T20:35:10.574] [INFO] debug-file - Finished :entry:default@CacheNativeLibs... after 7 ms 
[2026-04-15T20:35:14.998] [DEBUG] debug-file - worker[4] has one work done.
[2026-04-15T20:35:14.999] [DEBUG] debug-file - Ark compile task finished.finished time is 15069751976400
[2026-04-15T20:35:15.000] [DEBUG] debug-file - default@CompileArkTS work[0] done.
[2026-04-15T20:35:15.000] [DEBUG] debug-file - A work dispatched to worker[4] failed because unable to get work from ready queue.
[2026-04-15T20:35:15.001] [INFO] debug-file - Finished :entry:default@CompileArkTS... after 3 s 432 ms 
[2026-04-15T20:35:15.002] [DEBUG] debug-file - Executing task :entry:default@GeneratePkgModuleJson
[2026-04-15T20:35:15.002] [DEBUG] debug-file - File: 'C:\Users\27843\Downloads\RingtoneKit_Codelab_\entry\build\default\intermediates\preload\default\preload.json' from 'preloadSoJsonPath' is not exists, just ignore.
[2026-04-15T20:35:15.003] [DEBUG] debug-file - Error occurs while handling @Input 'shouldDeduplicateHar': The "data" argument must be of type string or an instance of Buffer, TypedArray, or DataView. Received undefined
[2026-04-15T20:35:15.003] [DEBUG] debug-file - Task 'entry:default@GeneratePkgModuleJson' cost while wrapping incremental declarations: 1 ms 
[2026-04-15T20:35:15.004] [DEBUG] debug-file - entry : default@GeneratePkgModuleJson cost memory 0.1523590087890625
[2026-04-15T20:35:15.004] [DEBUG] debug-file - runTaskFromQueue task cost before running: 7 s 328 ms 
[2026-04-15T20:35:15.005] [INFO] debug-file - Finished :entry:default@GeneratePkgModuleJson... after 3 ms 
[2026-04-15T20:35:15.005] [DEBUG] debug-file - Executing task :entry:default@ProcessCompiledResources
[2026-04-15T20:35:15.005] [DEBUG] debug-file - File: 'C:\Users\27843\Downloads\RingtoneKit_Codelab_\entry\build\default\intermediates\preload\default\preload.json' from 'preloadSoJsonPath' is not exists, just ignore.
[2026-04-15T20:35:15.005] [DEBUG] debug-file - Task 'entry:default@ProcessCompiledResources' cost while wrapping incremental declarations: 1 ms 
[2026-04-15T20:35:15.006] [DEBUG] debug-file - entry : default@ProcessCompiledResources cost memory 0.060272216796875
[2026-04-15T20:35:15.006] [DEBUG] debug-file - runTaskFromQueue task cost before running: 7 s 329 ms 
[2026-04-15T20:35:15.006] [INFO] debug-file - Finished :entry:default@ProcessCompiledResources... after 1 ms 
[2026-04-15T20:35:15.008] [DEBUG] debug-file - Executing task :entry:default@PackageHap
[2026-04-15T20:35:15.010] [DEBUG] debug-file - Use tool [C:\Program Files\Huawei\DevEco Studio\sdk\default\openharmony\toolchains\lib\app_packing_tool.jar]
 [
  'java',
  '-Dfile.encoding=GBK',
  '-jar',
  'C:\\Program Files\\Huawei\\DevEco Studio\\sdk\\default\\openharmony\\toolchains\\lib\\app_packing_tool.jar',
  '--mode',
  'hap',
  '--force',
  'true',
  '--lib-path',
  'C:\\Users\\27843\\Downloads\\RingtoneKit_Codelab_\\entry\\build\\default\\intermediates\\stripped_native_libs\\default',
  '--json-path',
  'C:\\Users\\27843\\Downloads\\RingtoneKit_Codelab_\\entry\\build\\default\\intermediates\\package\\default\\module.json',
  '--resources-path',
  'C:\\Users\\27843\\Downloads\\RingtoneKit_Codelab_\\entry\\build\\default\\intermediates\\res\\default\\resources',
  '--index-path',
  'C:\\Users\\27843\\Downloads\\RingtoneKit_Codelab_\\entry\\build\\default\\intermediates\\res\\default\\resources.index',
  '--pack-info-path',
  'C:\\Users\\27843\\Downloads\\RingtoneKit_Codelab_\\entry\\build\\default\\outputs\\default\\pack.info',
  '--out-path',
  'C:\\Users\\27843\\Downloads\\RingtoneKit_Codelab_\\entry\\build\\default\\outputs\\default\\entry-default-unsigned.hap',
  '--ets-path',
  'C:\\Users\\27843\\Downloads\\RingtoneKit_Codelab_\\entry\\build\\default\\intermediates\\loader_out\\default\\ets'
]
[2026-04-15T20:35:15.240] [DEBUG] debug-file - java daemon socket received message:{"code":0,"message":"pack success"}
[2026-04-15T20:35:15.244] [DEBUG] debug-file - entry : default@PackageHap cost memory 0.48654937744140625
[2026-04-15T20:35:15.244] [DEBUG] debug-file - runTaskFromQueue task cost before running: 7 s 568 ms 
[2026-04-15T20:35:15.245] [INFO] debug-file - Finished :entry:default@PackageHap... after 237 ms 
[2026-04-15T20:35:15.246] [DEBUG] debug-file - Executing task :entry:default@PackingCheck
[2026-04-15T20:35:15.252] [DEBUG] debug-file - entry : default@PackingCheck cost memory 0.5747604370117188
[2026-04-15T20:35:15.253] [DEBUG] debug-file - runTaskFromQueue task cost before running: 7 s 576 ms 
[2026-04-15T20:35:15.253] [INFO] debug-file - Finished :entry:default@PackingCheck... after 7 ms 
[2026-04-15T20:35:15.254] [DEBUG] debug-file - Executing task :entry:default@SignHap
[2026-04-15T20:35:15.254] [WARN] debug-file - Will skip sign 'hos_hap'. No signingConfigs profile is configured in current project.
             If needed, configure the signingConfigs in C:\Users\27843\Downloads\RingtoneKit_Codelab_\build-profile.json5.
[2026-04-15T20:35:15.255] [DEBUG] debug-file - entry : default@SignHap cost memory 0.066802978515625
[2026-04-15T20:35:15.255] [DEBUG] debug-file - runTaskFromQueue task cost before running: 7 s 579 ms 
[2026-04-15T20:35:15.255] [INFO] debug-file - Finished :entry:default@SignHap... after 2 ms 
[2026-04-15T20:35:15.256] [DEBUG] debug-file - Executing task :entry:default@CollectDebugSymbol
[2026-04-15T20:35:15.257] [DEBUG] debug-file - entry : default@CollectDebugSymbol cost memory 0.10364532470703125
[2026-04-15T20:35:15.257] [DEBUG] debug-file - runTaskFromQueue task cost before running: 7 s 581 ms 
[2026-04-15T20:35:15.257] [INFO] debug-file - Finished :entry:default@CollectDebugSymbol... after 1 ms 
[2026-04-15T20:35:15.258] [DEBUG] debug-file - Executing task :entry:assembleHap
[2026-04-15T20:35:15.258] [DEBUG] debug-file - entry : assembleHap cost memory 0.01279449462890625
[2026-04-15T20:35:15.258] [DEBUG] debug-file - runTaskFromQueue task cost before running: 7 s 581 ms 
[2026-04-15T20:35:15.258] [INFO] debug-file - Finished :entry:assembleHap... after 1 ms 
[2026-04-15T20:35:15.278] [INFO] debug-file - BUILD SUCCESSFUL in 7 s 601 ms 
[2026-04-15T20:35:15.279] [DEBUG] debug-file - Update task entry:default@PreBuild input file:C:\Users\27843\Downloads\RingtoneKit_Codelab_\AppScope\app.json5 cache by regenerate.
[2026-04-15T20:35:15.280] [DEBUG] debug-file - Update task entry:default@PreBuild input file:C:\Users\27843\Downloads\RingtoneKit_Codelab_\entry\src\main\module.json5 cache by regenerate.
[2026-04-15T20:35:15.280] [DEBUG] debug-file - Update task entry:default@PreBuild input file:C:\Users\27843\Downloads\RingtoneKit_Codelab_\build-profile.json5 cache by regenerate.
[2026-04-15T20:35:15.280] [DEBUG] debug-file - Update task entry:default@PreBuild input file:C:\Users\27843\Downloads\RingtoneKit_Codelab_\entry\build-profile.json5 cache by regenerate.
[2026-04-15T20:35:15.280] [DEBUG] debug-file - Update task entry:default@PreBuild input file:C:\Users\27843\Downloads\RingtoneKit_Codelab_\entry\src\main\resources\base\profile\main_pages.json cache by regenerate.
[2026-04-15T20:35:15.280] [DEBUG] debug-file - Update task entry:default@PreBuild input file:C:\Users\27843\Downloads\RingtoneKit_Codelab_\hvigor\hvigor-config.json5 cache by regenerate.
[2026-04-15T20:35:15.281] [DEBUG] debug-file - Update task entry:default@PreBuild input file:C:\Users\27843\Downloads\RingtoneKit_Codelab_\entry\oh-package.json5 cache by regenerate.
[2026-04-15T20:35:15.281] [DEBUG] debug-file - Update task entry:default@PreBuild input file:C:\Users\27843\Downloads\RingtoneKit_Codelab_\oh-package.json5 cache by regenerate.
[2026-04-15T20:35:15.281] [DEBUG] debug-file - Incremental task entry:default@PreBuild post-execution cost:3 ms .
[2026-04-15T20:35:15.281] [DEBUG] debug-file - Update task entry:default@CreateModuleInfo output file:C:\Users\27843\Downloads\RingtoneKit_Codelab_\entry\build\default\generated\profile\default\ModuleInfo.ts cache.
[2026-04-15T20:35:15.282] [DEBUG] debug-file - Incremental task entry:default@CreateModuleInfo post-execution cost:1 ms .
[2026-04-15T20:35:15.282] [DEBUG] debug-file - Update task entry:default@GenerateMetadata input file:C:\Users\27843\Downloads\RingtoneKit_Codelab_\entry\src\main\module.json5 cache by regenerate.
[2026-04-15T20:35:15.282] [DEBUG] debug-file - Update task entry:default@GenerateMetadata output file:C:\Users\27843\Downloads\RingtoneKit_Codelab_\entry\build\default\intermediates\hap_metadata\default\output_metadata.json cache.
[2026-04-15T20:35:15.282] [DEBUG] debug-file - Incremental task entry:default@GenerateMetadata post-execution cost:1 ms .
[2026-04-15T20:35:15.282] [DEBUG] debug-file - Update task entry:default@MergeProfile input file:C:\Users\27843\Downloads\RingtoneKit_Codelab_\AppScope\app.json5 cache by regenerate.
[2026-04-15T20:35:15.282] [DEBUG] debug-file - Update task entry:default@MergeProfile input file:C:\Users\27843\Downloads\RingtoneKit_Codelab_\build-profile.json5 cache by regenerate.
[2026-04-15T20:35:15.283] [DEBUG] debug-file - Update task entry:default@MergeProfile input file:C:\Users\27843\Downloads\RingtoneKit_Codelab_\entry\src\main\module.json5 cache by regenerate.
[2026-04-15T20:35:15.283] [DEBUG] debug-file - Update task entry:default@MergeProfile output file:C:\Users\27843\Downloads\RingtoneKit_Codelab_\entry\build\default\intermediates\merge_profile\default\module.json cache.
[2026-04-15T20:35:15.283] [DEBUG] debug-file - Incremental task entry:default@MergeProfile post-execution cost:1 ms .
[2026-04-15T20:35:15.283] [DEBUG] debug-file - Update task entry:default@CreateBuildProfile input file:C:\Users\27843\Downloads\RingtoneKit_Codelab_\AppScope\app.json5 cache by regenerate.
[2026-04-15T20:35:15.283] [DEBUG] debug-file - Update task entry:default@CreateBuildProfile input file:C:\Users\27843\Downloads\RingtoneKit_Codelab_\build-profile.json5 cache by regenerate.
[2026-04-15T20:35:15.284] [DEBUG] debug-file - Update task entry:default@CreateBuildProfile output file:C:\Users\27843\Downloads\RingtoneKit_Codelab_\entry\build\default\generated\profile\default\BuildProfile.ets cache.
[2026-04-15T20:35:15.284] [DEBUG] debug-file - Incremental task entry:default@CreateBuildProfile post-execution cost:1 ms .
[2026-04-15T20:35:15.284] [DEBUG] debug-file - Update task entry:default@GeneratePkgContextInfo output file:C:\Users\27843\Downloads\RingtoneKit_Codelab_\entry\build\default\intermediates\loader\default\pkgContextInfo.json cache.
[2026-04-15T20:35:15.284] [DEBUG] debug-file - Incremental task entry:default@GeneratePkgContextInfo post-execution cost:1 ms .
[2026-04-15T20:35:15.284] [DEBUG] debug-file - Update task entry:default@ProcessIntegratedHsp output file:C:\Users\27843\Downloads\RingtoneKit_Codelab_\build\cache\default\integrated_hsp\integratedHspCache.json cache.
[2026-04-15T20:35:15.284] [DEBUG] debug-file - Incremental task entry:default@ProcessIntegratedHsp post-execution cost:1 ms .
[2026-04-15T20:35:15.284] [DEBUG] debug-file - Update task entry:default@MakePackInfo input file:C:\Users\27843\Downloads\RingtoneKit_Codelab_\AppScope\app.json5 cache by regenerate.
[2026-04-15T20:35:15.285] [DEBUG] debug-file - Update task entry:default@MakePackInfo input file:C:\Users\27843\Downloads\RingtoneKit_Codelab_\entry\src\main\module.json5 cache by regenerate.
[2026-04-15T20:35:15.285] [DEBUG] debug-file - Update task entry:default@MakePackInfo input file:C:\Users\27843\Downloads\RingtoneKit_Codelab_\build-profile.json5 cache by regenerate.
[2026-04-15T20:35:15.285] [DEBUG] debug-file - Update task entry:default@MakePackInfo output file:C:\Users\27843\Downloads\RingtoneKit_Codelab_\entry\build\default\outputs\default\pack.info cache.
[2026-04-15T20:35:15.285] [DEBUG] debug-file - Incremental task entry:default@MakePackInfo post-execution cost:1 ms .
[2026-04-15T20:35:15.285] [DEBUG] debug-file - Update task entry:default@SyscapTransform input file:C:\Program Files\Huawei\DevEco Studio\sdk\default\openharmony\toolchains\syscap_tool.exe cache by regenerate.
[2026-04-15T20:35:15.285] [DEBUG] debug-file - Update task entry:default@SyscapTransform input file:C:\Program Files\Huawei\DevEco Studio\sdk\default\openharmony\ets\api\device-define cache by regenerate.
[2026-04-15T20:35:15.286] [DEBUG] debug-file - Update task entry:default@SyscapTransform output file:C:\Users\27843\Downloads\RingtoneKit_Codelab_\entry\build\default\intermediates\syscap\default\rpcid.sc cache.
[2026-04-15T20:35:15.286] [DEBUG] debug-file - Incremental task entry:default@SyscapTransform post-execution cost:2 ms .
[2026-04-15T20:35:15.286] [DEBUG] debug-file - Update task entry:default@ProcessProfile input file:C:\Users\27843\Downloads\RingtoneKit_Codelab_\entry\build\default\intermediates\merge_profile\default\module.json cache by regenerate.
[2026-04-15T20:35:15.287] [DEBUG] debug-file - Update task entry:default@ProcessProfile output file:C:\Users\27843\Downloads\RingtoneKit_Codelab_\entry\build\default\intermediates\process_profile\default\module.json cache.
[2026-04-15T20:35:15.287] [DEBUG] debug-file - Incremental task entry:default@ProcessProfile post-execution cost:1 ms .
[2026-04-15T20:35:15.287] [DEBUG] debug-file - Update task entry:default@ProcessRouterMap input file:C:\Users\27843\Downloads\RingtoneKit_Codelab_\entry\oh-package.json5 cache by regenerate.
[2026-04-15T20:35:15.287] [DEBUG] debug-file - Update task entry:default@ProcessRouterMap input file:C:\Users\27843\Downloads\RingtoneKit_Codelab_\oh-package.json5 cache by regenerate.
[2026-04-15T20:35:15.288] [DEBUG] debug-file - Update task entry:default@ProcessRouterMap input file:C:\Users\27843\Downloads\RingtoneKit_Codelab_\entry\src\main\module.json5 cache by regenerate.
[2026-04-15T20:35:15.288] [DEBUG] debug-file - Update task entry:default@ProcessRouterMap output file:C:\Users\27843\Downloads\RingtoneKit_Codelab_\entry\build\default\intermediates\router_map\default\temp-router-map.json cache.
[2026-04-15T20:35:15.288] [DEBUG] debug-file - Update task entry:default@ProcessRouterMap output file:C:\Users\27843\Downloads\RingtoneKit_Codelab_\entry\build\default\intermediates\router_map\default\loader-router-map.json cache.
[2026-04-15T20:35:15.288] [DEBUG] debug-file - Incremental task entry:default@ProcessRouterMap post-execution cost:2 ms .
[2026-04-15T20:35:15.288] [DEBUG] debug-file - Update task entry:default@ProcessShareConfig input file:C:\Users\27843\Downloads\RingtoneKit_Codelab_\entry\oh-package.json5 cache by regenerate.
[2026-04-15T20:35:15.289] [DEBUG] debug-file - Update task entry:default@ProcessShareConfig input file:C:\Users\27843\Downloads\RingtoneKit_Codelab_\oh-package.json5 cache by regenerate.
[2026-04-15T20:35:15.289] [DEBUG] debug-file - Update task entry:default@ProcessShareConfig input file:C:\Users\27843\Downloads\RingtoneKit_Codelab_\entry\src\main\module.json5 cache by regenerate.
[2026-04-15T20:35:15.289] [DEBUG] debug-file - Update task entry:default@ProcessShareConfig output file:C:\Users\27843\Downloads\RingtoneKit_Codelab_\entry\build\default\intermediates\share_config\default\temp-share-config.json cache.
[2026-04-15T20:35:15.289] [DEBUG] debug-file - Incremental task entry:default@ProcessShareConfig post-execution cost:1 ms .
[2026-04-15T20:35:15.289] [DEBUG] debug-file - Update task entry:default@ProcessStartupConfig output file:C:\Users\27843\Downloads\RingtoneKit_Codelab_\entry\build\default\intermediates\startup\default\startup_config.json cache.
[2026-04-15T20:35:15.289] [DEBUG] debug-file - Incremental task entry:default@ProcessStartupConfig post-execution cost:1 ms .
[2026-04-15T20:35:15.290] [DEBUG] debug-file - Update task entry:default@ProcessResource output file:C:\Users\27843\Downloads\RingtoneKit_Codelab_\entry\build\default\intermediates\res\default\resConfig.json cache.
[2026-04-15T20:35:15.290] [DEBUG] debug-file - Update task entry:default@ProcessResource output file:C:\Users\27843\Downloads\RingtoneKit_Codelab_\entry\build\default\intermediates\res\default\opt-compression.json cache.
[2026-04-15T20:35:15.290] [DEBUG] debug-file - Incremental task entry:default@ProcessResource post-execution cost:1 ms .
[2026-04-15T20:35:15.290] [DEBUG] debug-file - Update task entry:default@GenerateLoaderJson input file:C:\Users\27843\Downloads\RingtoneKit_Codelab_\entry\build\default\intermediates\router_map\default\temp-router-map.json cache by regenerate.
[2026-04-15T20:35:15.291] [DEBUG] debug-file - Update task entry:default@GenerateLoaderJson output file:C:\Users\27843\Downloads\RingtoneKit_Codelab_\entry\build\default\intermediates\loader\default\loader.json cache.
[2026-04-15T20:35:15.291] [DEBUG] debug-file - Incremental task entry:default@GenerateLoaderJson post-execution cost:1 ms .
[2026-04-15T20:35:15.291] [DEBUG] debug-file - Update task entry:default@ProcessLibs input file:C:\Users\27843\Downloads\RingtoneKit_Codelab_\build-profile.json5 cache by regenerate.
[2026-04-15T20:35:15.291] [DEBUG] debug-file - Update task entry:default@ProcessLibs input file:C:\Users\27843\Downloads\RingtoneKit_Codelab_\entry\build-profile.json5 cache by regenerate.
[2026-04-15T20:35:15.291] [DEBUG] debug-file - Update task entry:default@ProcessLibs output file:C:\Users\27843\Downloads\RingtoneKit_Codelab_\entry\build\default\intermediates\libs\default cache.
[2026-04-15T20:35:15.292] [DEBUG] debug-file - Incremental task entry:default@ProcessLibs post-execution cost:1 ms .
[2026-04-15T20:35:15.292] [DEBUG] debug-file - Update task entry:default@CompileResource input file:C:\Users\27843\Downloads\RingtoneKit_Codelab_\entry\src\main\resources cache by regenerate.
[2026-04-15T20:35:15.294] [DEBUG] debug-file - Update task entry:default@CompileResource input file:C:\Users\27843\Downloads\RingtoneKit_Codelab_\AppScope\resources cache by regenerate.
[2026-04-15T20:35:15.294] [DEBUG] debug-file - Update task entry:default@CompileResource input file:C:\Users\27843\Downloads\RingtoneKit_Codelab_\entry\build\default\intermediates\process_profile\default\module.json cache by regenerate.
[2026-04-15T20:35:15.295] [DEBUG] debug-file - Update task entry:default@CompileResource input file:C:\Users\27843\Downloads\RingtoneKit_Codelab_\entry\build\default\intermediates\res\default\resConfig.json cache by regenerate.
[2026-04-15T20:35:15.295] [DEBUG] debug-file - Update task entry:default@CompileResource output file:C:\Users\27843\Downloads\RingtoneKit_Codelab_\entry\build\default\intermediates\res\default cache.
[2026-04-15T20:35:15.297] [DEBUG] debug-file - Update task entry:default@CompileResource output file:C:\Users\27843\Downloads\RingtoneKit_Codelab_\entry\build\default\generated\r\default\ResourceTable.h cache.
[2026-04-15T20:35:15.297] [DEBUG] debug-file - Update task entry:default@CompileResource output file:C:\Users\27843\Downloads\RingtoneKit_Codelab_\entry\build\default\generated\r\default cache.
[2026-04-15T20:35:15.297] [DEBUG] debug-file - Incremental task entry:default@CompileResource post-execution cost:6 ms .
[2026-04-15T20:35:15.298] [DEBUG] debug-file - Update task entry:default@DoNativeStrip input file:C:\Users\27843\Downloads\RingtoneKit_Codelab_\entry\build\default\intermediates\libs\default cache by regenerate.
[2026-04-15T20:35:15.298] [DEBUG] debug-file - Update task entry:default@DoNativeStrip output file:C:\Users\27843\Downloads\RingtoneKit_Codelab_\entry\build\default\intermediates\stripped_native_libs\default cache.
[2026-04-15T20:35:15.298] [DEBUG] debug-file - Incremental task entry:default@DoNativeStrip post-execution cost:1 ms .
[2026-04-15T20:35:15.299] [DEBUG] debug-file - Update task entry:default@CompileArkTS input file:C:\Users\27843\Downloads\RingtoneKit_Codelab_\entry\build\default\intermediates\loader\default cache by regenerate.
[2026-04-15T20:35:15.299] [DEBUG] debug-file - Update task entry:default@CompileArkTS input file:C:\Users\27843\Downloads\RingtoneKit_Codelab_\entry\build\default\intermediates\res\default\resources\rawfile cache by regenerate.
[2026-04-15T20:35:15.299] [DEBUG] debug-file - Update task entry:default@CompileArkTS input file:C:\Users\27843\Downloads\RingtoneKit_Codelab_\entry\build\default\intermediates\res\default\ResourceTable.txt cache by regenerate.
[2026-04-15T20:35:15.299] [DEBUG] debug-file - Update task entry:default@CompileArkTS input file:C:\Users\27843\Downloads\RingtoneKit_Codelab_\entry\build\default\intermediates\res\default\ark_module.json cache by regenerate.
[2026-04-15T20:35:15.300] [DEBUG] debug-file - Update task entry:default@CompileArkTS input file:C:\Users\27843\Downloads\RingtoneKit_Codelab_\entry\build\default\intermediates\res\default\resources\base\profile cache by regenerate.
[2026-04-15T20:35:15.300] [DEBUG] debug-file - Update task entry:default@CompileArkTS input file:C:\Users\27843\Downloads\RingtoneKit_Codelab_\entry\src\main\ets cache by regenerate.
[2026-04-15T20:35:15.300] [DEBUG] debug-file - Update task entry:default@CompileArkTS input file:C:\Users\27843\Downloads\RingtoneKit_Codelab_\entry\build\default\generated\profile\default\BuildProfile.ets cache by regenerate.
[2026-04-15T20:35:15.301] [DEBUG] debug-file - Update task entry:default@CompileArkTS output file:C:\Users\27843\Downloads\RingtoneKit_Codelab_\entry\build\default\intermediates\loader_out\default\ets cache.
[2026-04-15T20:35:15.301] [DEBUG] debug-file - Incremental task entry:default@CompileArkTS post-execution cost:3 ms .
[2026-04-15T20:35:15.302] [DEBUG] debug-file - Update task entry:default@BuildJS input file:C:\Users\27843\Downloads\RingtoneKit_Codelab_\entry\build\default\intermediates\loader\default cache by regenerate.
[2026-04-15T20:35:15.302] [DEBUG] debug-file - Update task entry:default@BuildJS input file:C:\Users\27843\Downloads\RingtoneKit_Codelab_\entry\build\default\intermediates\res\default\resources\rawfile cache by regenerate.
[2026-04-15T20:35:15.302] [DEBUG] debug-file - Update task entry:default@BuildJS input file:C:\Users\27843\Downloads\RingtoneKit_Codelab_\entry\build\default\intermediates\res\default\ResourceTable.txt cache by regenerate.
[2026-04-15T20:35:15.302] [DEBUG] debug-file - Update task entry:default@BuildJS input file:C:\Users\27843\Downloads\RingtoneKit_Codelab_\entry\build\default\intermediates\res\default\ark_module.json cache by regenerate.
[2026-04-15T20:35:15.302] [DEBUG] debug-file - Update task entry:default@BuildJS input file:C:\Users\27843\Downloads\RingtoneKit_Codelab_\entry\build\default\intermediates\res\default\resources\base\profile cache by regenerate.
[2026-04-15T20:35:15.303] [DEBUG] debug-file - Update task entry:default@BuildJS output file:C:\Users\27843\Downloads\RingtoneKit_Codelab_\entry\build\default\intermediates\loader_out\default\js cache.
[2026-04-15T20:35:15.303] [DEBUG] debug-file - Incremental task entry:default@BuildJS post-execution cost:2 ms .
[2026-04-15T20:35:15.303] [DEBUG] debug-file - Update task entry:default@CacheNativeLibs input file:C:\Users\27843\Downloads\RingtoneKit_Codelab_\entry\build\default\intermediates\stripped_native_libs\default cache by regenerate.
[2026-04-15T20:35:15.303] [DEBUG] debug-file - Update task entry:default@CacheNativeLibs input file:C:\Users\27843\Downloads\RingtoneKit_Codelab_\entry\build\default\intermediates\libs\default cache by regenerate.
[2026-04-15T20:35:15.303] [DEBUG] debug-file - Update task entry:default@CacheNativeLibs output file:C:\Users\27843\Downloads\RingtoneKit_Codelab_\entry\build\default\intermediates\patch\default\base_native_libs.json cache.
[2026-04-15T20:35:15.303] [DEBUG] debug-file - Incremental task entry:default@CacheNativeLibs post-execution cost:1 ms .
[2026-04-15T20:35:15.303] [DEBUG] debug-file - Update task entry:default@GeneratePkgModuleJson input file:C:\Users\27843\Downloads\RingtoneKit_Codelab_\entry\build\default\intermediates\res\default\module.json cache by regenerate.
[2026-04-15T20:35:15.303] [DEBUG] debug-file - Update task entry:default@GeneratePkgModuleJson output file:C:\Users\27843\Downloads\RingtoneKit_Codelab_\entry\build\default\intermediates\package\default\module.json cache.
[2026-04-15T20:35:15.304] [DEBUG] debug-file - Incremental task entry:default@GeneratePkgModuleJson post-execution cost:1 ms .
[2026-04-15T20:35:15.304] [DEBUG] debug-file - Incremental task entry:default@ProcessCompiledResources post-execution cost:1 ms .
[2026-04-15T20:35:15.304] [DEBUG] debug-file - Update task entry:default@PackageHap input file:C:\Users\27843\Downloads\RingtoneKit_Codelab_\entry\build\default\intermediates\stripped_native_libs\default cache by regenerate.
[2026-04-15T20:35:15.304] [DEBUG] debug-file - Update task entry:default@PackageHap input file:C:\Users\27843\Downloads\RingtoneKit_Codelab_\entry\build\default\intermediates\res\default\module.json cache by regenerate.
[2026-04-15T20:35:15.304] [DEBUG] debug-file - Update task entry:default@PackageHap input file:C:\Users\27843\Downloads\RingtoneKit_Codelab_\entry\build\default\intermediates\res\default\resources cache by regenerate.
[2026-04-15T20:35:15.305] [DEBUG] debug-file - Update task entry:default@PackageHap input file:C:\Users\27843\Downloads\RingtoneKit_Codelab_\entry\build\default\intermediates\res\default\resources.index cache by regenerate.
[2026-04-15T20:35:15.305] [DEBUG] debug-file - Update task entry:default@PackageHap input file:C:\Users\27843\Downloads\RingtoneKit_Codelab_\entry\build\default\outputs\default\pack.info cache by regenerate.
[2026-04-15T20:35:15.306] [DEBUG] debug-file - Update task entry:default@PackageHap input file:C:\Users\27843\Downloads\RingtoneKit_Codelab_\entry\build\default\intermediates\loader_out\default\ets cache by regenerate.
[2026-04-15T20:35:15.306] [DEBUG] debug-file - Update task entry:default@PackageHap input file:C:\Users\27843\Downloads\RingtoneKit_Codelab_\entry\build\default\intermediates\loader_out\default\ets\sourceMaps.map cache by regenerate.
[2026-04-15T20:35:15.306] [DEBUG] debug-file - Update task entry:default@PackageHap input file:C:\Users\27843\Downloads\RingtoneKit_Codelab_\entry\build\default\generated\profile\default\BuildProfile.ets cache by regenerate.
[2026-04-15T20:35:15.306] [DEBUG] debug-file - Update task entry:default@PackageHap output file:C:\Users\27843\Downloads\RingtoneKit_Codelab_\entry\build\default\outputs\default\entry-default-unsigned.hap cache.
[2026-04-15T20:35:15.307] [DEBUG] debug-file - Update task entry:default@PackageHap output file:C:\Users\27843\Downloads\RingtoneKit_Codelab_\entry\build\default\intermediates\source_map\default\sourceMaps.map cache.
[2026-04-15T20:35:15.307] [DEBUG] debug-file - Update task entry:default@PackageHap output file:C:\Users\27843\Downloads\RingtoneKit_Codelab_\entry\build\default\outputs\default\mapping\sourceMaps.map cache.
[2026-04-15T20:35:15.307] [DEBUG] debug-file - Incremental task entry:default@PackageHap post-execution cost:4 ms .
[2026-04-15T20:35:15.307] [DEBUG] debug-file - Update task entry:default@SignHap input file:C:\Users\27843\Downloads\RingtoneKit_Codelab_\entry\build\default\outputs\default\entry-default-unsigned.hap cache by regenerate.
[2026-04-15T20:35:15.307] [DEBUG] debug-file - Update task entry:default@SignHap output file:C:\Users\27843\Downloads\RingtoneKit_Codelab_\entry\build\default\outputs\default\entry-default-signed.hap cache.
[2026-04-15T20:35:15.307] [DEBUG] debug-file - Incremental task entry:default@SignHap post-execution cost:1 ms .
[2026-04-15T20:35:15.308] [DEBUG] debug-file - Update task entry:default@CollectDebugSymbol input file:C:\Users\27843\Downloads\RingtoneKit_Codelab_\entry\build\default\intermediates\loader_out\default\ets\sourceMaps.map cache by regenerate.
[2026-04-15T20:35:15.308] [DEBUG] debug-file - Update task entry:default@CollectDebugSymbol input file:C:\Users\27843\Downloads\RingtoneKit_Codelab_\entry\build\default\intermediates\libs\default cache by regenerate.
[2026-04-15T20:35:15.308] [DEBUG] debug-file - Update task entry:default@CollectDebugSymbol output file:C:\Users\27843\Downloads\RingtoneKit_Codelab_\entry\build\default\outputs\default\symbol cache.
[2026-04-15T20:35:15.308] [DEBUG] debug-file - Incremental task entry:default@CollectDebugSymbol post-execution cost:1 ms .
[2026-04-15T20:35:15.338] [DEBUG] debug-file - Cleanup worker 0.
[2026-04-15T20:35:15.338] [DEBUG] debug-file - Worker 0 has been cleaned up.
[2026-04-15T20:35:15.338] [DEBUG] debug-file - Current idle worker size: 4.
[2026-04-15T20:35:15.338] [DEBUG] debug-file - Current resident worker size: 5.
[2026-04-15T20:35:15.339] [DEBUG] debug-file - Cleanup worker 1.
[2026-04-15T20:35:15.339] [DEBUG] debug-file - Worker 1 has been cleaned up.
[2026-04-15T20:35:15.339] [DEBUG] debug-file - Current idle worker size: 3.
[2026-04-15T20:35:15.339] [DEBUG] debug-file - Current resident worker size: 5.
[2026-04-15T20:35:15.339] [DEBUG] debug-file - Cleanup worker 30.
[2026-04-15T20:35:15.339] [DEBUG] debug-file - Worker 30 has been cleaned up.
[2026-04-15T20:35:15.339] [DEBUG] debug-file - Current idle worker size: 2.
[2026-04-15T20:35:15.339] [DEBUG] debug-file - Current resident worker size: 5.
[2026-04-15T20:35:15.339] [DEBUG] debug-file - Cleanup worker 29.
[2026-04-15T20:35:15.339] [DEBUG] debug-file - Worker 29 has been cleaned up.
[2026-04-15T20:35:15.339] [DEBUG] debug-file - Current idle worker size: 1.
[2026-04-15T20:35:15.339] [DEBUG] debug-file - Current resident worker size: 5.
[2026-04-15T20:35:15.340] [DEBUG] debug-file - hvigor build process will be closed.
[2026-04-15T20:35:15.341] [DEBUG] debug-file - session manager: send message to worker process.
[2026-04-15T20:35:15.341] [DEBUG] debug-file - session manager: send message to worker process.
[2026-04-15T20:35:15.341] [DEBUG] debug-file - java daemon socket close code:1000 reason:close by user
[2026-04-15T20:35:15.342] [DEBUG] debug-file - watch worker: worker id should be larger than 0. Nothing will be sent to any worker thread.
[2026-04-15T20:35:15.342] [DEBUG] debug-file - watch worker: worker id should be larger than 0. Nothing will be sent to any worker thread.
[2026-04-15T20:35:15.347] [DEBUG] debug-file - worker[0] exits with exit code 1.
[2026-04-15T20:35:15.347] [DEBUG] debug-file - worker[1] exits with exit code 1.
[2026-04-15T20:35:15.350] [DEBUG] debug-file - worker[30] exits with exit code 1.
[2026-04-15T20:35:15.351] [DEBUG] debug-file - worker[29] exits with exit code 1.
[2026-06-02T17:17:29.501] [DEBUG] debug-file - session manager: set active socket. socketId=nxEYHuBmkEkQh1IfAAAD
[2026-06-02T17:17:29.505] [DEBUG] debug-file - watch worker: worker id should be larger than 0. Nothing will be sent to any worker thread.
[2026-06-02T17:17:29.508] [DEBUG] debug-file - Workers' log level updated to INFO
[2026-06-02T17:17:29.510] [DEBUG] debug-file - Hvigor init with startParameters:{
  hvigorfileTypeCheck: false,
  parallelExecution: true,
  incrementalExecution: true,
  printStackTrace: false,
  daemon: true,
  analyze: 0,
  logLevel: Level { level: 20000, levelStr: 'INFO', colour: 'green' },
  optimizationStrategy: 'memory',
  hotCompile: undefined,
  hotReloadBuild: undefined,
  customizedParam: undefined
}
[2026-06-02T17:17:29.512] [DEBUG] debug-file - Cache service initialization finished in 3 ms 
[2026-06-02T17:17:29.513] [DEBUG] debug-file - hvigorfile, resolving C:\Users\27843\Downloads\RingtoneKit_Codelab_\hvigorfile.ts
[2026-06-02T17:17:29.519] [DEBUG] debug-file - hvigorfile, require result:  { default: { plugins: [] } }
[2026-06-02T17:17:29.519] [DEBUG] debug-file - hvigorfile, binding system plugins null
[2026-06-02T17:17:29.520] [DEBUG] debug-file - Starting plugin build process
[2026-06-02T17:17:29.520] [DEBUG] debug-file - App plugin prepare start...
[2026-06-02T17:17:29.520] [DEBUG] debug-file - App plugin prepare end...
[2026-06-02T17:17:29.520] [DEBUG] debug-file - App plugin creating...
[2026-06-02T17:17:29.523] [DEBUG] debug-file - App plugin register hook start...
[2026-06-02T17:17:29.523] [DEBUG] debug-file - App plugin register hook end...
[2026-06-02T17:17:29.524] [DEBUG] debug-file - Plugin build process completed
[2026-06-02T17:17:29.524] [DEBUG] debug-file - Start initialize project's product build option map with build mode debug.
[2026-06-02T17:17:29.524] [DEBUG] debug-file - Picking option from product 'default' with build mode 'debug'.
[2026-06-02T17:17:29.524] [DEBUG] debug-file - Product 'default' build option initialized
[2026-06-02T17:17:29.524] [DEBUG] debug-file - End initialize project's product build option map with build mode 'debug'.
[2026-06-02T17:17:29.524] [DEBUG] debug-file - Obtain build option for product 'default'in this build.
[2026-06-02T17:17:29.525] [DEBUG] debug-file - No signingConfig found, initRemoteHspCache failed.
[2026-06-02T17:17:29.527] [DEBUG] debug-file - Start recording SDK configuration permission data.
[2026-06-02T17:17:29.557] [DEBUG] debug-file - Sdk init in 32 ms 
[2026-06-02T17:17:29.560] [DEBUG] debug-file - Project task initialization takes 3 ms 
[2026-06-02T17:17:29.560] [DEBUG] debug-file - hvigorfile, binding custom plugins []
[2026-06-02T17:17:29.560] [DEBUG] debug-file - hvigorfile, no custom plugins were found in C:\Users\27843\Downloads\RingtoneKit_Codelab_\hvigorfile.ts
[2026-06-02T17:17:29.560] [DEBUG] debug-file - hvigorfile, resolve finished C:\Users\27843\Downloads\RingtoneKit_Codelab_\hvigorfile.ts
[2026-06-02T17:17:29.560] [DEBUG] debug-file - hvigorfile, resolving C:\Users\27843\Downloads\RingtoneKit_Codelab_\entry\hvigorfile.ts
[2026-06-02T17:17:29.564] [DEBUG] debug-file - hvigorfile, require result:  { default: { plugins: [] } }
[2026-06-02T17:17:29.564] [DEBUG] debug-file - hvigorfile, binding system plugins null
[2026-06-02T17:17:29.564] [DEBUG] debug-file - Starting plugin build process
[2026-06-02T17:17:29.564] [DEBUG] debug-file - Hap plugin creating...
[2026-06-02T17:17:29.565] [DEBUG] debug-file - failed to load cangjie to dynamically generate schemas: Error: Cannot find module '@ohos/cangjie-build-support/index'
Require stack:
- C:\Program Files\Huawei\DevEco Studio\tools\hvigor\hvigor-ohos-plugin\src\plugin\hooks\cangjie-register.js
- C:\Program Files\Huawei\DevEco Studio\tools\hvigor\hvigor-ohos-plugin\src\plugin\strategy\stage-init-strategy.js
- C:\Program Files\Huawei\DevEco Studio\tools\hvigor\hvigor-ohos-plugin\src\plugin\builder\abstract-plugin-builder.js
- C:\Program Files\Huawei\DevEco Studio\tools\hvigor\hvigor-ohos-plugin\src\plugin\builder\app-plugin-builder.js
- C:\Program Files\Huawei\DevEco Studio\tools\hvigor\hvigor-ohos-plugin\src\plugin\factory\plugin-factory.js
- C:\Program Files\Huawei\DevEco Studio\tools\hvigor\hvigor-ohos-plugin\index.js
- C:\Users\27843\Downloads\RingtoneKit_Codelab_\hvigorfile.ts
- C:\Program Files\Huawei\DevEco Studio\tools\hvigor\hvigor\src\base\internal\lifecycle\configuration.js
- C:\Program Files\Huawei\DevEco Studio\tools\hvigor\hvigor\src\base\boot\index.js
- C:\Program Files\Huawei\DevEco Studio\tools\hvigor\hvigor\src\base\daemon\cluster\worker-process-lifecycle.js
- C:\Program Files\Huawei\DevEco Studio\tools\hvigor\hvigor\src\base\daemon\process\daemon-process-boot-script.js
[2026-06-02T17:17:29.570] [DEBUG] debug-file - Start initialize module-target build option map, moduleName=entry, buildMode=debug
[2026-06-02T17:17:29.570] [DEBUG] debug-file - Target 'default' config initialized
[2026-06-02T17:17:29.570] [DEBUG] debug-file - Module 'entry' target 'default' build option initialized
[2026-06-02T17:17:29.571] [DEBUG] debug-file - End initialize module-target build option map, moduleName=entry
[2026-06-02T17:17:29.571] [DEBUG] debug-file - Start initialize module-target build option map, moduleName=entry, buildMode=release
[2026-06-02T17:17:29.571] [DEBUG] debug-file - Target 'default' config initialized
[2026-06-02T17:17:29.571] [DEBUG] debug-file - Module 'entry' target 'default' build option initialized
[2026-06-02T17:17:29.571] [DEBUG] debug-file - End initialize module-target build option map, moduleName=entry
[2026-06-02T17:17:29.571] [DEBUG] debug-file - Start initialize module-target build option map, moduleName=entry, buildMode=debug
[2026-06-02T17:17:29.571] [DEBUG] debug-file - Target 'default' config initialized
[2026-06-02T17:17:29.571] [DEBUG] debug-file - Module 'entry' target 'default' build option initialized
[2026-06-02T17:17:29.571] [DEBUG] debug-file - End initialize module-target build option map, moduleName=entry
[2026-06-02T17:17:29.571] [DEBUG] debug-file - Obtain build option for module 'entry' target 'default'in this build.
[2026-06-02T17:17:29.573] [DEBUG] debug-file - Module entry task initialization takes 1 ms 
[2026-06-02T17:17:29.573] [DEBUG] debug-file - Hap plugin register hook start...
[2026-06-02T17:17:29.573] [DEBUG] debug-file - Hap plugin register hook end...
[2026-06-02T17:17:29.573] [DEBUG] debug-file - Plugin build process completed
[2026-06-02T17:17:29.573] [DEBUG] debug-file - hvigorfile, binding custom plugins []
[2026-06-02T17:17:29.573] [DEBUG] debug-file - hvigorfile, no custom plugins were found in C:\Users\27843\Downloads\RingtoneKit_Codelab_\entry\hvigorfile.ts
[2026-06-02T17:17:29.573] [DEBUG] debug-file - hvigorfile, resolve finished C:\Users\27843\Downloads\RingtoneKit_Codelab_\entry\hvigorfile.ts
[2026-06-02T17:17:29.631] [DEBUG] debug-file - hvigorfile, resolve hvigorfile dependencies in 58 ms 
[2026-06-02T17:17:29.631] [DEBUG] debug-file - project has submodules:entry
[2026-06-02T17:17:29.632] [DEBUG] debug-file - start to load updatedOhPackageInfo to the disk
[2026-06-02T17:17:29.636] [DEBUG] debug-file - load to the disk finished
[2026-06-02T17:17:29.636] [DEBUG] debug-file - Start to initialize dependency information.
[2026-06-02T17:17:29.637] [DEBUG] debug-file - Module RingtoneKit_Codelab_ Collected Dependency: 
[2026-06-02T17:17:29.637] [DEBUG] debug-file - Module RingtoneKit_Codelab_'s total dependency: 0
[2026-06-02T17:17:29.637] [DEBUG] debug-file - Start to initialize dependency information.
[2026-06-02T17:17:29.639] [DEBUG] debug-file - Module entry Collected Dependency: 
[2026-06-02T17:17:29.639] [DEBUG] debug-file - Module entry's total dependency: 0
[2026-06-02T17:17:29.640] [DEBUG] debug-file - Configuration phase cost:128 ms 
[2026-06-02T17:17:29.642] [DEBUG] debug-file - Configuration task cost before running: 134 ms 
[2026-06-02T17:17:29.642] [DEBUG] debug-file - Executing task :entry:init
[2026-06-02T17:17:29.642] [DEBUG] debug-file - entry : init cost memory 0.01815032958984375
[2026-06-02T17:17:29.642] [DEBUG] debug-file - runTaskFromQueue task cost before running: 135 ms 
[2026-06-02T17:17:29.643] [INFO] debug-file - Finished :entry:init... after 1 ms 
[2026-06-02T17:17:29.643] [DEBUG] debug-file - Executing task ::init
[2026-06-02T17:17:29.643] [DEBUG] debug-file - RingtoneKit_Codelab_ : init cost memory 0.01374053955078125
[2026-06-02T17:17:29.643] [DEBUG] debug-file - runTaskFromQueue task cost before running: 136 ms 
[2026-06-02T17:17:29.643] [INFO] debug-file - Finished ::init... after 1 ms 
[2026-06-02T17:17:29.659] [DEBUG] debug-file - Obtain build option for module 'entry' target 'default'in this build.
[2026-06-02T17:17:29.661] [DEBUG] debug-file - There's no busy workers and idle workers need cleanup.
[2026-06-02T17:17:29.661] [DEBUG] debug-file - hvigor build process will be closed.
[2026-06-02T17:17:29.668] [DEBUG] debug-file - session manager: send message to worker process.
[2026-06-02T17:17:29.668] [DEBUG] debug-file - session manager: send message to worker process.
[2026-06-02T17:17:29.719] [DEBUG] debug-file - watch worker: worker id should be larger than 0. Nothing will be sent to any worker thread.
[2026-06-02T17:17:29.720] [DEBUG] debug-file - watch worker: worker id should be larger than 0. Nothing will be sent to any worker thread.
[2026-06-02T17:24:58.451] [DEBUG] debug-file - session manager: set active socket. socketId=IRntXfs1zSHuvxnpAAAF
[2026-06-02T17:24:58.457] [DEBUG] debug-file - watch worker: worker id should be larger than 0. Nothing will be sent to any worker thread.
[2026-06-02T17:24:58.461] [DEBUG] debug-file - Workers' log level updated to INFO
[2026-06-02T17:24:58.464] [DEBUG] debug-file - Hvigor init with startParameters:{
  hvigorfileTypeCheck: false,
  parallelExecution: true,
  incrementalExecution: true,
  printStackTrace: false,
  daemon: true,
  analyze: 0,
  logLevel: Level { level: 20000, levelStr: 'INFO', colour: 'green' },
  optimizationStrategy: 'memory',
  hotCompile: undefined,
  hotReloadBuild: undefined,
  customizedParam: undefined
}
[2026-06-02T17:24:58.468] [DEBUG] debug-file - Cache service initialization finished in 4 ms 
[2026-06-02T17:24:58.469] [DEBUG] debug-file - hvigorfile, resolving C:\Users\27843\Downloads\RingtoneKit_Codelab_\hvigorfile.ts
[2026-06-02T17:24:58.483] [DEBUG] debug-file - hvigorfile, require result:  { default: { plugins: [] } }
[2026-06-02T17:24:58.483] [DEBUG] debug-file - hvigorfile, binding system plugins null
[2026-06-02T17:24:58.484] [DEBUG] debug-file - Starting plugin build process
[2026-06-02T17:24:58.484] [DEBUG] debug-file - App plugin prepare start...
[2026-06-02T17:24:58.484] [DEBUG] debug-file - App plugin prepare end...
[2026-06-02T17:24:58.484] [DEBUG] debug-file - App plugin creating...
[2026-06-02T17:24:58.491] [DEBUG] debug-file - App plugin register hook start...
[2026-06-02T17:24:58.492] [DEBUG] debug-file - App plugin register hook end...
[2026-06-02T17:24:58.492] [DEBUG] debug-file - Plugin build process completed
[2026-06-02T17:24:58.492] [DEBUG] debug-file - Start initialize project's product build option map with build mode debug.
[2026-06-02T17:24:58.492] [DEBUG] debug-file - Picking option from product 'default' with build mode 'debug'.
[2026-06-02T17:24:58.493] [DEBUG] debug-file - Product 'default' build option initialized
[2026-06-02T17:24:58.493] [DEBUG] debug-file - End initialize project's product build option map with build mode 'debug'.
[2026-06-02T17:24:58.494] [DEBUG] debug-file - Obtain build option for product 'default'in this build.
[2026-06-02T17:24:58.497] [DEBUG] debug-file - No signingConfig found, initRemoteHspCache failed.
[2026-06-02T17:24:58.500] [DEBUG] debug-file - Start recording SDK configuration permission data.
[2026-06-02T17:24:58.534] [DEBUG] debug-file - Sdk init in 37 ms 
[2026-06-02T17:24:58.537] [DEBUG] debug-file - Project task initialization takes 3 ms 
[2026-06-02T17:24:58.537] [DEBUG] debug-file - hvigorfile, binding custom plugins []
[2026-06-02T17:24:58.537] [DEBUG] debug-file - hvigorfile, no custom plugins were found in C:\Users\27843\Downloads\RingtoneKit_Codelab_\hvigorfile.ts
[2026-06-02T17:24:58.537] [DEBUG] debug-file - hvigorfile, resolve finished C:\Users\27843\Downloads\RingtoneKit_Codelab_\hvigorfile.ts
[2026-06-02T17:24:58.537] [DEBUG] debug-file - hvigorfile, resolving C:\Users\27843\Downloads\RingtoneKit_Codelab_\entry\hvigorfile.ts
[2026-06-02T17:24:58.542] [DEBUG] debug-file - hvigorfile, require result:  { default: { plugins: [] } }
[2026-06-02T17:24:58.542] [DEBUG] debug-file - hvigorfile, binding system plugins null
[2026-06-02T17:24:58.542] [DEBUG] debug-file - Starting plugin build process
[2026-06-02T17:24:58.542] [DEBUG] debug-file - Hap plugin creating...
[2026-06-02T17:24:58.544] [DEBUG] debug-file - failed to load cangjie to dynamically generate schemas: Error: Cannot find module '@ohos/cangjie-build-support/index'
Require stack:
- C:\Program Files\Huawei\DevEco Studio\tools\hvigor\hvigor-ohos-plugin\src\plugin\hooks\cangjie-register.js
- C:\Program Files\Huawei\DevEco Studio\tools\hvigor\hvigor-ohos-plugin\src\plugin\strategy\stage-init-strategy.js
- C:\Program Files\Huawei\DevEco Studio\tools\hvigor\hvigor-ohos-plugin\src\plugin\builder\abstract-plugin-builder.js
- C:\Program Files\Huawei\DevEco Studio\tools\hvigor\hvigor-ohos-plugin\src\plugin\builder\app-plugin-builder.js
- C:\Program Files\Huawei\DevEco Studio\tools\hvigor\hvigor-ohos-plugin\src\plugin\factory\plugin-factory.js
- C:\Program Files\Huawei\DevEco Studio\tools\hvigor\hvigor-ohos-plugin\index.js
- C:\Users\27843\Downloads\RingtoneKit_Codelab_\hvigorfile.ts
- C:\Program Files\Huawei\DevEco Studio\tools\hvigor\hvigor\src\base\internal\lifecycle\configuration.js
- C:\Program Files\Huawei\DevEco Studio\tools\hvigor\hvigor\src\base\boot\index.js
- C:\Program Files\Huawei\DevEco Studio\tools\hvigor\hvigor\src\base\daemon\cluster\worker-process-lifecycle.js
- C:\Program Files\Huawei\DevEco Studio\tools\hvigor\hvigor\src\base\daemon\process\daemon-process-boot-script.js
[2026-06-02T17:24:58.545] [DEBUG] debug-file - Start initialize module-target build option map, moduleName=entry, buildMode=debug
[2026-06-02T17:24:58.545] [DEBUG] debug-file - Target 'default' config initialized
[2026-06-02T17:24:58.546] [DEBUG] debug-file - Module 'entry' target 'default' build option initialized
[2026-06-02T17:24:58.546] [DEBUG] debug-file - End initialize module-target build option map, moduleName=entry
[2026-06-02T17:24:58.546] [DEBUG] debug-file - Start initialize module-target build option map, moduleName=entry, buildMode=release
[2026-06-02T17:24:58.546] [DEBUG] debug-file - Target 'default' config initialized
[2026-06-02T17:24:58.546] [DEBUG] debug-file - Module 'entry' target 'default' build option initialized
[2026-06-02T17:24:58.546] [DEBUG] debug-file - End initialize module-target build option map, moduleName=entry
[2026-06-02T17:24:58.546] [DEBUG] debug-file - Start initialize module-target build option map, moduleName=entry, buildMode=debug
[2026-06-02T17:24:58.546] [DEBUG] debug-file - Target 'default' config initialized
[2026-06-02T17:24:58.546] [DEBUG] debug-file - Module 'entry' target 'default' build option initialized
[2026-06-02T17:24:58.546] [DEBUG] debug-file - End initialize module-target build option map, moduleName=entry
[2026-06-02T17:24:58.546] [DEBUG] debug-file - Obtain build option for module 'entry' target 'default'in this build.
[2026-06-02T17:24:58.548] [DEBUG] debug-file - Module entry task initialization takes 1 ms 
[2026-06-02T17:24:58.548] [DEBUG] debug-file - Hap plugin register hook start...
[2026-06-02T17:24:58.548] [DEBUG] debug-file - Hap plugin register hook end...
[2026-06-02T17:24:58.548] [DEBUG] debug-file - Plugin build process completed
[2026-06-02T17:24:58.548] [DEBUG] debug-file - hvigorfile, binding custom plugins []
[2026-06-02T17:24:58.548] [DEBUG] debug-file - hvigorfile, no custom plugins were found in C:\Users\27843\Downloads\RingtoneKit_Codelab_\entry\hvigorfile.ts
[2026-06-02T17:24:58.549] [DEBUG] debug-file - hvigorfile, resolve finished C:\Users\27843\Downloads\RingtoneKit_Codelab_\entry\hvigorfile.ts
[2026-06-02T17:24:58.615] [DEBUG] debug-file - hvigorfile, resolve hvigorfile dependencies in 66 ms 
[2026-06-02T17:24:58.615] [DEBUG] debug-file - project has submodules:entry
[2026-06-02T17:24:58.616] [DEBUG] debug-file - start to load updatedOhPackageInfo to the disk
[2026-06-02T17:24:58.621] [DEBUG] debug-file - load to the disk finished
[2026-06-02T17:24:58.621] [DEBUG] debug-file - Start to initialize dependency information.
[2026-06-02T17:24:58.622] [DEBUG] debug-file - Module RingtoneKit_Codelab_ Collected Dependency: 
[2026-06-02T17:24:58.622] [DEBUG] debug-file - Module RingtoneKit_Codelab_'s total dependency: 0
[2026-06-02T17:24:58.623] [DEBUG] debug-file - Start to initialize dependency information.
[2026-06-02T17:24:58.624] [DEBUG] debug-file - Module entry Collected Dependency: 
[2026-06-02T17:24:58.624] [DEBUG] debug-file - Module entry's total dependency: 0
[2026-06-02T17:24:58.626] [DEBUG] debug-file - Configuration phase cost:158 ms 
[2026-06-02T17:24:58.627] [DEBUG] debug-file - Configuration task cost before running: 167 ms 
[2026-06-02T17:24:58.632] [DEBUG] debug-file - Executing task :entry:default@PreBuild
[2026-06-02T17:24:58.633] [WARN] debug-file - The project has not explicitly set the 'targetSdkVersion' version at build-profile.json5. It is recommended to configure it. Reference: https://developer.huawei.com/consumer/cn/doc/harmonyos-guides/ide-hvigor-build-profile-app#section45865492619
[2026-06-02T17:24:58.634] [DEBUG] debug-file - Task 'entry:default@PreBuild' cost while wrapping incremental declarations: 1 ms 
[2026-06-02T17:24:58.638] [DEBUG] debug-file - entry:default@PreBuild is not up-to-date, since the input file 'C:\Users\27843\Downloads\RingtoneKit_Codelab_\entry\src\main\module.json5' has been changed.
[2026-06-02T17:24:58.638] [DEBUG] debug-file - Incremental task entry:default@PreBuild pre-execution cost: 2 ms .
[2026-06-02T17:24:58.657] [DEBUG] debug-file - current product is not Atomic service.
[2026-06-02T17:24:58.657] [DEBUG] debug-file - Use tool [win32: JAVA_HOME, CLASSPATH]
 [
  { JAVA_HOME: 'C:\\Program Files\\Huawei\\DevEco Studio\\jbr' },
  { CLASSPATH: undefined }
]
[2026-06-02T17:24:58.657] [DEBUG] debug-file - Use tool [win32: NODE_HOME]
 [
  {
    NODE_HOME: 'C:\\Program Files\\Huawei\\DevEco Studio\\tools\\node'
  }
]
[2026-06-02T17:24:58.658] [DEBUG] debug-file - entry : default@PreBuild cost memory 1.07659912109375
[2026-06-02T17:24:58.658] [DEBUG] debug-file - runTaskFromQueue task cost before running: 198 ms 
[2026-06-02T17:24:58.660] [INFO] debug-file - Finished :entry:default@PreBuild... after 27 ms 
[2026-06-02T17:24:58.661] [DEBUG] debug-file - Executing task :entry:default@CreateModuleInfo
[2026-06-02T17:24:58.661] [DEBUG] debug-file - Task 'entry:default@CreateModuleInfo' cost while wrapping incremental declarations: 1 ms 
[2026-06-02T17:24:58.661] [DEBUG] debug-file - entry : default@CreateModuleInfo cost memory 0.04799652099609375
[2026-06-02T17:24:58.662] [DEBUG] debug-file - runTaskFromQueue task cost before running: 201 ms 
[2026-06-02T17:24:58.662] [INFO] debug-file - Finished :entry:default@CreateModuleInfo... after 1 ms 
[2026-06-02T17:24:58.663] [DEBUG] debug-file - Executing task :entry:default@GenerateMetadata
[2026-06-02T17:24:58.663] [DEBUG] debug-file - Task 'entry:default@GenerateMetadata' cost while wrapping incremental declarations: 1 ms 
[2026-06-02T17:24:58.664] [DEBUG] debug-file - entry:default@GenerateMetadata is not up-to-date, since the input file 'C:\Users\27843\Downloads\RingtoneKit_Codelab_\entry\src\main\module.json5' has been changed.
[2026-06-02T17:24:58.664] [DEBUG] debug-file - Incremental task entry:default@GenerateMetadata pre-execution cost: 1 ms .
[2026-06-02T17:24:58.666] [DEBUG] debug-file - entry : default@GenerateMetadata cost memory 0.08762359619140625
[2026-06-02T17:24:58.666] [DEBUG] debug-file - runTaskFromQueue task cost before running: 205 ms 
[2026-06-02T17:24:58.666] [INFO] debug-file - Finished :entry:default@GenerateMetadata... after 3 ms 
[2026-06-02T17:24:58.667] [DEBUG] debug-file - Executing task :entry:default@ConfigureCmake
[2026-06-02T17:24:58.667] [DEBUG] debug-file - entry : default@ConfigureCmake cost memory 0.015106201171875
[2026-06-02T17:24:58.667] [DEBUG] debug-file - runTaskFromQueue task cost before running: 207 ms 
[2026-06-02T17:24:58.667] [INFO] debug-file - Finished :entry:default@ConfigureCmake... after 1 ms 
[2026-06-02T17:24:58.668] [DEBUG] debug-file - Executing task :entry:default@MergeProfile
[2026-06-02T17:24:58.668] [DEBUG] debug-file - Task 'entry:default@MergeProfile' cost while wrapping incremental declarations: 1 ms 
[2026-06-02T17:24:58.669] [DEBUG] debug-file - entry:default@MergeProfile is not up-to-date, since the input file 'C:\Users\27843\Downloads\RingtoneKit_Codelab_\entry\src\main\module.json5' has been changed.
[2026-06-02T17:24:58.669] [DEBUG] debug-file - Incremental task entry:default@MergeProfile pre-execution cost: 1 ms .
[2026-06-02T17:24:58.670] [DEBUG] debug-file - Change app api release type with 'Release'
[2026-06-02T17:24:58.670] [DEBUG] debug-file - Change app compile API version with '6.0.2.130'
[2026-06-02T17:24:58.670] [DEBUG] debug-file - Change app target API version with '60002022'
[2026-06-02T17:24:58.670] [DEBUG] debug-file - Change app minimum API version with '50000012'
[2026-06-02T17:24:58.670] [DEBUG] debug-file - Use cli appEnvironment
[2026-06-02T17:24:58.673] [DEBUG] debug-file - entry : default@MergeProfile cost memory 0.22501373291015625
[2026-06-02T17:24:58.673] [DEBUG] debug-file - runTaskFromQueue task cost before running: 212 ms 
[2026-06-02T17:24:58.673] [INFO] debug-file - Finished :entry:default@MergeProfile... after 5 ms 
[2026-06-02T17:24:58.674] [DEBUG] debug-file - Executing task :entry:default@CreateBuildProfile
[2026-06-02T17:24:58.674] [DEBUG] debug-file - Task 'entry:default@CreateBuildProfile' cost while wrapping incremental declarations: 1 ms 
[2026-06-02T17:24:58.676] [DEBUG] debug-file - Incremental task entry:default@CreateBuildProfile pre-execution cost: 2 ms .
[2026-06-02T17:24:58.676] [DEBUG] debug-file - entry : default@CreateBuildProfile cost memory 0.0941009521484375
[2026-06-02T17:24:58.676] [INFO] debug-file - UP-TO-DATE :entry:default@CreateBuildProfile...  
[2026-06-02T17:24:58.677] [DEBUG] debug-file - Executing task :entry:default@PreCheckSyscap
[2026-06-02T17:24:58.677] [DEBUG] debug-file - entry : default@PreCheckSyscap cost memory 0.01483917236328125
[2026-06-02T17:24:58.677] [DEBUG] debug-file - runTaskFromQueue task cost before running: 217 ms 
[2026-06-02T17:24:58.677] [INFO] debug-file - Finished :entry:default@PreCheckSyscap... after 1 ms 
[2026-06-02T17:24:58.679] [DEBUG] debug-file - Executing task :entry:default@GeneratePkgContextInfo
[2026-06-02T17:24:58.685] [DEBUG] debug-file - Task 'entry:default@GeneratePkgContextInfo' cost while wrapping incremental declarations: 1 ms 
[2026-06-02T17:24:58.686] [DEBUG] debug-file - entry : default@GeneratePkgContextInfo cost memory 0.4720916748046875
[2026-06-02T17:24:58.686] [DEBUG] debug-file - runTaskFromQueue task cost before running: 226 ms 
[2026-06-02T17:24:58.686] [INFO] debug-file - Finished :entry:default@GeneratePkgContextInfo... after 7 ms 
[2026-06-02T17:24:58.689] [DEBUG] debug-file - Executing task :entry:default@ProcessIntegratedHsp
[2026-06-02T17:24:58.689] [DEBUG] debug-file - entry:default@ProcessIntegratedHsp is not up-to-date, since the output file 'C:\Users\27843\Downloads\RingtoneKit_Codelab_\build\cache\default\integrated_hsp\integratedHspCache.json' does not exist.
[2026-06-02T17:24:58.689] [DEBUG] debug-file - Incremental task entry:default@ProcessIntegratedHsp pre-execution cost: 1 ms .
[2026-06-02T17:24:58.689] [DEBUG] debug-file - entry : default@ProcessIntegratedHsp cost memory 0.05823516845703125
[2026-06-02T17:24:58.689] [DEBUG] debug-file - runTaskFromQueue task cost before running: 229 ms 
[2026-06-02T17:24:58.690] [INFO] debug-file - Finished :entry:default@ProcessIntegratedHsp... after 1 ms 
[2026-06-02T17:24:58.691] [DEBUG] debug-file - Executing task :entry:default@BuildNativeWithCmake
[2026-06-02T17:24:58.691] [DEBUG] debug-file - entry : default@BuildNativeWithCmake cost memory 0.0146026611328125
[2026-06-02T17:24:58.691] [DEBUG] debug-file - runTaskFromQueue task cost before running: 230 ms 
[2026-06-02T17:24:58.691] [INFO] debug-file - Finished :entry:default@BuildNativeWithCmake... after 1 ms 
[2026-06-02T17:24:58.692] [DEBUG] debug-file - Executing task :entry:default@MakePackInfo
[2026-06-02T17:24:58.693] [DEBUG] debug-file - entry:default@MakePackInfo is not up-to-date, since the input file 'C:\Users\27843\Downloads\RingtoneKit_Codelab_\entry\src\main\module.json5' has been changed.
[2026-06-02T17:24:58.693] [DEBUG] debug-file - Incremental task entry:default@MakePackInfo pre-execution cost: 1 ms .
[2026-06-02T17:24:58.694] [DEBUG] debug-file - Module Pack Info:  {
  summary: {
    app: { bundleName: 'c***n', bundleType: 'app', version: [Object] },
    modules: [ [Object] ]
  },
  packages: [
    {
      deviceType: [Array],
      moduleType: 'entry',
      deliveryWithInstall: true,
      name: 'entry-default'
    }
  ]
}
[2026-06-02T17:24:58.696] [DEBUG] debug-file - entry : default@MakePackInfo cost memory 0.1328887939453125
[2026-06-02T17:24:58.696] [DEBUG] debug-file - runTaskFromQueue task cost before running: 235 ms 
[2026-06-02T17:24:58.696] [INFO] debug-file - Finished :entry:default@MakePackInfo... after 4 ms 
[2026-06-02T17:24:58.697] [DEBUG] debug-file - Executing task :entry:default@SyscapTransform
[2026-06-02T17:24:58.697] [DEBUG] debug-file - File: 'C:\Users\27843\Downloads\RingtoneKit_Codelab_\entry\src\main\syscap.json' from 'sysCapJsonPath' is not exists, just ignore.
[2026-06-02T17:24:58.698] [DEBUG] debug-file - Task 'entry:default@SyscapTransform' cost while wrapping incremental declarations: 1 ms 
[2026-06-02T17:24:58.699] [DEBUG] debug-file - entry:default@SyscapTransform is not up-to-date, since the output file 'C:\Users\27843\Downloads\RingtoneKit_Codelab_\entry\build\default\intermediates\syscap\default\rpcid.sc' does not exist.
[2026-06-02T17:24:58.699] [DEBUG] debug-file - Incremental task entry:default@SyscapTransform pre-execution cost: 2 ms .
[2026-06-02T17:24:58.699] [DEBUG] debug-file - entry : default@SyscapTransform cost memory 0.14931488037109375
[2026-06-02T17:24:58.699] [DEBUG] debug-file - runTaskFromQueue task cost before running: 239 ms 
[2026-06-02T17:24:58.700] [INFO] debug-file - Finished :entry:default@SyscapTransform... after 3 ms 
[2026-06-02T17:24:58.701] [DEBUG] debug-file - Executing task :entry:default@ProcessProfile
[2026-06-02T17:24:58.702] [DEBUG] debug-file - Task 'entry:default@ProcessProfile' cost while wrapping incremental declarations: 1 ms 
[2026-06-02T17:24:58.705] [DEBUG] debug-file - entry:default@ProcessProfile is not up-to-date, since the input file 'C:\Users\27843\Downloads\RingtoneKit_Codelab_\entry\build\default\intermediates\merge_profile\default\module.json' has been changed.
[2026-06-02T17:24:58.705] [DEBUG] debug-file - Incremental task entry:default@ProcessProfile pre-execution cost: 1 ms .
[2026-06-02T17:24:58.706] [DEBUG] debug-file - [
  'C:\\Program Files\\Huawei\\DevEco Studio\\tools\\node\\node.exe',
  'C:\\Program Files\\Huawei\\DevEco Studio\\sdk\\default\\openharmony\\ets\\build-tools\\ets-loader\\bin\\ark\\ts2abc.js',
  '--target-api-version',
  '12',
  '--target-api-sub-version',
  'beta1'
]
[2026-06-02T17:24:58.899] [DEBUG] debug-file - 12.0.2.0
[2026-06-02T17:24:58.901] [DEBUG] debug-file - No need to add fake ui ability because of not in preview process.
[2026-06-02T17:24:58.901] [DEBUG] debug-file - entry : default@ProcessProfile cost memory -2.1861495971679688
[2026-06-02T17:24:58.901] [DEBUG] debug-file - runTaskFromQueue task cost before running: 441 ms 
[2026-06-02T17:24:58.902] [INFO] debug-file - Finished :entry:default@ProcessProfile... after 201 ms 
[2026-06-02T17:24:58.903] [DEBUG] debug-file - Executing task :entry:default@ProcessRouterMap
[2026-06-02T17:24:58.904] [DEBUG] debug-file - entry:default@ProcessRouterMap is not up-to-date, since the input file 'C:\Users\27843\Downloads\RingtoneKit_Codelab_\entry\src\main\module.json5' has been changed.
[2026-06-02T17:24:58.904] [DEBUG] debug-file - Incremental task entry:default@ProcessRouterMap pre-execution cost: 1 ms .
[2026-06-02T17:24:58.905] [DEBUG] debug-file - entry : default@ProcessRouterMap cost memory 0.26827239990234375
[2026-06-02T17:24:58.905] [DEBUG] debug-file - runTaskFromQueue task cost before running: 445 ms 
[2026-06-02T17:24:58.906] [INFO] debug-file - Finished :entry:default@ProcessRouterMap... after 3 ms 
[2026-06-02T17:24:58.906] [DEBUG] debug-file - Executing task :entry:default@ProcessShareConfig
[2026-06-02T17:24:58.908] [DEBUG] debug-file - entry:default@ProcessShareConfig is not up-to-date, since the input file 'C:\Users\27843\Downloads\RingtoneKit_Codelab_\entry\src\main\module.json5' has been changed.
[2026-06-02T17:24:58.908] [DEBUG] debug-file - Incremental task entry:default@ProcessShareConfig pre-execution cost: 1 ms .
[2026-06-02T17:24:58.909] [DEBUG] debug-file - entry : default@ProcessShareConfig cost memory 0.1057281494140625
[2026-06-02T17:24:58.909] [DEBUG] debug-file - runTaskFromQueue task cost before running: 449 ms 
[2026-06-02T17:24:58.909] [INFO] debug-file - Finished :entry:default@ProcessShareConfig... after 3 ms 
[2026-06-02T17:24:58.910] [DEBUG] debug-file - Executing task :entry:default@ProcessStartupConfig
[2026-06-02T17:24:58.911] [DEBUG] debug-file - Task 'entry:default@ProcessStartupConfig' cost while wrapping incremental declarations: 1 ms 
[2026-06-02T17:24:58.911] [DEBUG] debug-file - entry:default@ProcessStartupConfig is not up-to-date, since the output file 'C:\Users\27843\Downloads\RingtoneKit_Codelab_\entry\build\default\intermediates\startup\default\startup_config.json' does not exist.
[2026-06-02T17:24:58.911] [DEBUG] debug-file - Incremental task entry:default@ProcessStartupConfig pre-execution cost: 1 ms .
[2026-06-02T17:24:58.912] [DEBUG] debug-file - entry : default@ProcessStartupConfig cost memory 0.0976104736328125
[2026-06-02T17:24:58.912] [DEBUG] debug-file - runTaskFromQueue task cost before running: 451 ms 
[2026-06-02T17:24:58.912] [INFO] debug-file - Finished :entry:default@ProcessStartupConfig... after 2 ms 
[2026-06-02T17:24:58.913] [DEBUG] debug-file - Executing task :entry:default@BuildNativeWithNinja
[2026-06-02T17:24:58.913] [DEBUG] debug-file - entry : default@BuildNativeWithNinja cost memory 0.02159881591796875
[2026-06-02T17:24:58.913] [DEBUG] debug-file - runTaskFromQueue task cost before running: 453 ms 
[2026-06-02T17:24:58.914] [INFO] debug-file - Finished :entry:default@BuildNativeWithNinja... after 1 ms 
[2026-06-02T17:24:58.915] [DEBUG] debug-file - restool module names: entry; moduleName=entry, taskName=default@ProcessResource
[2026-06-02T17:24:58.916] [DEBUG] debug-file - Executing task :entry:default@ProcessResource
[2026-06-02T17:24:58.916] [DEBUG] debug-file - Task 'entry:default@ProcessResource' cost while wrapping incremental declarations: 1 ms 
[2026-06-02T17:24:58.917] [DEBUG] debug-file - Incremental task entry:default@ProcessResource pre-execution cost: 1 ms .
[2026-06-02T17:24:58.917] [DEBUG] debug-file - entry : default@ProcessResource cost memory 0.13719940185546875
[2026-06-02T17:24:58.918] [INFO] debug-file - UP-TO-DATE :entry:default@ProcessResource...  
[2026-06-02T17:24:58.920] [DEBUG] debug-file - Executing task :entry:default@GenerateLoaderJson
[2026-06-02T17:24:58.920] [DEBUG] debug-file - Task 'entry:default@GenerateLoaderJson' cost while wrapping incremental declarations: 1 ms 
[2026-06-02T17:24:58.926] [DEBUG] debug-file - entry:default@GenerateLoaderJson is not up-to-date, since the input file 'C:\Users\27843\Downloads\RingtoneKit_Codelab_\entry\build\default\intermediates\router_map\default\temp-router-map.json' has been changed.
[2026-06-02T17:24:58.926] [DEBUG] debug-file - Incremental task entry:default@GenerateLoaderJson pre-execution cost: 3 ms .
[2026-06-02T17:24:58.929] [DEBUG] debug-file - entry : default@GenerateLoaderJson cost memory 0.5932464599609375
[2026-06-02T17:24:58.929] [DEBUG] debug-file - runTaskFromQueue task cost before running: 469 ms 
[2026-06-02T17:24:58.931] [INFO] debug-file - Finished :entry:default@GenerateLoaderJson... after 10 ms 
[2026-06-02T17:24:58.933] [DEBUG] debug-file - Executing task :entry:default@ProcessLibs
[2026-06-02T17:24:58.935] [DEBUG] debug-file - Incremental task entry:default@ProcessLibs pre-execution cost: 2 ms .
[2026-06-02T17:24:58.935] [DEBUG] debug-file - entry : default@ProcessLibs cost memory 0.10735321044921875
[2026-06-02T17:24:58.936] [INFO] debug-file - UP-TO-DATE :entry:default@ProcessLibs...  
[2026-06-02T17:24:58.937] [DEBUG] debug-file - restool module names: entry; moduleName=entry, taskName=default@CompileResource
[2026-06-02T17:24:58.938] [DEBUG] debug-file - Executing task :entry:default@CompileResource
[2026-06-02T17:24:58.946] [DEBUG] debug-file - entry:default@CompileResource is not up-to-date, since the input file 'C:\Users\27843\Downloads\RingtoneKit_Codelab_\entry\src\main\resources' has been changed.
[2026-06-02T17:24:58.946] [DEBUG] debug-file - Incremental task entry:default@CompileResource pre-execution cost: 7 ms .
[2026-06-02T17:24:58.987] [DEBUG] debug-file - Use tool [C:\Program Files\Huawei\DevEco Studio\sdk\default\openharmony\toolchains\restool.exe]
 [
  'C:\\Program Files\\Huawei\\DevEco Studio\\sdk\\default\\openharmony\\toolchains\\restool.exe',
  '-l',
  'C:\\Users\\27843\\Downloads\\RingtoneKit_Codelab_\\entry\\build\\default\\intermediates\\res\\default\\resConfig.json'
]
[2026-06-02T17:24:58.988] [DEBUG] debug-file - current process  memoryUsage: {
  rss: 212242432,
  heapTotal: 170160128,
  heapUsed: 130291920,
  external: 4045571,
  arrayBuffers: 499768
} os memoryUsage :22.288860321044922
[2026-06-02T17:24:59.060] [DEBUG] debug-file - Info: Pack: normal pack mode

[2026-06-02T17:25:01.549] [DEBUG] debug-file - Info: hardware concurrency count is : 32
Info: thread count is : 32

[2026-06-02T17:25:01.549] [DEBUG] debug-file - Info: thread pool is started

[2026-06-02T17:25:01.552] [DEBUG] debug-file - Info: GenericCompiler::CompileFiles

[2026-06-02T17:25:01.557] [DEBUG] debug-file - Info: GenericCompiler::CompileFiles

[2026-06-02T17:25:01.558] [DEBUG] debug-file - Info: GenericCompiler::CompileFiles

[2026-06-02T17:25:01.564] [DEBUG] debug-file - 06-02 17:25:01.564 61052 61360 E C01400/ImageTranscoderUtils: DecodeToRGBA IN
06-02 17:25:01.564 61052 61360 E C01400/ImageTranscoderUtils: ImageFilter IN C:\Users\27843\Downloads\RingtoneKit_Codelab_\AppScope\resources\base\media\app_icon.png

[2026-06-02T17:25:01.564] [DEBUG] debug-file - 06-02 17:25:01.564 61052 61360 E C01400/ImageTranscoder: TranscodeSLR Only zoom-out is supported.
Warning: ScaleImage failed, error message: INVALID_PARAMETERS, file path = C:\Users\27843\Downloads\RingtoneKit_Codelab_\AppScope\resources\base\media\app_icon.png

[2026-06-02T17:25:01.565] [DEBUG] debug-file - 06-02 17:25:01.565 61052 61360 E C01400/ImageTranscoderUtils: DecodeToRGBA IN

[2026-06-02T17:25:01.565] [DEBUG] debug-file - 06-02 17:25:01.565 61052 61360 E C01400/ImageTranscoderUtils: ImageFilter IN C:\Users\27843\Downloads\RingtoneKit_Codelab_\entry\src\main\resources\base\media\icon.png
06-02 17:25:01.566 61052 61360 E C01400/ImageTranscoder: TranscodeSLR Only zoom-out is supported.
Warning: ScaleImage failed, error message: INVALID_PARAMETERS, file path = C:\Users\27843\Downloads\RingtoneKit_Codelab_\entry\src\main\resources\base\media\icon.png

[2026-06-02T17:25:01.569] [DEBUG] debug-file - Info: restool resources compile success.

[2026-06-02T17:25:01.569] [DEBUG] debug-file - Info: thread pool is stopped

[2026-06-02T17:25:01.641] [DEBUG] debug-file - entry : default@CompileResource cost memory -6.5281829833984375
[2026-06-02T17:25:01.641] [DEBUG] debug-file - runTaskFromQueue task cost before running: 3 s 180 ms 
[2026-06-02T17:25:01.642] [INFO] debug-file - Finished :entry:default@CompileResource... after 2 s 704 ms 
[2026-06-02T17:25:01.643] [DEBUG] debug-file - Executing task :entry:default@DoNativeStrip
[2026-06-02T17:25:01.643] [DEBUG] debug-file - Task 'entry:default@DoNativeStrip' cost while wrapping incremental declarations: 1 ms 
[2026-06-02T17:25:01.644] [DEBUG] debug-file - Incremental task entry:default@DoNativeStrip pre-execution cost: 1 ms .
[2026-06-02T17:25:01.644] [DEBUG] debug-file - entry : default@DoNativeStrip cost memory 0.07689666748046875
[2026-06-02T17:25:01.644] [INFO] debug-file - UP-TO-DATE :entry:default@DoNativeStrip...  
[2026-06-02T17:25:01.645] [DEBUG] debug-file - Executing task :entry:default@CompileArkTS
[2026-06-02T17:25:01.646] [DEBUG] debug-file - obfuscationOptions: undefined
[2026-06-02T17:25:01.647] [DEBUG] debug-file - Task 'entry:default@CompileArkTS' cost while wrapping incremental declarations: 1 ms 
[2026-06-02T17:25:01.651] [DEBUG] debug-file - entry:default@CompileArkTS is not up-to-date, since the input file 'C:\Users\27843\Downloads\RingtoneKit_Codelab_\entry\build\default\intermediates\loader\default' has been changed.
[2026-06-02T17:25:01.651] [DEBUG] debug-file - Incremental task entry:default@CompileArkTS pre-execution cost: 3 ms .
[2026-06-02T17:25:01.660] [DEBUG] debug-file - build config:
[2026-06-02T17:25:01.661] [DEBUG] debug-file - {
  moduleType: 'entry',
  perf: 0,
  targetName: '.default',
  packageManagerType: 'ohpm',
  localPropertiesPath: 'C:\\Users\\27843\\Downloads\\RingtoneKit_Codelab_\\local.properties',
  isPreview: false,
  isOhosTest: false,
  isLocalTest: false,
  buildMode: 'Debug',
  hotReloadBuild: undefined,
  watchMode: 'false',
  aceProfilePath: 'C:\\Users\\27843\\Downloads\\RingtoneKit_Codelab_\\entry\\build\\default\\intermediates\\res\\default\\resources\\base\\profile',
  etsLoaderPath: 'C:\\Program Files\\Huawei\\DevEco Studio\\sdk\\default\\openharmony\\ets\\build-tools\\ets-loader',
  modulePath: 'C:\\Users\\27843\\Downloads\\RingtoneKit_Codelab_\\entry',
  testFrameworkPar: {
    testMode: undefined,
    coveragePathFilter: undefined,
    coverageMode: undefined
  },
  needCoverageInsert: false,
  debugLine: false,
  projectTopDir: 'C:\\Users\\27843\\Downloads\\RingtoneKit_Codelab_',
  compileSdkVersion: 22,
  compatibleSdkVersion: 12,
  originCompatibleSdkVersion: '5.0.0(12)',
  compatibleSdkVersionStage: 'beta1',
  bundleName: 'c***n',
  etsLoaderVersion: '6.0.2.130',
  etsLoaderReleaseType: 'Release',
  aotCompileMode: 'type',
  apPath: 'C:\\Users\\27843\\Downloads\\RingtoneKit_Codelab_\\entry\\modules.ap',
  entryModuleName: 'entry',
  entryModuleVersion: '1.0.0',
  entryPackageName: 'entry',
  allModuleNameHash: 'db44f8a8a620383b923efb1105d6d0eb296559a94ef72a4510286f2511f87786',
  externalApiPaths: [
    'C:\\Program Files\\Huawei\\DevEco Studio\\sdk\\default\\hms\\ets'
  ],
  compilerTypes: [],
  isCrossplatform: false,
  hvigorPluginFile: undefined,
  compilePluginPath: undefined,
  buildGeneratedProfilePath: 'C:\\Users\\27843\\Downloads\\RingtoneKit_Codelab_\\entry\\build\\default\\generated\\profile\\default',
  bundleType: 'app',
  arkTSVersion: undefined,
  apiVersion: 22,
  needCompleteSourcesMap: false,
  isFaMode: false,
  buildDir: 'C:\\Users\\27843\\Downloads\\RingtoneKit_Codelab_\\entry\\build',
  deviceTypes: [ 'phone', 'tablet', 'wearable' ],
  pkgContextInfo: undefined,
  ohPackagePathMap: {},
  dependencyAliasMap: {},
  permission: { requestPermissions: undefined, definePermissions: undefined },
  useGetCurrentBundleName: false,
  projectArkOption: undefined,
  sourceMapDir: undefined,
  branchElimination: false,
  transformLib: undefined,
  tsImportSendable: false,
  resolveConflictMode: true,
  depName2RootPath: {},
  depName2DepInfo: {},
  rootPathSet: [ 'C:\\Users\\27843\\Downloads\\RingtoneKit_Codelab_' ],
  useNativeResolver: true,
  shouldEmitJs: true,
  useTscResolve: false,
  singleFileEmit: false,
  userProjectConfig: {
    autoLazyImport: false,
    allowEmptyBundleName: false,
    reExportCheckMode: 'noCheck',
    executionMode: 'memory',
    usePathPlaceholder: false,
    writeRollupCache: true,
    isExpandImportEnabled: false,
    expandImportExclude: '',
    lazyImportExclude: '',
    lazyImportInclude: '',
    ignoreCrossplatformCheck: false,
    isHarDeduplicateEnabled: false,
    skipOhModulesLint: false,
    enableStrictCheckOHModule: false,
    disableSendableCheckRules: [],
    useDeclarationFileSignature: false,
    customizedOptions: undefined,
    integratedHsp: false,
    isPreloadSoEnabled: false
  },
  executionMode: 'memory',
  arkCompileCachePath: 'C:\\Users\\27843\\Downloads\\RingtoneKit_Codelab_\\entry\\build\\default\\cache\\default\\default@CompileArkTS\\esmodule',
  autoLazyFilter: undefined,
  isHarDeduplicateEnabled: false,
  intermediateHarDuplicateDirPath: 'C:\\Users\\27843\\Downloads\\RingtoneKit_Codelab_\\entry\\build\\default\\intermediates\\har_duplicate\\default',
  autoLazyImport: false,
  allowEmptyBundleName: false,
  reExportCheckMode: 'noCheck',
  usePathPlaceholder: false,
  writeRollupCache: true,
  isExpandImportEnabled: false,
  expandImportExclude: '',
  lazyImportExclude: '',
  lazyImportInclude: '',
  ignoreCrossplatformCheck: false,
  skipOhModulesLint: false,
  enableStrictCheckOHModule: false,
  disableSendableCheckRules: [],
  useDeclarationFileSignature: false,
  customizedOptions: undefined,
  integratedHsp: false,
  isPreloadSoEnabled: false,
  strictMode: undefined,
  useNormalizedOHMUrl: false,
  caseSensitiveCheck: false,
  aceModuleJsonPath: 'C:\\Users\\27843\\Downloads\\RingtoneKit_Codelab_\\entry\\build\\default\\intermediates\\res\\default\\ark_module.json',
  appResource: 'C:\\Users\\27843\\Downloads\\RingtoneKit_Codelab_\\entry\\build\\default\\intermediates\\res\\default\\ResourceTable.txt',
  rawFileResource: 'C:\\Users\\27843\\Downloads\\RingtoneKit_Codelab_\\entry\\build\\default\\intermediates\\res\\default\\resources\\rawfile',
  resourceTableHash: '0a5e461b8cc472af07d60289bf2402599b7c63db39b7448590c7effc1f3dc134',
  runtimeOS: 'HarmonyOS',
  sdkInfo: 'false:22:6.0.2.130:Release',
  aceModuleRoot: 'C:\\Users\\27843\\Downloads\\RingtoneKit_Codelab_\\entry\\src\\main\\ets',
  compileMode: 'esmodule',
  aceSuperVisualPath: 'C:\\Users\\27843\\Downloads\\RingtoneKit_Codelab_\\entry\\src\\main\\supervisual',
  aceBuildJson: 'C:\\Users\\27843\\Downloads\\RingtoneKit_Codelab_\\entry\\build\\default\\intermediates\\loader\\default\\loader.json',
  cachePath: 'C:\\Users\\27843\\Downloads\\RingtoneKit_Codelab_\\entry\\build\\default\\cache\\default\\default@CompileArkTS\\esmodule\\debug',
  aceModuleBuild: 'C:\\Users\\27843\\Downloads\\RingtoneKit_Codelab_\\entry\\build\\default\\intermediates\\loader_out\\default\\ets',
  supportChunks: true,
  declaredFilesPath: undefined,
  shouldCollectDirectImportees: false,
  isByteCodeHarOptimize: false,
  expandImportPath: undefined,
  pkgNameToPkgBriefInfo: {
    entry: {
      pkgRoot: 'C:\\Users\\27843\\Downloads\\RingtoneKit_Codelab_\\entry',
      originalSourceRoots: undefined,
      sourceRoots: [Array],
      pkgName: 'entry'
    }
  },
  projectModel: {
    'C:\\Users\\27843\\Downloads\\RingtoneKit_Codelab_\\entry\\src\\main': {
      moduleName: 'entry',
      modulePkgPath: 'C:\\Users\\27843\\Downloads\\RingtoneKit_Codelab_\\entry',
      belongProjectPath: 'C:\\Users\\27843\\Downloads\\RingtoneKit_Codelab_'
    },
    'C:\\Users\\27843\\Downloads\\RingtoneKit_Codelab_\\entry': {
      moduleName: 'entry',
      modulePkgPath: 'C:\\Users\\27843\\Downloads\\RingtoneKit_Codelab_\\entry',
      belongProjectPath: 'C:\\Users\\27843\\Downloads\\RingtoneKit_Codelab_'
    },
    'C:\\Users\\27843\\Downloads\\RingtoneKit_Codelab_': {
      moduleName: 'RingtoneKit_Codelab_',
      modulePkgPath: 'C:\\Users\\27843\\Downloads\\RingtoneKit_Codelab_',
      belongProjectPath: 'C:\\Users\\27843\\Downloads\\RingtoneKit_Codelab_'
    }
  },
  pkgJsonFileHash: '2d3aabe892cb47a8d32dc51369771e7583ba0b181fb1299d8dac661ceb735d99',
  allModulePaths: [ 'C:\\Users\\27843\\Downloads\\RingtoneKit_Codelab_\\entry' ],
  routerMap: {},
  obfuscationOptions: undefined,
  byteCodeHarToDependencyKeys: undefined,
  compileBlockPkg: [],
  mockParams: {
    decorator: '@MockSetup',
    packageName: '@ohos/hamock',
    etsSourceRootPath: 'src/main/ets',
    mockConfigPath: undefined,
    mockConfigKey2ModuleInfo: {},
    source2ModuleIdMap: {}
  },
  copyCodeResourceEnable: true,
  copyCodeResourceExcludes: [],
  copyCodeResourceIncludes: undefined,
  uiTransformOptimization: false,
  sdkPath: 'C:/Program Files/Huawei/DevEco Studio/sdk',
  needPreloadSoFileSet: {},
  preloadSoFilePath: 'C:\\Users\\27843\\Downloads\\RingtoneKit_Codelab_\\entry\\build\\default\\intermediates\\preload\\default\\preload.json',
  useSourceHash: false,
  localModuleParamMap: {},
  otherPaths: {
    'entry/*': [
      '..\\*',
      '..\\..\\..\\build\\default\\generated\\profile\\default\\*'
    ]
  },
  collectImportersConfig: undefined
}
[2026-06-02T17:25:01.661] [DEBUG] debug-file - Compile arkts with external api path: C:\Program Files\Huawei\DevEco Studio\sdk\default\hms\ets
[2026-06-02T17:25:01.662] [DEBUG] debug-file - default@CompileArkTS work[0] is submitted.
[2026-06-02T17:25:01.662] [DEBUG] debug-file - default@CompileArkTS work[0] is pushed to ready queue.
[2026-06-02T17:25:01.663] [DEBUG] debug-file - A work dispatched to worker[31] failed because unable to get work from ready queue.
[2026-06-02T17:25:01.663] [DEBUG] debug-file - A work dispatched to worker[30] failed because unable to get work from ready queue.
[2026-06-02T17:25:01.663] [DEBUG] debug-file - A work dispatched to worker[29] failed because unable to get work from ready queue.
[2026-06-02T17:25:01.663] [DEBUG] debug-file - A work dispatched to worker[28] failed because unable to get work from ready queue.
[2026-06-02T17:25:01.663] [DEBUG] debug-file - A work dispatched to worker[27] failed because unable to get work from ready queue.
[2026-06-02T17:25:01.663] [DEBUG] debug-file - A work dispatched to worker[26] failed because unable to get work from ready queue.
[2026-06-02T17:25:01.663] [DEBUG] debug-file - A work dispatched to worker[25] failed because unable to get work from ready queue.
[2026-06-02T17:25:01.663] [DEBUG] debug-file - A work dispatched to worker[24] failed because unable to get work from ready queue.
[2026-06-02T17:25:01.663] [DEBUG] debug-file - A work dispatched to worker[23] failed because unable to get work from ready queue.
[2026-06-02T17:25:01.663] [DEBUG] debug-file - A work dispatched to worker[22] failed because unable to get work from ready queue.
[2026-06-02T17:25:01.663] [DEBUG] debug-file - A work dispatched to worker[21] failed because unable to get work from ready queue.
[2026-06-02T17:25:01.663] [DEBUG] debug-file - A work dispatched to worker[20] failed because unable to get work from ready queue.
[2026-06-02T17:25:01.663] [DEBUG] debug-file - A work dispatched to worker[19] failed because unable to get work from ready queue.
[2026-06-02T17:25:01.663] [DEBUG] debug-file - A work dispatched to worker[18] failed because unable to get work from ready queue.
[2026-06-02T17:25:01.663] [DEBUG] debug-file - A work dispatched to worker[17] failed because unable to get work from ready queue.
[2026-06-02T17:25:01.663] [DEBUG] debug-file - A work dispatched to worker[16] failed because unable to get work from ready queue.
[2026-06-02T17:25:01.663] [DEBUG] debug-file - A work dispatched to worker[15] failed because unable to get work from ready queue.
[2026-06-02T17:25:01.663] [DEBUG] debug-file - A work dispatched to worker[14] failed because unable to get work from ready queue.
[2026-06-02T17:25:01.663] [DEBUG] debug-file - A work dispatched to worker[13] failed because unable to get work from ready queue.
[2026-06-02T17:25:01.663] [DEBUG] debug-file - A work dispatched to worker[12] failed because unable to get work from ready queue.
[2026-06-02T17:25:01.663] [DEBUG] debug-file - A work dispatched to worker[11] failed because unable to get work from ready queue.
[2026-06-02T17:25:01.663] [DEBUG] debug-file - A work dispatched to worker[10] failed because unable to get work from ready queue.
[2026-06-02T17:25:01.663] [DEBUG] debug-file - A work dispatched to worker[9] failed because unable to get work from ready queue.
[2026-06-02T17:25:01.663] [DEBUG] debug-file - A work dispatched to worker[8] failed because unable to get work from ready queue.
[2026-06-02T17:25:01.663] [DEBUG] debug-file - A work dispatched to worker[7] failed because unable to get work from ready queue.
[2026-06-02T17:25:01.663] [DEBUG] debug-file - A work dispatched to worker[6] failed because unable to get work from ready queue.
[2026-06-02T17:25:01.663] [DEBUG] debug-file - A work dispatched to worker[5] failed because unable to get work from ready queue.
[2026-06-02T17:25:01.664] [DEBUG] debug-file - Create  resident worker with id: 4.
[2026-06-02T17:25:01.666] [DEBUG] debug-file - default@CompileArkTS work[0] has been dispatched to worker[4].
[2026-06-02T17:25:01.666] [DEBUG] debug-file - default@CompileArkTS work[0] is dispatched.
[2026-06-02T17:25:01.666] [DEBUG] debug-file - CopyResources startTime: 3604442620100
[2026-06-02T17:25:01.666] [DEBUG] debug-file - default@CompileArkTS work[1] is submitted.
[2026-06-02T17:25:01.666] [DEBUG] debug-file - default@CompileArkTS work[1] is pushed to ready queue.
[2026-06-02T17:25:01.666] [DEBUG] debug-file - A work dispatched to worker[31] failed because unable to get work from ready queue.
[2026-06-02T17:25:01.666] [DEBUG] debug-file - Create  resident worker with id: 30.
[2026-06-02T17:25:01.667] [DEBUG] debug-file - default@CompileArkTS work[1] has been dispatched to worker[30].
[2026-06-02T17:25:01.667] [DEBUG] debug-file - default@CompileArkTS work[1] is dispatched.
[2026-06-02T17:25:01.667] [DEBUG] debug-file - entry : default@CompileArkTS cost memory 1.6609573364257812
[2026-06-02T17:25:01.669] [DEBUG] debug-file - Executing task :entry:default@BuildJS
[2026-06-02T17:25:01.669] [DEBUG] debug-file - Task 'entry:default@BuildJS' cost while wrapping incremental declarations: 1 ms 
[2026-06-02T17:25:01.671] [DEBUG] debug-file - entry : default@BuildJS cost memory 0.1530609130859375
[2026-06-02T17:25:01.671] [DEBUG] debug-file - runTaskFromQueue task cost before running: 3 s 211 ms 
[2026-06-02T17:25:01.671] [INFO] debug-file - Finished :entry:default@BuildJS... after 3 ms 
[2026-06-02T17:25:01.672] [DEBUG] debug-file - Executing task :entry:default@CacheNativeLibs
[2026-06-02T17:25:01.672] [DEBUG] debug-file - Task 'entry:default@CacheNativeLibs' cost while wrapping incremental declarations: 1 ms 
[2026-06-02T17:25:01.673] [DEBUG] debug-file - Incremental task entry:default@CacheNativeLibs pre-execution cost: 1 ms .
[2026-06-02T17:25:01.673] [DEBUG] debug-file - entry : default@CacheNativeLibs cost memory 0.0947265625
[2026-06-02T17:25:01.673] [INFO] debug-file - UP-TO-DATE :entry:default@CacheNativeLibs...  
[2026-06-02T17:25:02.782] [DEBUG] debug-file - worker[30] has one work done.
[2026-06-02T17:25:02.783] [DEBUG] debug-file - CopyResources is end, endTime: 3605559283000
[2026-06-02T17:25:02.783] [DEBUG] debug-file - default@CompileArkTS work[1] done.
[2026-06-02T17:25:02.783] [DEBUG] debug-file - A work dispatched to worker[30] failed because unable to get work from ready queue.
[2026-06-02T17:25:09.799] [DEBUG] debug-file - worker[4] has one work done.
[2026-06-02T17:25:09.799] [DEBUG] debug-file - Ark compile task finished.finished time is 3612575115200
[2026-06-02T17:25:09.800] [DEBUG] debug-file - default@CompileArkTS work[0] done.
[2026-06-02T17:25:09.800] [DEBUG] debug-file - A work dispatched to worker[4] failed because unable to get work from ready queue.
[2026-06-02T17:25:09.802] [INFO] debug-file - Finished :entry:default@CompileArkTS... after 5 s 447 ms 
[2026-06-02T17:25:09.803] [DEBUG] debug-file - Executing task :entry:default@GeneratePkgModuleJson
[2026-06-02T17:25:09.803] [DEBUG] debug-file - File: 'C:\Users\27843\Downloads\RingtoneKit_Codelab_\entry\build\default\intermediates\preload\default\preload.json' from 'preloadSoJsonPath' is not exists, just ignore.
[2026-06-02T17:25:09.804] [DEBUG] debug-file - Error occurs while handling @Input 'shouldDeduplicateHar': The "data" argument must be of type string or an instance of Buffer, TypedArray, or DataView. Received undefined
[2026-06-02T17:25:09.804] [DEBUG] debug-file - Task 'entry:default@GeneratePkgModuleJson' cost while wrapping incremental declarations: 1 ms 
[2026-06-02T17:25:09.804] [DEBUG] debug-file - entry:default@GeneratePkgModuleJson is not up-to-date, since the input file 'C:\Users\27843\Downloads\RingtoneKit_Codelab_\entry\build\default\intermediates\res\default\module.json' has been changed.
[2026-06-02T17:25:09.804] [DEBUG] debug-file - Incremental task entry:default@GeneratePkgModuleJson pre-execution cost: 1 ms .
[2026-06-02T17:25:09.806] [DEBUG] debug-file - entry : default@GeneratePkgModuleJson cost memory 0.1819000244140625
[2026-06-02T17:25:09.807] [DEBUG] debug-file - runTaskFromQueue task cost before running: 11 s 346 ms 
[2026-06-02T17:25:09.807] [INFO] debug-file - Finished :entry:default@GeneratePkgModuleJson... after 4 ms 
[2026-06-02T17:25:09.807] [DEBUG] debug-file - Executing task :entry:default@ProcessCompiledResources
[2026-06-02T17:25:09.808] [DEBUG] debug-file - File: 'C:\Users\27843\Downloads\RingtoneKit_Codelab_\entry\build\default\intermediates\preload\default\preload.json' from 'preloadSoJsonPath' is not exists, just ignore.
[2026-06-02T17:25:09.808] [DEBUG] debug-file - Task 'entry:default@ProcessCompiledResources' cost while wrapping incremental declarations: 1 ms 
[2026-06-02T17:25:09.808] [DEBUG] debug-file - entry : default@ProcessCompiledResources cost memory 0.06008148193359375
[2026-06-02T17:25:09.808] [DEBUG] debug-file - runTaskFromQueue task cost before running: 11 s 348 ms 
[2026-06-02T17:25:09.808] [INFO] debug-file - Finished :entry:default@ProcessCompiledResources... after 1 ms 
[2026-06-02T17:25:09.810] [DEBUG] debug-file - Executing task :entry:default@PackageHap
[2026-06-02T17:25:09.814] [DEBUG] debug-file - entry:default@PackageHap is not up-to-date, since the input file 'C:\Users\27843\Downloads\RingtoneKit_Codelab_\entry\build\default\intermediates\res\default\module.json' has been changed.
[2026-06-02T17:25:09.814] [DEBUG] debug-file - Incremental task entry:default@PackageHap pre-execution cost: 2 ms .
[2026-06-02T17:25:09.815] [DEBUG] debug-file - Use tool [C:\Program Files\Huawei\DevEco Studio\sdk\default\openharmony\toolchains\lib\app_packing_tool.jar]
 [
  'java',
  '-Dfile.encoding=GBK',
  '-jar',
  'C:\\Program Files\\Huawei\\DevEco Studio\\sdk\\default\\openharmony\\toolchains\\lib\\app_packing_tool.jar',
  '--mode',
  'hap',
  '--force',
  'true',
  '--lib-path',
  'C:\\Users\\27843\\Downloads\\RingtoneKit_Codelab_\\entry\\build\\default\\intermediates\\stripped_native_libs\\default',
  '--json-path',
  'C:\\Users\\27843\\Downloads\\RingtoneKit_Codelab_\\entry\\build\\default\\intermediates\\package\\default\\module.json',
  '--resources-path',
  'C:\\Users\\27843\\Downloads\\RingtoneKit_Codelab_\\entry\\build\\default\\intermediates\\res\\default\\resources',
  '--index-path',
  'C:\\Users\\27843\\Downloads\\RingtoneKit_Codelab_\\entry\\build\\default\\intermediates\\res\\default\\resources.index',
  '--pack-info-path',
  'C:\\Users\\27843\\Downloads\\RingtoneKit_Codelab_\\entry\\build\\default\\outputs\\default\\pack.info',
  '--out-path',
  'C:\\Users\\27843\\Downloads\\RingtoneKit_Codelab_\\entry\\build\\default\\outputs\\default\\entry-default-unsigned.hap',
  '--ets-path',
  'C:\\Users\\27843\\Downloads\\RingtoneKit_Codelab_\\entry\\build\\default\\intermediates\\loader_out\\default\\ets'
]
[2026-06-02T17:25:10.144] [DEBUG] debug-file - java daemon socket received message:{"code":0,"message":"pack success"}
[2026-06-02T17:25:10.149] [DEBUG] debug-file - entry : default@PackageHap cost memory -0.3871612548828125
[2026-06-02T17:25:10.149] [DEBUG] debug-file - runTaskFromQueue task cost before running: 11 s 689 ms 
[2026-06-02T17:25:10.151] [INFO] debug-file - Finished :entry:default@PackageHap... after 339 ms 
[2026-06-02T17:25:10.152] [DEBUG] debug-file - Executing task :entry:default@PackingCheck
[2026-06-02T17:25:10.159] [DEBUG] debug-file - entry : default@PackingCheck cost memory -0.32907867431640625
[2026-06-02T17:25:10.159] [DEBUG] debug-file - runTaskFromQueue task cost before running: 11 s 698 ms 
[2026-06-02T17:25:10.159] [INFO] debug-file - Finished :entry:default@PackingCheck... after 7 ms 
[2026-06-02T17:25:10.160] [DEBUG] debug-file - Executing task :entry:default@SignHap
[2026-06-02T17:25:10.161] [WARN] debug-file - Will skip sign 'hos_hap'. No signingConfigs profile is configured in current project.
             If needed, configure the signingConfigs in C:\Users\27843\Downloads\RingtoneKit_Codelab_\build-profile.json5.
[2026-06-02T17:25:10.161] [DEBUG] debug-file - entry:default@SignHap is not up-to-date, since the input file 'C:\Users\27843\Downloads\RingtoneKit_Codelab_\entry\build\default\outputs\default\entry-default-unsigned.hap' has been changed.
[2026-06-02T17:25:10.162] [DEBUG] debug-file - Incremental task entry:default@SignHap pre-execution cost: 1 ms .
[2026-06-02T17:25:10.162] [DEBUG] debug-file - entry : default@SignHap cost memory 0.0974884033203125
[2026-06-02T17:25:10.162] [DEBUG] debug-file - runTaskFromQueue task cost before running: 11 s 702 ms 
[2026-06-02T17:25:10.162] [INFO] debug-file - Finished :entry:default@SignHap... after 2 ms 
[2026-06-02T17:25:10.163] [DEBUG] debug-file - Executing task :entry:default@CollectDebugSymbol
[2026-06-02T17:25:10.164] [DEBUG] debug-file - entry : default@CollectDebugSymbol cost memory 0.102203369140625
[2026-06-02T17:25:10.165] [DEBUG] debug-file - runTaskFromQueue task cost before running: 11 s 704 ms 
[2026-06-02T17:25:10.165] [INFO] debug-file - Finished :entry:default@CollectDebugSymbol... after 2 ms 
[2026-06-02T17:25:10.165] [DEBUG] debug-file - Executing task :entry:assembleHap
[2026-06-02T17:25:10.165] [DEBUG] debug-file - entry : assembleHap cost memory 0.0126800537109375
[2026-06-02T17:25:10.165] [DEBUG] debug-file - runTaskFromQueue task cost before running: 11 s 705 ms 
[2026-06-02T17:25:10.166] [INFO] debug-file - Finished :entry:assembleHap... after 1 ms 
[2026-06-02T17:25:10.183] [INFO] debug-file - BUILD SUCCESSFUL in 11 s 722 ms 
[2026-06-02T17:25:10.184] [DEBUG] debug-file - Update task entry:default@PreBuild input file:C:\Users\27843\Downloads\RingtoneKit_Codelab_\AppScope\app.json5 cache by regenerate.
[2026-06-02T17:25:10.184] [DEBUG] debug-file - Update task entry:default@PreBuild input file:C:\Users\27843\Downloads\RingtoneKit_Codelab_\entry\src\main\module.json5 cache from map.
[2026-06-02T17:25:10.185] [DEBUG] debug-file - Update task entry:default@PreBuild input file:C:\Users\27843\Downloads\RingtoneKit_Codelab_\build-profile.json5 cache by regenerate.
[2026-06-02T17:25:10.185] [DEBUG] debug-file - Update task entry:default@PreBuild input file:C:\Users\27843\Downloads\RingtoneKit_Codelab_\entry\build-profile.json5 cache by regenerate.
[2026-06-02T17:25:10.185] [DEBUG] debug-file - Update task entry:default@PreBuild input file:C:\Users\27843\Downloads\RingtoneKit_Codelab_\entry\src\main\resources\base\profile\main_pages.json cache by regenerate.
[2026-06-02T17:25:10.185] [DEBUG] debug-file - Update task entry:default@PreBuild input file:C:\Users\27843\Downloads\RingtoneKit_Codelab_\hvigor\hvigor-config.json5 cache by regenerate.
[2026-06-02T17:25:10.186] [DEBUG] debug-file - Update task entry:default@PreBuild input file:C:\Users\27843\Downloads\RingtoneKit_Codelab_\entry\oh-package.json5 cache by regenerate.
[2026-06-02T17:25:10.186] [DEBUG] debug-file - Update task entry:default@PreBuild input file:C:\Users\27843\Downloads\RingtoneKit_Codelab_\oh-package.json5 cache by regenerate.
[2026-06-02T17:25:10.187] [DEBUG] debug-file - Incremental task entry:default@PreBuild post-execution cost:4 ms .
[2026-06-02T17:25:10.187] [DEBUG] debug-file - Update task entry:default@CreateModuleInfo output file:C:\Users\27843\Downloads\RingtoneKit_Codelab_\entry\build\default\generated\profile\default\ModuleInfo.ts cache.
[2026-06-02T17:25:10.187] [DEBUG] debug-file - Incremental task entry:default@CreateModuleInfo post-execution cost:1 ms .
[2026-06-02T17:25:10.187] [DEBUG] debug-file - Update task entry:default@GenerateMetadata input file:C:\Users\27843\Downloads\RingtoneKit_Codelab_\entry\src\main\module.json5 cache from map.
[2026-06-02T17:25:10.187] [DEBUG] debug-file - Update task entry:default@GenerateMetadata output file:C:\Users\27843\Downloads\RingtoneKit_Codelab_\entry\build\default\intermediates\hap_metadata\default\output_metadata.json cache.
[2026-06-02T17:25:10.187] [DEBUG] debug-file - Incremental task entry:default@GenerateMetadata post-execution cost:1 ms .
[2026-06-02T17:25:10.187] [DEBUG] debug-file - Update task entry:default@MergeProfile input file:C:\Users\27843\Downloads\RingtoneKit_Codelab_\AppScope\app.json5 cache by regenerate.
[2026-06-02T17:25:10.188] [DEBUG] debug-file - Update task entry:default@MergeProfile input file:C:\Users\27843\Downloads\RingtoneKit_Codelab_\build-profile.json5 cache by regenerate.
[2026-06-02T17:25:10.188] [DEBUG] debug-file - Update task entry:default@MergeProfile input file:C:\Users\27843\Downloads\RingtoneKit_Codelab_\entry\src\main\module.json5 cache from map.
[2026-06-02T17:25:10.188] [DEBUG] debug-file - Update task entry:default@MergeProfile output file:C:\Users\27843\Downloads\RingtoneKit_Codelab_\entry\build\default\intermediates\merge_profile\default\module.json cache.
[2026-06-02T17:25:10.188] [DEBUG] debug-file - Incremental task entry:default@MergeProfile post-execution cost:1 ms .
[2026-06-02T17:25:10.188] [DEBUG] debug-file - There is no need to refresh cache, since the incremental task entry:default@CreateBuildProfile is up-to-date.
[2026-06-02T17:25:10.188] [DEBUG] debug-file - Update task entry:default@GeneratePkgContextInfo output file:C:\Users\27843\Downloads\RingtoneKit_Codelab_\entry\build\default\intermediates\loader\default\pkgContextInfo.json cache.
[2026-06-02T17:25:10.188] [DEBUG] debug-file - Incremental task entry:default@GeneratePkgContextInfo post-execution cost:1 ms .
[2026-06-02T17:25:10.188] [DEBUG] debug-file - Update task entry:default@ProcessIntegratedHsp output file:C:\Users\27843\Downloads\RingtoneKit_Codelab_\build\cache\default\integrated_hsp\integratedHspCache.json cache.
[2026-06-02T17:25:10.189] [DEBUG] debug-file - Incremental task entry:default@ProcessIntegratedHsp post-execution cost:1 ms .
[2026-06-02T17:25:10.189] [DEBUG] debug-file - Update task entry:default@MakePackInfo input file:C:\Users\27843\Downloads\RingtoneKit_Codelab_\AppScope\app.json5 cache by regenerate.
[2026-06-02T17:25:10.189] [DEBUG] debug-file - Update task entry:default@MakePackInfo input file:C:\Users\27843\Downloads\RingtoneKit_Codelab_\entry\src\main\module.json5 cache from map.
[2026-06-02T17:25:10.189] [DEBUG] debug-file - Update task entry:default@MakePackInfo input file:C:\Users\27843\Downloads\RingtoneKit_Codelab_\build-profile.json5 cache by regenerate.
[2026-06-02T17:25:10.189] [DEBUG] debug-file - Update task entry:default@MakePackInfo output file:C:\Users\27843\Downloads\RingtoneKit_Codelab_\entry\build\default\outputs\default\pack.info cache.
[2026-06-02T17:25:10.189] [DEBUG] debug-file - Incremental task entry:default@MakePackInfo post-execution cost:1 ms .
[2026-06-02T17:25:10.189] [DEBUG] debug-file - Update task entry:default@SyscapTransform input file:C:\Program Files\Huawei\DevEco Studio\sdk\default\openharmony\toolchains\syscap_tool.exe cache by regenerate.
[2026-06-02T17:25:10.190] [DEBUG] debug-file - Update task entry:default@SyscapTransform input file:C:\Program Files\Huawei\DevEco Studio\sdk\default\openharmony\ets\api\device-define cache by regenerate.
[2026-06-02T17:25:10.190] [DEBUG] debug-file - Update task entry:default@SyscapTransform output file:C:\Users\27843\Downloads\RingtoneKit_Codelab_\entry\build\default\intermediates\syscap\default\rpcid.sc cache.
[2026-06-02T17:25:10.191] [DEBUG] debug-file - Incremental task entry:default@SyscapTransform post-execution cost:2 ms .
[2026-06-02T17:25:10.191] [DEBUG] debug-file - Update task entry:default@ProcessProfile input file:C:\Users\27843\Downloads\RingtoneKit_Codelab_\entry\build\default\intermediates\merge_profile\default\module.json cache from map.
[2026-06-02T17:25:10.191] [DEBUG] debug-file - Update task entry:default@ProcessProfile output file:C:\Users\27843\Downloads\RingtoneKit_Codelab_\entry\build\default\intermediates\process_profile\default\module.json cache.
[2026-06-02T17:25:10.191] [DEBUG] debug-file - Incremental task entry:default@ProcessProfile post-execution cost:1 ms .
[2026-06-02T17:25:10.191] [DEBUG] debug-file - Update task entry:default@ProcessRouterMap input file:C:\Users\27843\Downloads\RingtoneKit_Codelab_\entry\oh-package.json5 cache by regenerate.
[2026-06-02T17:25:10.192] [DEBUG] debug-file - Update task entry:default@ProcessRouterMap input file:C:\Users\27843\Downloads\RingtoneKit_Codelab_\oh-package.json5 cache by regenerate.
[2026-06-02T17:25:10.192] [DEBUG] debug-file - Update task entry:default@ProcessRouterMap input file:C:\Users\27843\Downloads\RingtoneKit_Codelab_\entry\src\main\module.json5 cache from map.
[2026-06-02T17:25:10.192] [DEBUG] debug-file - Update task entry:default@ProcessRouterMap output file:C:\Users\27843\Downloads\RingtoneKit_Codelab_\entry\build\default\intermediates\router_map\default\temp-router-map.json cache.
[2026-06-02T17:25:10.192] [DEBUG] debug-file - Update task entry:default@ProcessRouterMap output file:C:\Users\27843\Downloads\RingtoneKit_Codelab_\entry\build\default\intermediates\router_map\default\loader-router-map.json cache.
[2026-06-02T17:25:10.192] [DEBUG] debug-file - Incremental task entry:default@ProcessRouterMap post-execution cost:1 ms .
[2026-06-02T17:25:10.192] [DEBUG] debug-file - Update task entry:default@ProcessShareConfig input file:C:\Users\27843\Downloads\RingtoneKit_Codelab_\entry\oh-package.json5 cache by regenerate.
[2026-06-02T17:25:10.193] [DEBUG] debug-file - Update task entry:default@ProcessShareConfig input file:C:\Users\27843\Downloads\RingtoneKit_Codelab_\oh-package.json5 cache by regenerate.
[2026-06-02T17:25:10.193] [DEBUG] debug-file - Update task entry:default@ProcessShareConfig input file:C:\Users\27843\Downloads\RingtoneKit_Codelab_\entry\src\main\module.json5 cache from map.
[2026-06-02T17:25:10.193] [DEBUG] debug-file - Update task entry:default@ProcessShareConfig output file:C:\Users\27843\Downloads\RingtoneKit_Codelab_\entry\build\default\intermediates\share_config\default\temp-share-config.json cache.
[2026-06-02T17:25:10.193] [DEBUG] debug-file - Incremental task entry:default@ProcessShareConfig post-execution cost:2 ms .
[2026-06-02T17:25:10.194] [DEBUG] debug-file - Update task entry:default@ProcessStartupConfig output file:C:\Users\27843\Downloads\RingtoneKit_Codelab_\entry\build\default\intermediates\startup\default\startup_config.json cache.
[2026-06-02T17:25:10.194] [DEBUG] debug-file - Incremental task entry:default@ProcessStartupConfig post-execution cost:1 ms .
[2026-06-02T17:25:10.194] [DEBUG] debug-file - There is no need to refresh cache, since the incremental task entry:default@ProcessResource is up-to-date.
[2026-06-02T17:25:10.195] [DEBUG] debug-file - Update task entry:default@GenerateLoaderJson input file:C:\Users\27843\Downloads\RingtoneKit_Codelab_\entry\build\default\intermediates\router_map\default\temp-router-map.json cache from map.
[2026-06-02T17:25:10.195] [DEBUG] debug-file - Update task entry:default@GenerateLoaderJson output file:C:\Users\27843\Downloads\RingtoneKit_Codelab_\entry\build\default\intermediates\loader\default\loader.json cache.
[2026-06-02T17:25:10.195] [DEBUG] debug-file - Incremental task entry:default@GenerateLoaderJson post-execution cost:1 ms .
[2026-06-02T17:25:10.195] [DEBUG] debug-file - There is no need to refresh cache, since the incremental task entry:default@ProcessLibs is up-to-date.
[2026-06-02T17:25:10.196] [DEBUG] debug-file - Update task entry:default@CompileResource input file:C:\Users\27843\Downloads\RingtoneKit_Codelab_\entry\src\main\resources cache from map.
[2026-06-02T17:25:10.196] [DEBUG] debug-file - Update task entry:default@CompileResource input file:C:\Users\27843\Downloads\RingtoneKit_Codelab_\AppScope\resources cache by regenerate.
[2026-06-02T17:25:10.197] [DEBUG] debug-file - Update task entry:default@CompileResource input file:C:\Users\27843\Downloads\RingtoneKit_Codelab_\entry\build\default\intermediates\process_profile\default\module.json cache by regenerate.
[2026-06-02T17:25:10.198] [DEBUG] debug-file - Update task entry:default@CompileResource input file:C:\Users\27843\Downloads\RingtoneKit_Codelab_\entry\build\default\intermediates\res\default\resConfig.json cache by regenerate.
[2026-06-02T17:25:10.198] [DEBUG] debug-file - Update task entry:default@CompileResource output file:C:\Users\27843\Downloads\RingtoneKit_Codelab_\entry\build\default\intermediates\res\default cache.
[2026-06-02T17:25:10.201] [DEBUG] debug-file - Update task entry:default@CompileResource output file:C:\Users\27843\Downloads\RingtoneKit_Codelab_\entry\build\default\generated\r\default\ResourceTable.h cache.
[2026-06-02T17:25:10.201] [DEBUG] debug-file - Update task entry:default@CompileResource output file:C:\Users\27843\Downloads\RingtoneKit_Codelab_\entry\build\default\generated\r\default cache.
[2026-06-02T17:25:10.202] [DEBUG] debug-file - Incremental task entry:default@CompileResource post-execution cost:7 ms .
[2026-06-02T17:25:10.202] [DEBUG] debug-file - There is no need to refresh cache, since the incremental task entry:default@DoNativeStrip is up-to-date.
[2026-06-02T17:25:10.203] [DEBUG] debug-file - Update task entry:default@CompileArkTS input file:C:\Users\27843\Downloads\RingtoneKit_Codelab_\entry\build\default\intermediates\loader\default cache from map.
[2026-06-02T17:25:10.203] [DEBUG] debug-file - Update task entry:default@CompileArkTS input file:C:\Users\27843\Downloads\RingtoneKit_Codelab_\entry\build\default\intermediates\res\default\ResourceTable.txt cache by regenerate.
[2026-06-02T17:25:10.203] [DEBUG] debug-file - Update task entry:default@CompileArkTS input file:C:\Users\27843\Downloads\RingtoneKit_Codelab_\entry\build\default\intermediates\res\default\ark_module.json cache by regenerate.
[2026-06-02T17:25:10.203] [DEBUG] debug-file - Update task entry:default@CompileArkTS input file:C:\Users\27843\Downloads\RingtoneKit_Codelab_\entry\build\default\intermediates\res\default\resources\base\profile cache by regenerate.
[2026-06-02T17:25:10.204] [DEBUG] debug-file - Update task entry:default@CompileArkTS input file:C:\Users\27843\Downloads\RingtoneKit_Codelab_\entry\src\main\ets cache by regenerate.
[2026-06-02T17:25:10.205] [DEBUG] debug-file - Update task entry:default@CompileArkTS input file:C:\Users\27843\Downloads\RingtoneKit_Codelab_\entry\build\default\generated\profile\default\BuildProfile.ets cache by regenerate.
[2026-06-02T17:25:10.205] [DEBUG] debug-file - Update task entry:default@CompileArkTS output file:C:\Users\27843\Downloads\RingtoneKit_Codelab_\entry\build\default\intermediates\loader_out\default\ets cache.
[2026-06-02T17:25:10.206] [DEBUG] debug-file - Incremental task entry:default@CompileArkTS post-execution cost:4 ms .
[2026-06-02T17:25:10.206] [DEBUG] debug-file - Update task entry:default@BuildJS input file:C:\Users\27843\Downloads\RingtoneKit_Codelab_\entry\build\default\intermediates\loader\default cache by regenerate.
[2026-06-02T17:25:10.207] [DEBUG] debug-file - Update task entry:default@BuildJS input file:C:\Users\27843\Downloads\RingtoneKit_Codelab_\entry\build\default\intermediates\res\default\ResourceTable.txt cache by regenerate.
[2026-06-02T17:25:10.207] [DEBUG] debug-file - Update task entry:default@BuildJS input file:C:\Users\27843\Downloads\RingtoneKit_Codelab_\entry\build\default\intermediates\res\default\ark_module.json cache by regenerate.
[2026-06-02T17:25:10.207] [DEBUG] debug-file - Update task entry:default@BuildJS input file:C:\Users\27843\Downloads\RingtoneKit_Codelab_\entry\build\default\intermediates\res\default\resources\base\profile cache by regenerate.
[2026-06-02T17:25:10.208] [DEBUG] debug-file - Update task entry:default@BuildJS output file:C:\Users\27843\Downloads\RingtoneKit_Codelab_\entry\build\default\intermediates\loader_out\default\js cache.
[2026-06-02T17:25:10.208] [DEBUG] debug-file - Incremental task entry:default@BuildJS post-execution cost:3 ms .
[2026-06-02T17:25:10.208] [DEBUG] debug-file - There is no need to refresh cache, since the incremental task entry:default@CacheNativeLibs is up-to-date.
[2026-06-02T17:25:10.208] [DEBUG] debug-file - Update task entry:default@GeneratePkgModuleJson input file:C:\Users\27843\Downloads\RingtoneKit_Codelab_\entry\build\default\intermediates\res\default\module.json cache from map.
[2026-06-02T17:25:10.208] [DEBUG] debug-file - Update task entry:default@GeneratePkgModuleJson output file:C:\Users\27843\Downloads\RingtoneKit_Codelab_\entry\build\default\intermediates\package\default\module.json cache.
[2026-06-02T17:25:10.208] [DEBUG] debug-file - Incremental task entry:default@GeneratePkgModuleJson post-execution cost:1 ms .
[2026-06-02T17:25:10.208] [DEBUG] debug-file - Incremental task entry:default@ProcessCompiledResources post-execution cost:1 ms .
[2026-06-02T17:25:10.208] [DEBUG] debug-file - Update task entry:default@PackageHap input file:C:\Users\27843\Downloads\RingtoneKit_Codelab_\entry\build\default\intermediates\stripped_native_libs\default cache by regenerate.
[2026-06-02T17:25:10.209] [DEBUG] debug-file - Update task entry:default@PackageHap input file:C:\Users\27843\Downloads\RingtoneKit_Codelab_\entry\build\default\intermediates\res\default\module.json cache from map.
[2026-06-02T17:25:10.210] [DEBUG] debug-file - Update task entry:default@PackageHap input file:C:\Users\27843\Downloads\RingtoneKit_Codelab_\entry\build\default\intermediates\res\default\resources cache by regenerate.
[2026-06-02T17:25:10.211] [DEBUG] debug-file - Update task entry:default@PackageHap input file:C:\Users\27843\Downloads\RingtoneKit_Codelab_\entry\build\default\intermediates\res\default\resources.index cache by regenerate.
[2026-06-02T17:25:10.211] [DEBUG] debug-file - Update task entry:default@PackageHap input file:C:\Users\27843\Downloads\RingtoneKit_Codelab_\entry\build\default\outputs\default\pack.info cache by regenerate.
[2026-06-02T17:25:10.211] [DEBUG] debug-file - Update task entry:default@PackageHap input file:C:\Users\27843\Downloads\RingtoneKit_Codelab_\entry\build\default\intermediates\loader_out\default\ets cache by regenerate.
[2026-06-02T17:25:10.212] [DEBUG] debug-file - Update task entry:default@PackageHap input file:C:\Users\27843\Downloads\RingtoneKit_Codelab_\entry\build\default\intermediates\loader_out\default\ets\sourceMaps.map cache by regenerate.
[2026-06-02T17:25:10.212] [DEBUG] debug-file - Update task entry:default@PackageHap input file:C:\Users\27843\Downloads\RingtoneKit_Codelab_\entry\build\default\generated\profile\default\BuildProfile.ets cache by regenerate.
[2026-06-02T17:25:10.212] [DEBUG] debug-file - Update task entry:default@PackageHap output file:C:\Users\27843\Downloads\RingtoneKit_Codelab_\entry\build\default\outputs\default\entry-default-unsigned.hap cache.
[2026-06-02T17:25:10.212] [DEBUG] debug-file - Update task entry:default@PackageHap output file:C:\Users\27843\Downloads\RingtoneKit_Codelab_\entry\build\default\intermediates\source_map\default\sourceMaps.map cache.
[2026-06-02T17:25:10.212] [DEBUG] debug-file - Update task entry:default@PackageHap output file:C:\Users\27843\Downloads\RingtoneKit_Codelab_\entry\build\default\outputs\default\mapping\sourceMaps.map cache.
[2026-06-02T17:25:10.213] [DEBUG] debug-file - Incremental task entry:default@PackageHap post-execution cost:5 ms .
[2026-06-02T17:25:10.213] [DEBUG] debug-file - Update task entry:default@SignHap input file:C:\Users\27843\Downloads\RingtoneKit_Codelab_\entry\build\default\outputs\default\entry-default-unsigned.hap cache from map.
[2026-06-02T17:25:10.213] [DEBUG] debug-file - Update task entry:default@SignHap output file:C:\Users\27843\Downloads\RingtoneKit_Codelab_\entry\build\default\outputs\default\entry-default-signed.hap cache.
[2026-06-02T17:25:10.213] [DEBUG] debug-file - Incremental task entry:default@SignHap post-execution cost:1 ms .
[2026-06-02T17:25:10.213] [DEBUG] debug-file - Update task entry:default@CollectDebugSymbol input file:C:\Users\27843\Downloads\RingtoneKit_Codelab_\entry\build\default\intermediates\loader_out\default\ets\sourceMaps.map cache by regenerate.
[2026-06-02T17:25:10.213] [DEBUG] debug-file - Update task entry:default@CollectDebugSymbol input file:C:\Users\27843\Downloads\RingtoneKit_Codelab_\entry\build\default\intermediates\libs\default cache by regenerate.
[2026-06-02T17:25:10.214] [DEBUG] debug-file - Update task entry:default@CollectDebugSymbol output file:C:\Users\27843\Downloads\RingtoneKit_Codelab_\entry\build\default\outputs\default\symbol cache.
[2026-06-02T17:25:10.214] [DEBUG] debug-file - Incremental task entry:default@CollectDebugSymbol post-execution cost:1 ms .
[2026-06-02T17:25:10.245] [DEBUG] debug-file - Cleanup worker 30.
[2026-06-02T17:25:10.245] [DEBUG] debug-file - Worker 30 has been cleaned up.
[2026-06-02T17:25:10.245] [DEBUG] debug-file - Current idle worker size: 1.
[2026-06-02T17:25:10.245] [DEBUG] debug-file - Current resident worker size: 2.
[2026-06-02T17:25:10.246] [DEBUG] debug-file - hvigor build process will be closed.
[2026-06-02T17:25:10.247] [DEBUG] debug-file - java daemon socket close code:1000 reason:close by user
[2026-06-02T17:25:10.249] [DEBUG] debug-file - session manager: send message to worker process.
[2026-06-02T17:25:10.250] [DEBUG] debug-file - session manager: send message to worker process.
[2026-06-02T17:25:10.255] [DEBUG] debug-file - watch worker: worker id should be larger than 0. Nothing will be sent to any worker thread.
[2026-06-02T17:25:10.255] [DEBUG] debug-file - watch worker: worker id should be larger than 0. Nothing will be sent to any worker thread.
[2026-06-02T17:25:10.259] [DEBUG] debug-file - worker[30] exits with exit code 1.
[2026-06-02T17:26:37.388] [DEBUG] debug-file - session manager: set active socket. socketId=ff47YOVNDHNrLq-yAAAH
[2026-06-02T17:26:37.392] [DEBUG] debug-file - watch worker: worker id should be larger than 0. Nothing will be sent to any worker thread.
[2026-06-02T17:26:37.395] [DEBUG] debug-file - Workers' log level updated to INFO
[2026-06-02T17:26:37.399] [DEBUG] debug-file - Hvigor init with startParameters:{
  hvigorfileTypeCheck: false,
  parallelExecution: true,
  incrementalExecution: true,
  printStackTrace: false,
  daemon: true,
  analyze: 0,
  logLevel: Level { level: 20000, levelStr: 'INFO', colour: 'green' },
  optimizationStrategy: 'memory',
  hotCompile: undefined,
  hotReloadBuild: undefined,
  customizedParam: undefined
}
[2026-06-02T17:26:37.402] [DEBUG] debug-file - Cache service initialization finished in 3 ms 
[2026-06-02T17:26:37.403] [DEBUG] debug-file - hvigorfile, resolving C:\Users\27843\Downloads\RingtoneKit_Codelab_\hvigorfile.ts
[2026-06-02T17:26:37.410] [DEBUG] debug-file - hvigorfile, require result:  { default: { plugins: [] } }
[2026-06-02T17:26:37.410] [DEBUG] debug-file - hvigorfile, binding system plugins null
[2026-06-02T17:26:37.410] [DEBUG] debug-file - Starting plugin build process
[2026-06-02T17:26:37.410] [DEBUG] debug-file - App plugin prepare start...
[2026-06-02T17:26:37.411] [DEBUG] debug-file - App plugin prepare end...
[2026-06-02T17:26:37.411] [DEBUG] debug-file - App plugin creating...
[2026-06-02T17:26:37.417] [DEBUG] debug-file - App plugin register hook start...
[2026-06-02T17:26:37.417] [DEBUG] debug-file - App plugin register hook end...
[2026-06-02T17:26:37.417] [DEBUG] debug-file - Plugin build process completed
[2026-06-02T17:26:37.418] [DEBUG] debug-file - Start initialize project's product build option map with build mode debug.
[2026-06-02T17:26:37.418] [DEBUG] debug-file - Picking option from product 'default' with build mode 'debug'.
[2026-06-02T17:26:37.418] [DEBUG] debug-file - Product 'default' build option initialized
[2026-06-02T17:26:37.418] [DEBUG] debug-file - End initialize project's product build option map with build mode 'debug'.
[2026-06-02T17:26:37.419] [DEBUG] debug-file - Obtain build option for product 'default'in this build.
[2026-06-02T17:26:37.420] [DEBUG] debug-file - No signingConfig found, initRemoteHspCache failed.
[2026-06-02T17:26:37.431] [DEBUG] debug-file - Start recording SDK configuration permission data.
[2026-06-02T17:26:37.468] [DEBUG] debug-file - Sdk init in 48 ms 
[2026-06-02T17:26:37.472] [DEBUG] debug-file - Project task initialization takes 4 ms 
[2026-06-02T17:26:37.472] [DEBUG] debug-file - hvigorfile, binding custom plugins []
[2026-06-02T17:26:37.473] [DEBUG] debug-file - hvigorfile, no custom plugins were found in C:\Users\27843\Downloads\RingtoneKit_Codelab_\hvigorfile.ts
[2026-06-02T17:26:37.473] [DEBUG] debug-file - hvigorfile, resolve finished C:\Users\27843\Downloads\RingtoneKit_Codelab_\hvigorfile.ts
[2026-06-02T17:26:37.473] [DEBUG] debug-file - hvigorfile, resolving C:\Users\27843\Downloads\RingtoneKit_Codelab_\entry\hvigorfile.ts
[2026-06-02T17:26:37.477] [DEBUG] debug-file - hvigorfile, require result:  { default: { plugins: [] } }
[2026-06-02T17:26:37.477] [DEBUG] debug-file - hvigorfile, binding system plugins null
[2026-06-02T17:26:37.477] [DEBUG] debug-file - Starting plugin build process
[2026-06-02T17:26:37.477] [DEBUG] debug-file - Hap plugin creating...
[2026-06-02T17:26:37.478] [DEBUG] debug-file - failed to load cangjie to dynamically generate schemas: Error: Cannot find module '@ohos/cangjie-build-support/index'
Require stack:
- C:\Program Files\Huawei\DevEco Studio\tools\hvigor\hvigor-ohos-plugin\src\plugin\hooks\cangjie-register.js
- C:\Program Files\Huawei\DevEco Studio\tools\hvigor\hvigor-ohos-plugin\src\plugin\strategy\stage-init-strategy.js
- C:\Program Files\Huawei\DevEco Studio\tools\hvigor\hvigor-ohos-plugin\src\plugin\builder\abstract-plugin-builder.js
- C:\Program Files\Huawei\DevEco Studio\tools\hvigor\hvigor-ohos-plugin\src\plugin\builder\app-plugin-builder.js
- C:\Program Files\Huawei\DevEco Studio\tools\hvigor\hvigor-ohos-plugin\src\plugin\factory\plugin-factory.js
- C:\Program Files\Huawei\DevEco Studio\tools\hvigor\hvigor-ohos-plugin\index.js
- C:\Users\27843\Downloads\RingtoneKit_Codelab_\hvigorfile.ts
- C:\Program Files\Huawei\DevEco Studio\tools\hvigor\hvigor\src\base\internal\lifecycle\configuration.js
- C:\Program Files\Huawei\DevEco Studio\tools\hvigor\hvigor\src\base\boot\index.js
- C:\Program Files\Huawei\DevEco Studio\tools\hvigor\hvigor\src\base\daemon\cluster\worker-process-lifecycle.js
- C:\Program Files\Huawei\DevEco Studio\tools\hvigor\hvigor\src\base\daemon\process\daemon-process-boot-script.js
[2026-06-02T17:26:37.481] [DEBUG] debug-file - Start initialize module-target build option map, moduleName=entry, buildMode=debug
[2026-06-02T17:26:37.481] [DEBUG] debug-file - Target 'default' config initialized
[2026-06-02T17:26:37.481] [DEBUG] debug-file - Module 'entry' target 'default' build option initialized
[2026-06-02T17:26:37.482] [DEBUG] debug-file - End initialize module-target build option map, moduleName=entry
[2026-06-02T17:26:37.482] [DEBUG] debug-file - Start initialize module-target build option map, moduleName=entry, buildMode=release
[2026-06-02T17:26:37.482] [DEBUG] debug-file - Target 'default' config initialized
[2026-06-02T17:26:37.482] [DEBUG] debug-file - Module 'entry' target 'default' build option initialized
[2026-06-02T17:26:37.482] [DEBUG] debug-file - End initialize module-target build option map, moduleName=entry
[2026-06-02T17:26:37.482] [DEBUG] debug-file - Start initialize module-target build option map, moduleName=entry, buildMode=debug
[2026-06-02T17:26:37.482] [DEBUG] debug-file - Target 'default' config initialized
[2026-06-02T17:26:37.482] [DEBUG] debug-file - Module 'entry' target 'default' build option initialized
[2026-06-02T17:26:37.482] [DEBUG] debug-file - End initialize module-target build option map, moduleName=entry
[2026-06-02T17:26:37.482] [DEBUG] debug-file - Obtain build option for module 'entry' target 'default'in this build.
[2026-06-02T17:26:37.484] [DEBUG] debug-file - Module entry task initialization takes 1 ms 
[2026-06-02T17:26:37.484] [DEBUG] debug-file - Hap plugin register hook start...
[2026-06-02T17:26:37.484] [DEBUG] debug-file - Hap plugin register hook end...
[2026-06-02T17:26:37.484] [DEBUG] debug-file - Plugin build process completed
[2026-06-02T17:26:37.484] [DEBUG] debug-file - hvigorfile, binding custom plugins []
[2026-06-02T17:26:37.484] [DEBUG] debug-file - hvigorfile, no custom plugins were found in C:\Users\27843\Downloads\RingtoneKit_Codelab_\entry\hvigorfile.ts
[2026-06-02T17:26:37.484] [DEBUG] debug-file - hvigorfile, resolve finished C:\Users\27843\Downloads\RingtoneKit_Codelab_\entry\hvigorfile.ts
[2026-06-02T17:26:37.550] [DEBUG] debug-file - hvigorfile, resolve hvigorfile dependencies in 66 ms 
[2026-06-02T17:26:37.551] [DEBUG] debug-file - project has submodules:entry
[2026-06-02T17:26:37.552] [DEBUG] debug-file - start to load updatedOhPackageInfo to the disk
[2026-06-02T17:26:37.555] [DEBUG] debug-file - load to the disk finished
[2026-06-02T17:26:37.556] [DEBUG] debug-file - Start to initialize dependency information.
[2026-06-02T17:26:37.556] [DEBUG] debug-file - Module RingtoneKit_Codelab_ Collected Dependency: 
[2026-06-02T17:26:37.556] [DEBUG] debug-file - Module RingtoneKit_Codelab_'s total dependency: 0
[2026-06-02T17:26:37.557] [DEBUG] debug-file - Start to initialize dependency information.
[2026-06-02T17:26:37.558] [DEBUG] debug-file - Module entry Collected Dependency: 
[2026-06-02T17:26:37.558] [DEBUG] debug-file - Module entry's total dependency: 0
[2026-06-02T17:26:37.559] [DEBUG] debug-file - Configuration phase cost:157 ms 
[2026-06-02T17:26:37.560] [DEBUG] debug-file - Configuration task cost before running: 165 ms 
[2026-06-02T17:26:37.562] [DEBUG] debug-file - Executing task :entry:default@PreBuild
[2026-06-02T17:26:37.563] [WARN] debug-file - The project has not explicitly set the 'targetSdkVersion' version at build-profile.json5. It is recommended to configure it. Reference: https://developer.huawei.com/consumer/cn/doc/harmonyos-guides/ide-hvigor-build-profile-app#section45865492619
[2026-06-02T17:26:37.563] [DEBUG] debug-file - Task 'entry:default@PreBuild' cost while wrapping incremental declarations: 1 ms 
[2026-06-02T17:26:37.568] [DEBUG] debug-file - entry:default@PreBuild is not up-to-date, since the task snapshots are different.
[2026-06-02T17:26:37.569] [DEBUG] debug-file - Incremental task entry:default@PreBuild pre-execution cost: 5 ms .
[2026-06-02T17:26:37.573] [DEBUG] debug-file - current product is not Atomic service.
[2026-06-02T17:26:37.573] [DEBUG] debug-file - Use tool [win32: JAVA_HOME, CLASSPATH]
 [
  { JAVA_HOME: 'C:\\Program Files\\Huawei\\DevEco Studio\\jbr' },
  { CLASSPATH: undefined }
]
[2026-06-02T17:26:37.573] [DEBUG] debug-file - Use tool [win32: NODE_HOME]
 [
  {
    NODE_HOME: 'C:\\Program Files\\Huawei\\DevEco Studio\\tools\\node'
  }
]
[2026-06-02T17:26:37.573] [DEBUG] debug-file - entry : default@PreBuild cost memory 0.564666748046875
[2026-06-02T17:26:37.573] [DEBUG] debug-file - runTaskFromQueue task cost before running: 178 ms 
[2026-06-02T17:26:37.574] [INFO] debug-file - Finished :entry:default@PreBuild... after 11 ms 
[2026-06-02T17:26:37.575] [DEBUG] debug-file - Executing task :entry:default@CreateModuleInfo
[2026-06-02T17:26:37.575] [DEBUG] debug-file - Task 'entry:default@CreateModuleInfo' cost while wrapping incremental declarations: 1 ms 
[2026-06-02T17:26:37.576] [DEBUG] debug-file - entry : default@CreateModuleInfo cost memory 0.04183197021484375
[2026-06-02T17:26:37.576] [DEBUG] debug-file - runTaskFromQueue task cost before running: 181 ms 
[2026-06-02T17:26:37.576] [INFO] debug-file - Finished :entry:default@CreateModuleInfo... after 1 ms 
[2026-06-02T17:26:37.577] [DEBUG] debug-file - Executing task :entry:default@GenerateMetadata
[2026-06-02T17:26:37.577] [DEBUG] debug-file - Task 'entry:default@GenerateMetadata' cost while wrapping incremental declarations: 1 ms 
[2026-06-02T17:26:37.578] [DEBUG] debug-file - Incremental task entry:default@GenerateMetadata pre-execution cost: 1 ms .
[2026-06-02T17:26:37.578] [DEBUG] debug-file - entry : default@GenerateMetadata cost memory 0.08350372314453125
[2026-06-02T17:26:37.578] [INFO] debug-file - UP-TO-DATE :entry:default@GenerateMetadata...  
[2026-06-02T17:26:37.578] [DEBUG] debug-file - Executing task :entry:default@ConfigureCmake
[2026-06-02T17:26:37.578] [DEBUG] debug-file - entry : default@ConfigureCmake cost memory 0.01451873779296875
[2026-06-02T17:26:37.578] [DEBUG] debug-file - runTaskFromQueue task cost before running: 184 ms 
[2026-06-02T17:26:37.579] [INFO] debug-file - Finished :entry:default@ConfigureCmake... after 1 ms 
[2026-06-02T17:26:37.579] [DEBUG] debug-file - Executing task :entry:default@MergeProfile
[2026-06-02T17:26:37.579] [DEBUG] debug-file - Task 'entry:default@MergeProfile' cost while wrapping incremental declarations: 1 ms 
[2026-06-02T17:26:37.582] [DEBUG] debug-file - Incremental task entry:default@MergeProfile pre-execution cost: 2 ms .
[2026-06-02T17:26:37.582] [DEBUG] debug-file - entry : default@MergeProfile cost memory 0.12174224853515625
[2026-06-02T17:26:37.582] [INFO] debug-file - UP-TO-DATE :entry:default@MergeProfile...  
[2026-06-02T17:26:37.583] [DEBUG] debug-file - Executing task :entry:default@CreateBuildProfile
[2026-06-02T17:26:37.583] [DEBUG] debug-file - Task 'entry:default@CreateBuildProfile' cost while wrapping incremental declarations: 1 ms 
[2026-06-02T17:26:37.584] [DEBUG] debug-file - Incremental task entry:default@CreateBuildProfile pre-execution cost: 1 ms .
[2026-06-02T17:26:37.584] [DEBUG] debug-file - entry : default@CreateBuildProfile cost memory 0.0906982421875
[2026-06-02T17:26:37.584] [INFO] debug-file - UP-TO-DATE :entry:default@CreateBuildProfile...  
[2026-06-02T17:26:37.585] [DEBUG] debug-file - Executing task :entry:default@PreCheckSyscap
[2026-06-02T17:26:37.585] [DEBUG] debug-file - entry : default@PreCheckSyscap cost memory 0.01470184326171875
[2026-06-02T17:26:37.585] [DEBUG] debug-file - runTaskFromQueue task cost before running: 190 ms 
[2026-06-02T17:26:37.585] [INFO] debug-file - Finished :entry:default@PreCheckSyscap... after 1 ms 
[2026-06-02T17:26:37.586] [DEBUG] debug-file - Executing task :entry:default@GeneratePkgContextInfo
[2026-06-02T17:26:37.588] [DEBUG] debug-file - Task 'entry:default@GeneratePkgContextInfo' cost while wrapping incremental declarations: 1 ms 
[2026-06-02T17:26:37.589] [DEBUG] debug-file - entry : default@GeneratePkgContextInfo cost memory 0.4005889892578125
[2026-06-02T17:26:37.589] [DEBUG] debug-file - runTaskFromQueue task cost before running: 194 ms 
[2026-06-02T17:26:37.589] [INFO] debug-file - Finished :entry:default@GeneratePkgContextInfo... after 3 ms 
[2026-06-02T17:26:37.591] [DEBUG] debug-file - Executing task :entry:default@ProcessIntegratedHsp
[2026-06-02T17:26:37.591] [DEBUG] debug-file - entry:default@ProcessIntegratedHsp is not up-to-date, since the output file 'C:\Users\27843\Downloads\RingtoneKit_Codelab_\build\cache\default\integrated_hsp\integratedHspCache.json' does not exist.
[2026-06-02T17:26:37.591] [DEBUG] debug-file - Incremental task entry:default@ProcessIntegratedHsp pre-execution cost: 1 ms .
[2026-06-02T17:26:37.591] [DEBUG] debug-file - entry : default@ProcessIntegratedHsp cost memory 0.05797576904296875
[2026-06-02T17:26:37.591] [DEBUG] debug-file - runTaskFromQueue task cost before running: 196 ms 
[2026-06-02T17:26:37.591] [INFO] debug-file - Finished :entry:default@ProcessIntegratedHsp... after 1 ms 
[2026-06-02T17:26:37.592] [DEBUG] debug-file - Executing task :entry:default@BuildNativeWithCmake
[2026-06-02T17:26:37.592] [DEBUG] debug-file - entry : default@BuildNativeWithCmake cost memory 0.0144805908203125
[2026-06-02T17:26:37.592] [DEBUG] debug-file - runTaskFromQueue task cost before running: 197 ms 
[2026-06-02T17:26:37.595] [INFO] debug-file - Finished :entry:default@BuildNativeWithCmake... after 1 ms 
[2026-06-02T17:26:37.597] [DEBUG] debug-file - Executing task :entry:default@MakePackInfo
[2026-06-02T17:26:37.599] [DEBUG] debug-file - Incremental task entry:default@MakePackInfo pre-execution cost: 2 ms .
[2026-06-02T17:26:37.599] [DEBUG] debug-file - entry : default@MakePackInfo cost memory 0.10382843017578125
[2026-06-02T17:26:37.599] [INFO] debug-file - UP-TO-DATE :entry:default@MakePackInfo...  
[2026-06-02T17:26:37.601] [DEBUG] debug-file - Executing task :entry:default@SyscapTransform
[2026-06-02T17:26:37.601] [DEBUG] debug-file - File: 'C:\Users\27843\Downloads\RingtoneKit_Codelab_\entry\src\main\syscap.json' from 'sysCapJsonPath' is not exists, just ignore.
[2026-06-02T17:26:37.601] [DEBUG] debug-file - Task 'entry:default@SyscapTransform' cost while wrapping incremental declarations: 1 ms 
[2026-06-02T17:26:37.604] [DEBUG] debug-file - entry:default@SyscapTransform is not up-to-date, since the output file 'C:\Users\27843\Downloads\RingtoneKit_Codelab_\entry\build\default\intermediates\syscap\default\rpcid.sc' does not exist.
[2026-06-02T17:26:37.604] [DEBUG] debug-file - Incremental task entry:default@SyscapTransform pre-execution cost: 3 ms .
[2026-06-02T17:26:37.604] [DEBUG] debug-file - entry : default@SyscapTransform cost memory 0.14745330810546875
[2026-06-02T17:26:37.604] [DEBUG] debug-file - runTaskFromQueue task cost before running: 209 ms 
[2026-06-02T17:26:37.604] [INFO] debug-file - Finished :entry:default@SyscapTransform... after 4 ms 
[2026-06-02T17:26:37.606] [DEBUG] debug-file - Executing task :entry:default@ProcessProfile
[2026-06-02T17:26:37.607] [DEBUG] debug-file - Task 'entry:default@ProcessProfile' cost while wrapping incremental declarations: 1 ms 
[2026-06-02T17:26:37.608] [DEBUG] debug-file - Incremental task entry:default@ProcessProfile pre-execution cost: 1 ms .
[2026-06-02T17:26:37.608] [DEBUG] debug-file - entry : default@ProcessProfile cost memory 0.1217193603515625
[2026-06-02T17:26:37.608] [INFO] debug-file - UP-TO-DATE :entry:default@ProcessProfile...  
[2026-06-02T17:26:37.609] [DEBUG] debug-file - Executing task :entry:default@ProcessRouterMap
[2026-06-02T17:26:37.611] [DEBUG] debug-file - Incremental task entry:default@ProcessRouterMap pre-execution cost: 2 ms .
[2026-06-02T17:26:37.612] [DEBUG] debug-file - entry : default@ProcessRouterMap cost memory 0.13471221923828125
[2026-06-02T17:26:37.612] [INFO] debug-file - UP-TO-DATE :entry:default@ProcessRouterMap...  
[2026-06-02T17:26:37.614] [DEBUG] debug-file - Executing task :entry:default@ProcessShareConfig
[2026-06-02T17:26:37.616] [DEBUG] debug-file - Incremental task entry:default@ProcessShareConfig pre-execution cost: 2 ms .
[2026-06-02T17:26:37.616] [DEBUG] debug-file - entry : default@ProcessShareConfig cost memory 0.1121368408203125
[2026-06-02T17:26:37.616] [INFO] debug-file - UP-TO-DATE :entry:default@ProcessShareConfig...  
[2026-06-02T17:26:37.618] [DEBUG] debug-file - Executing task :entry:default@ProcessStartupConfig
[2026-06-02T17:26:37.618] [DEBUG] debug-file - Task 'entry:default@ProcessStartupConfig' cost while wrapping incremental declarations: 1 ms 
[2026-06-02T17:26:37.618] [DEBUG] debug-file - entry:default@ProcessStartupConfig is not up-to-date, since the output file 'C:\Users\27843\Downloads\RingtoneKit_Codelab_\entry\build\default\intermediates\startup\default\startup_config.json' does not exist.
[2026-06-02T17:26:37.618] [DEBUG] debug-file - Incremental task entry:default@ProcessStartupConfig pre-execution cost: 1 ms .
[2026-06-02T17:26:37.619] [DEBUG] debug-file - entry : default@ProcessStartupConfig cost memory 0.097381591796875
[2026-06-02T17:26:37.619] [DEBUG] debug-file - runTaskFromQueue task cost before running: 224 ms 
[2026-06-02T17:26:37.619] [INFO] debug-file - Finished :entry:default@ProcessStartupConfig... after 2 ms 
[2026-06-02T17:26:37.620] [DEBUG] debug-file - Executing task :entry:default@BuildNativeWithNinja
[2026-06-02T17:26:37.621] [DEBUG] debug-file - entry : default@BuildNativeWithNinja cost memory 0.02159881591796875
[2026-06-02T17:26:37.621] [DEBUG] debug-file - runTaskFromQueue task cost before running: 226 ms 
[2026-06-02T17:26:37.621] [INFO] debug-file - Finished :entry:default@BuildNativeWithNinja... after 1 ms 
[2026-06-02T17:26:37.622] [DEBUG] debug-file - restool module names: entry; moduleName=entry, taskName=default@ProcessResource
[2026-06-02T17:26:37.623] [DEBUG] debug-file - Executing task :entry:default@ProcessResource
[2026-06-02T17:26:37.623] [DEBUG] debug-file - Task 'entry:default@ProcessResource' cost while wrapping incremental declarations: 1 ms 
[2026-06-02T17:26:37.633] [DEBUG] debug-file - Incremental task entry:default@ProcessResource pre-execution cost: 9 ms .
[2026-06-02T17:26:37.633] [DEBUG] debug-file - entry : default@ProcessResource cost memory -6.8561553955078125
[2026-06-02T17:26:37.635] [INFO] debug-file - UP-TO-DATE :entry:default@ProcessResource...  
[2026-06-02T17:26:37.637] [DEBUG] debug-file - Executing task :entry:default@GenerateLoaderJson
[2026-06-02T17:26:37.637] [DEBUG] debug-file - Task 'entry:default@GenerateLoaderJson' cost while wrapping incremental declarations: 1 ms 
[2026-06-02T17:26:37.643] [DEBUG] debug-file - Incremental task entry:default@GenerateLoaderJson pre-execution cost: 4 ms .
[2026-06-02T17:26:37.643] [DEBUG] debug-file - entry : default@GenerateLoaderJson cost memory 0.49604034423828125
[2026-06-02T17:26:37.646] [INFO] debug-file - UP-TO-DATE :entry:default@GenerateLoaderJson...  
[2026-06-02T17:26:37.647] [DEBUG] debug-file - Executing task :entry:default@ProcessLibs
[2026-06-02T17:26:37.649] [DEBUG] debug-file - Incremental task entry:default@ProcessLibs pre-execution cost: 2 ms .
[2026-06-02T17:26:37.649] [DEBUG] debug-file - entry : default@ProcessLibs cost memory 0.10994720458984375
[2026-06-02T17:26:37.649] [INFO] debug-file - UP-TO-DATE :entry:default@ProcessLibs...  
[2026-06-02T17:26:37.650] [DEBUG] debug-file - restool module names: entry; moduleName=entry, taskName=default@CompileResource
[2026-06-02T17:26:37.651] [DEBUG] debug-file - Executing task :entry:default@CompileResource
[2026-06-02T17:26:37.658] [DEBUG] debug-file - Incremental task entry:default@CompileResource pre-execution cost: 8 ms .
[2026-06-02T17:26:37.659] [DEBUG] debug-file - entry : default@CompileResource cost memory 0.577239990234375
[2026-06-02T17:26:37.659] [INFO] debug-file - UP-TO-DATE :entry:default@CompileResource...  
[2026-06-02T17:26:37.660] [DEBUG] debug-file - Executing task :entry:default@DoNativeStrip
[2026-06-02T17:26:37.660] [DEBUG] debug-file - Task 'entry:default@DoNativeStrip' cost while wrapping incremental declarations: 1 ms 
[2026-06-02T17:26:37.661] [DEBUG] debug-file - Incremental task entry:default@DoNativeStrip pre-execution cost: 1 ms .
[2026-06-02T17:26:37.661] [DEBUG] debug-file - entry : default@DoNativeStrip cost memory 0.07657623291015625
[2026-06-02T17:26:37.661] [INFO] debug-file - UP-TO-DATE :entry:default@DoNativeStrip...  
[2026-06-02T17:26:37.662] [DEBUG] debug-file - Executing task :entry:default@CompileArkTS
[2026-06-02T17:26:37.662] [DEBUG] debug-file - obfuscationOptions: undefined
[2026-06-02T17:26:37.663] [DEBUG] debug-file - Task 'entry:default@CompileArkTS' cost while wrapping incremental declarations: 1 ms 
[2026-06-02T17:26:37.668] [DEBUG] debug-file - Incremental task entry:default@CompileArkTS pre-execution cost: 5 ms .
[2026-06-02T17:26:37.669] [DEBUG] debug-file - entry : default@CompileArkTS cost memory 0.47771453857421875
[2026-06-02T17:26:37.670] [INFO] debug-file - UP-TO-DATE :entry:default@CompileArkTS...  
[2026-06-02T17:26:37.671] [DEBUG] debug-file - Executing task :entry:default@BuildJS
[2026-06-02T17:26:37.671] [DEBUG] debug-file - Task 'entry:default@BuildJS' cost while wrapping incremental declarations: 1 ms 
[2026-06-02T17:26:37.672] [DEBUG] debug-file - entry : default@BuildJS cost memory 0.15386962890625
[2026-06-02T17:26:37.672] [DEBUG] debug-file - runTaskFromQueue task cost before running: 278 ms 
[2026-06-02T17:26:37.673] [INFO] debug-file - Finished :entry:default@BuildJS... after 2 ms 
[2026-06-02T17:26:37.674] [DEBUG] debug-file - Executing task :entry:default@CacheNativeLibs
[2026-06-02T17:26:37.674] [DEBUG] debug-file - Task 'entry:default@CacheNativeLibs' cost while wrapping incremental declarations: 1 ms 
[2026-06-02T17:26:37.675] [DEBUG] debug-file - Incremental task entry:default@CacheNativeLibs pre-execution cost: 1 ms .
[2026-06-02T17:26:37.675] [DEBUG] debug-file - entry : default@CacheNativeLibs cost memory 0.09014129638671875
[2026-06-02T17:26:37.675] [INFO] debug-file - UP-TO-DATE :entry:default@CacheNativeLibs...  
[2026-06-02T17:26:37.676] [DEBUG] debug-file - Executing task :entry:default@GeneratePkgModuleJson
[2026-06-02T17:26:37.676] [DEBUG] debug-file - File: 'C:\Users\27843\Downloads\RingtoneKit_Codelab_\entry\build\default\intermediates\preload\default\preload.json' from 'preloadSoJsonPath' is not exists, just ignore.
[2026-06-02T17:26:37.676] [DEBUG] debug-file - Error occurs while handling @Input 'shouldDeduplicateHar': The "data" argument must be of type string or an instance of Buffer, TypedArray, or DataView. Received undefined
[2026-06-02T17:26:37.676] [DEBUG] debug-file - Task 'entry:default@GeneratePkgModuleJson' cost while wrapping incremental declarations: 1 ms 
[2026-06-02T17:26:37.677] [DEBUG] debug-file - Incremental task entry:default@GeneratePkgModuleJson pre-execution cost: 1 ms .
[2026-06-02T17:26:37.677] [DEBUG] debug-file - entry : default@GeneratePkgModuleJson cost memory 0.10350799560546875
[2026-06-02T17:26:37.677] [INFO] debug-file - UP-TO-DATE :entry:default@GeneratePkgModuleJson...  
[2026-06-02T17:26:37.677] [DEBUG] debug-file - Executing task :entry:default@ProcessCompiledResources
[2026-06-02T17:26:37.677] [DEBUG] debug-file - File: 'C:\Users\27843\Downloads\RingtoneKit_Codelab_\entry\build\default\intermediates\preload\default\preload.json' from 'preloadSoJsonPath' is not exists, just ignore.
[2026-06-02T17:26:37.677] [DEBUG] debug-file - Task 'entry:default@ProcessCompiledResources' cost while wrapping incremental declarations: 1 ms 
[2026-06-02T17:26:37.678] [DEBUG] debug-file - entry : default@ProcessCompiledResources cost memory 0.05982208251953125
[2026-06-02T17:26:37.678] [DEBUG] debug-file - runTaskFromQueue task cost before running: 283 ms 
[2026-06-02T17:26:37.678] [INFO] debug-file - Finished :entry:default@ProcessCompiledResources... after 1 ms 
[2026-06-02T17:26:37.680] [DEBUG] debug-file - Executing task :entry:default@PackageHap
[2026-06-02T17:26:37.684] [DEBUG] debug-file - Incremental task entry:default@PackageHap pre-execution cost: 4 ms .
[2026-06-02T17:26:37.684] [DEBUG] debug-file - entry : default@PackageHap cost memory 0.39527130126953125
[2026-06-02T17:26:37.685] [INFO] debug-file - UP-TO-DATE :entry:default@PackageHap...  
[2026-06-02T17:26:37.686] [DEBUG] debug-file - Executing task :entry:default@PackingCheck
[2026-06-02T17:26:37.690] [DEBUG] debug-file - entry : default@PackingCheck cost memory 0.373687744140625
[2026-06-02T17:26:37.690] [DEBUG] debug-file - runTaskFromQueue task cost before running: 296 ms 
[2026-06-02T17:26:37.691] [INFO] debug-file - Finished :entry:default@PackingCheck... after 5 ms 
[2026-06-02T17:26:37.692] [DEBUG] debug-file - Executing task :entry:default@SignHap
[2026-06-02T17:26:37.692] [WARN] debug-file - Will skip sign 'hos_hap'. No signingConfigs profile is configured in current project.
             If needed, configure the signingConfigs in C:\Users\27843\Downloads\RingtoneKit_Codelab_\build-profile.json5.
[2026-06-02T17:26:37.692] [DEBUG] debug-file - entry:default@SignHap is not up-to-date, since the output file 'C:\Users\27843\Downloads\RingtoneKit_Codelab_\entry\build\default\outputs\default\entry-default-signed.hap' does not exist.
[2026-06-02T17:26:37.692] [DEBUG] debug-file - Incremental task entry:default@SignHap pre-execution cost: 1 ms .
[2026-06-02T17:26:37.693] [DEBUG] debug-file - entry : default@SignHap cost memory 0.09246063232421875
[2026-06-02T17:26:37.693] [DEBUG] debug-file - runTaskFromQueue task cost before running: 298 ms 
[2026-06-02T17:26:37.693] [INFO] debug-file - Finished :entry:default@SignHap... after 1 ms 
[2026-06-02T17:26:37.694] [DEBUG] debug-file - Executing task :entry:default@CollectDebugSymbol
[2026-06-02T17:26:37.695] [DEBUG] debug-file - entry : default@CollectDebugSymbol cost memory 0.0980377197265625
[2026-06-02T17:26:37.695] [DEBUG] debug-file - runTaskFromQueue task cost before running: 300 ms 
[2026-06-02T17:26:37.695] [INFO] debug-file - Finished :entry:default@CollectDebugSymbol... after 1 ms 
[2026-06-02T17:26:37.695] [DEBUG] debug-file - Executing task :entry:assembleHap
[2026-06-02T17:26:37.695] [DEBUG] debug-file - entry : assembleHap cost memory 0.012725830078125
[2026-06-02T17:26:37.695] [DEBUG] debug-file - runTaskFromQueue task cost before running: 301 ms 
[2026-06-02T17:26:37.696] [INFO] debug-file - Finished :entry:assembleHap... after 1 ms 
[2026-06-02T17:26:37.715] [INFO] debug-file - BUILD SUCCESSFUL in 320 ms 
[2026-06-02T17:26:37.716] [DEBUG] debug-file - Update task entry:default@PreBuild input file:C:\Users\27843\Downloads\RingtoneKit_Codelab_\AppScope\app.json5 cache by regenerate.
[2026-06-02T17:26:37.716] [DEBUG] debug-file - Update task entry:default@PreBuild input file:C:\Users\27843\Downloads\RingtoneKit_Codelab_\entry\src\main\module.json5 cache by regenerate.
[2026-06-02T17:26:37.716] [DEBUG] debug-file - Update task entry:default@PreBuild input file:C:\Users\27843\Downloads\RingtoneKit_Codelab_\build-profile.json5 cache by regenerate.
[2026-06-02T17:26:37.716] [DEBUG] debug-file - Update task entry:default@PreBuild input file:C:\Users\27843\Downloads\RingtoneKit_Codelab_\entry\build-profile.json5 cache by regenerate.
[2026-06-02T17:26:37.716] [DEBUG] debug-file - Update task entry:default@PreBuild input file:C:\Users\27843\Downloads\RingtoneKit_Codelab_\entry\src\main\resources\base\profile\main_pages.json cache by regenerate.
[2026-06-02T17:26:37.716] [DEBUG] debug-file - Update task entry:default@PreBuild input file:C:\Users\27843\Downloads\RingtoneKit_Codelab_\hvigor\hvigor-config.json5 cache by regenerate.
[2026-06-02T17:26:37.717] [DEBUG] debug-file - Update task entry:default@PreBuild input file:C:\Users\27843\Downloads\RingtoneKit_Codelab_\entry\oh-package.json5 cache by regenerate.
[2026-06-02T17:26:37.717] [DEBUG] debug-file - Update task entry:default@PreBuild input file:C:\Users\27843\Downloads\RingtoneKit_Codelab_\oh-package.json5 cache by regenerate.
[2026-06-02T17:26:37.717] [DEBUG] debug-file - Incremental task entry:default@PreBuild post-execution cost:3 ms .
[2026-06-02T17:26:37.717] [DEBUG] debug-file - Update task entry:default@CreateModuleInfo output file:C:\Users\27843\Downloads\RingtoneKit_Codelab_\entry\build\default\generated\profile\default\ModuleInfo.ts cache.
[2026-06-02T17:26:37.717] [DEBUG] debug-file - Incremental task entry:default@CreateModuleInfo post-execution cost:1 ms .
[2026-06-02T17:26:37.717] [DEBUG] debug-file - There is no need to refresh cache, since the incremental task entry:default@GenerateMetadata is up-to-date.
[2026-06-02T17:26:37.717] [DEBUG] debug-file - There is no need to refresh cache, since the incremental task entry:default@MergeProfile is up-to-date.
[2026-06-02T17:26:37.717] [DEBUG] debug-file - There is no need to refresh cache, since the incremental task entry:default@CreateBuildProfile is up-to-date.
[2026-06-02T17:26:37.717] [DEBUG] debug-file - Update task entry:default@GeneratePkgContextInfo output file:C:\Users\27843\Downloads\RingtoneKit_Codelab_\entry\build\default\intermediates\loader\default\pkgContextInfo.json cache.
[2026-06-02T17:26:37.718] [DEBUG] debug-file - Incremental task entry:default@GeneratePkgContextInfo post-execution cost:1 ms .
[2026-06-02T17:26:37.718] [DEBUG] debug-file - Update task entry:default@ProcessIntegratedHsp output file:C:\Users\27843\Downloads\RingtoneKit_Codelab_\build\cache\default\integrated_hsp\integratedHspCache.json cache.
[2026-06-02T17:26:37.718] [DEBUG] debug-file - Incremental task entry:default@ProcessIntegratedHsp post-execution cost:1 ms .
[2026-06-02T17:26:37.718] [DEBUG] debug-file - There is no need to refresh cache, since the incremental task entry:default@MakePackInfo is up-to-date.
[2026-06-02T17:26:37.718] [DEBUG] debug-file - Update task entry:default@SyscapTransform input file:C:\Program Files\Huawei\DevEco Studio\sdk\default\openharmony\toolchains\syscap_tool.exe cache by regenerate.
[2026-06-02T17:26:37.718] [DEBUG] debug-file - Update task entry:default@SyscapTransform input file:C:\Program Files\Huawei\DevEco Studio\sdk\default\openharmony\ets\api\device-define cache by regenerate.
[2026-06-02T17:26:37.719] [DEBUG] debug-file - Update task entry:default@SyscapTransform output file:C:\Users\27843\Downloads\RingtoneKit_Codelab_\entry\build\default\intermediates\syscap\default\rpcid.sc cache.
[2026-06-02T17:26:37.720] [DEBUG] debug-file - Incremental task entry:default@SyscapTransform post-execution cost:2 ms .
[2026-06-02T17:26:37.720] [DEBUG] debug-file - There is no need to refresh cache, since the incremental task entry:default@ProcessProfile is up-to-date.
[2026-06-02T17:26:37.720] [DEBUG] debug-file - There is no need to refresh cache, since the incremental task entry:default@ProcessRouterMap is up-to-date.
[2026-06-02T17:26:37.720] [DEBUG] debug-file - There is no need to refresh cache, since the incremental task entry:default@ProcessShareConfig is up-to-date.
[2026-06-02T17:26:37.720] [DEBUG] debug-file - Update task entry:default@ProcessStartupConfig output file:C:\Users\27843\Downloads\RingtoneKit_Codelab_\entry\build\default\intermediates\startup\default\startup_config.json cache.
[2026-06-02T17:26:37.720] [DEBUG] debug-file - Incremental task entry:default@ProcessStartupConfig post-execution cost:1 ms .
[2026-06-02T17:26:37.720] [DEBUG] debug-file - There is no need to refresh cache, since the incremental task entry:default@ProcessResource is up-to-date.
[2026-06-02T17:26:37.720] [DEBUG] debug-file - There is no need to refresh cache, since the incremental task entry:default@GenerateLoaderJson is up-to-date.
[2026-06-02T17:26:37.720] [DEBUG] debug-file - There is no need to refresh cache, since the incremental task entry:default@ProcessLibs is up-to-date.
[2026-06-02T17:26:37.720] [DEBUG] debug-file - There is no need to refresh cache, since the incremental task entry:default@CompileResource is up-to-date.
[2026-06-02T17:26:37.720] [DEBUG] debug-file - There is no need to refresh cache, since the incremental task entry:default@DoNativeStrip is up-to-date.
[2026-06-02T17:26:37.720] [DEBUG] debug-file - There is no need to refresh cache, since the incremental task entry:default@CompileArkTS is up-to-date.
[2026-06-02T17:26:37.721] [DEBUG] debug-file - Update task entry:default@BuildJS input file:C:\Users\27843\Downloads\RingtoneKit_Codelab_\entry\build\default\intermediates\loader\default cache by regenerate.
[2026-06-02T17:26:37.721] [DEBUG] debug-file - Update task entry:default@BuildJS input file:C:\Users\27843\Downloads\RingtoneKit_Codelab_\entry\build\default\intermediates\res\default\ResourceTable.txt cache by regenerate.
[2026-06-02T17:26:37.721] [DEBUG] debug-file - Update task entry:default@BuildJS input file:C:\Users\27843\Downloads\RingtoneKit_Codelab_\entry\build\default\intermediates\res\default\ark_module.json cache by regenerate.
[2026-06-02T17:26:37.721] [DEBUG] debug-file - Update task entry:default@BuildJS input file:C:\Users\27843\Downloads\RingtoneKit_Codelab_\entry\build\default\intermediates\res\default\resources\base\profile cache by regenerate.
[2026-06-02T17:26:37.722] [DEBUG] debug-file - Update task entry:default@BuildJS output file:C:\Users\27843\Downloads\RingtoneKit_Codelab_\entry\build\default\intermediates\loader_out\default\js cache.
[2026-06-02T17:26:37.722] [DEBUG] debug-file - Incremental task entry:default@BuildJS post-execution cost:2 ms .
[2026-06-02T17:26:37.722] [DEBUG] debug-file - There is no need to refresh cache, since the incremental task entry:default@CacheNativeLibs is up-to-date.
[2026-06-02T17:26:37.722] [DEBUG] debug-file - There is no need to refresh cache, since the incremental task entry:default@GeneratePkgModuleJson is up-to-date.
[2026-06-02T17:26:37.722] [DEBUG] debug-file - Incremental task entry:default@ProcessCompiledResources post-execution cost:1 ms .
[2026-06-02T17:26:37.722] [DEBUG] debug-file - There is no need to refresh cache, since the incremental task entry:default@PackageHap is up-to-date.
[2026-06-02T17:26:37.722] [DEBUG] debug-file - Update task entry:default@SignHap input file:C:\Users\27843\Downloads\RingtoneKit_Codelab_\entry\build\default\outputs\default\entry-default-unsigned.hap cache by regenerate.
[2026-06-02T17:26:37.722] [DEBUG] debug-file - Update task entry:default@SignHap output file:C:\Users\27843\Downloads\RingtoneKit_Codelab_\entry\build\default\outputs\default\entry-default-signed.hap cache.
[2026-06-02T17:26:37.723] [DEBUG] debug-file - Incremental task entry:default@SignHap post-execution cost:1 ms .
[2026-06-02T17:26:37.723] [DEBUG] debug-file - Update task entry:default@CollectDebugSymbol input file:C:\Users\27843\Downloads\RingtoneKit_Codelab_\entry\build\default\intermediates\loader_out\default\ets\sourceMaps.map cache by regenerate.
[2026-06-02T17:26:37.723] [DEBUG] debug-file - Update task entry:default@CollectDebugSymbol input file:C:\Users\27843\Downloads\RingtoneKit_Codelab_\entry\build\default\intermediates\libs\default cache by regenerate.
[2026-06-02T17:26:37.723] [DEBUG] debug-file - Update task entry:default@CollectDebugSymbol output file:C:\Users\27843\Downloads\RingtoneKit_Codelab_\entry\build\default\outputs\default\symbol cache.
[2026-06-02T17:26:37.723] [DEBUG] debug-file - Incremental task entry:default@CollectDebugSymbol post-execution cost:1 ms .
[2026-06-02T17:26:37.748] [DEBUG] debug-file - hvigor build process will be closed.
[2026-06-02T17:26:37.760] [DEBUG] debug-file - session manager: send message to worker process.
[2026-06-02T17:26:37.760] [DEBUG] debug-file - session manager: send message to worker process.
[2026-06-02T17:26:37.782] [DEBUG] debug-file - watch worker: worker id should be larger than 0. Nothing will be sent to any worker thread.
[2026-06-02T17:26:37.782] [DEBUG] debug-file - watch worker: worker id should be larger than 0. Nothing will be sent to any worker thread.
[2026-06-02T17:31:27.504] [DEBUG] debug-file - session manager: set active socket. socketId=a0QpIdrG7RsVnH80AAAJ
[2026-06-02T17:31:27.508] [DEBUG] debug-file - watch worker: worker id should be larger than 0. Nothing will be sent to any worker thread.
[2026-06-02T17:31:27.510] [DEBUG] debug-file - Workers' log level updated to INFO
[2026-06-02T17:31:27.513] [DEBUG] debug-file - Hvigor init with startParameters:{
  hvigorfileTypeCheck: false,
  parallelExecution: true,
  incrementalExecution: true,
  printStackTrace: false,
  daemon: true,
  analyze: 0,
  logLevel: Level { level: 20000, levelStr: 'INFO', colour: 'green' },
  optimizationStrategy: 'memory',
  hotCompile: undefined,
  hotReloadBuild: undefined,
  customizedParam: undefined
}
[2026-06-02T17:31:27.516] [DEBUG] debug-file - Cache service initialization finished in 3 ms 
[2026-06-02T17:31:27.516] [DEBUG] debug-file - hvigorfile, resolving C:\Users\27843\Downloads\RingtoneKit_Codelab_\hvigorfile.ts
[2026-06-02T17:31:27.527] [DEBUG] debug-file - hvigorfile, require result:  { default: { plugins: [] } }
[2026-06-02T17:31:27.527] [DEBUG] debug-file - hvigorfile, binding system plugins null
[2026-06-02T17:31:27.527] [DEBUG] debug-file - Starting plugin build process
[2026-06-02T17:31:27.527] [DEBUG] debug-file - App plugin prepare start...
[2026-06-02T17:31:27.527] [DEBUG] debug-file - App plugin prepare end...
[2026-06-02T17:31:27.527] [DEBUG] debug-file - App plugin creating...
[2026-06-02T17:31:27.533] [DEBUG] debug-file - App plugin register hook start...
[2026-06-02T17:31:27.533] [DEBUG] debug-file - App plugin register hook end...
[2026-06-02T17:31:27.533] [DEBUG] debug-file - Plugin build process completed
[2026-06-02T17:31:27.533] [DEBUG] debug-file - Start initialize project's product build option map with build mode debug.
[2026-06-02T17:31:27.533] [DEBUG] debug-file - Picking option from product 'default' with build mode 'debug'.
[2026-06-02T17:31:27.533] [DEBUG] debug-file - Product 'default' build option initialized
[2026-06-02T17:31:27.533] [DEBUG] debug-file - End initialize project's product build option map with build mode 'debug'.
[2026-06-02T17:31:27.534] [DEBUG] debug-file - Obtain build option for product 'default'in this build.
[2026-06-02T17:31:27.535] [DEBUG] debug-file - No signingConfig found, initRemoteHspCache failed.
[2026-06-02T17:31:27.538] [DEBUG] debug-file - Start recording SDK configuration permission data.
[2026-06-02T17:31:27.565] [DEBUG] debug-file - Sdk init in 30 ms 
[2026-06-02T17:31:27.568] [DEBUG] debug-file - Project task initialization takes 3 ms 
[2026-06-02T17:31:27.568] [DEBUG] debug-file - hvigorfile, binding custom plugins []
[2026-06-02T17:31:27.569] [DEBUG] debug-file - hvigorfile, no custom plugins were found in C:\Users\27843\Downloads\RingtoneKit_Codelab_\hvigorfile.ts
[2026-06-02T17:31:27.569] [DEBUG] debug-file - hvigorfile, resolve finished C:\Users\27843\Downloads\RingtoneKit_Codelab_\hvigorfile.ts
[2026-06-02T17:31:27.569] [DEBUG] debug-file - hvigorfile, resolving C:\Users\27843\Downloads\RingtoneKit_Codelab_\entry\hvigorfile.ts
[2026-06-02T17:31:27.574] [DEBUG] debug-file - hvigorfile, require result:  { default: { plugins: [] } }
[2026-06-02T17:31:27.574] [DEBUG] debug-file - hvigorfile, binding system plugins null
[2026-06-02T17:31:27.574] [DEBUG] debug-file - Starting plugin build process
[2026-06-02T17:31:27.574] [DEBUG] debug-file - Hap plugin creating...
[2026-06-02T17:31:27.576] [DEBUG] debug-file - failed to load cangjie to dynamically generate schemas: Error: Cannot find module '@ohos/cangjie-build-support/index'
Require stack:
- C:\Program Files\Huawei\DevEco Studio\tools\hvigor\hvigor-ohos-plugin\src\plugin\hooks\cangjie-register.js
- C:\Program Files\Huawei\DevEco Studio\tools\hvigor\hvigor-ohos-plugin\src\plugin\strategy\stage-init-strategy.js
- C:\Program Files\Huawei\DevEco Studio\tools\hvigor\hvigor-ohos-plugin\src\plugin\builder\abstract-plugin-builder.js
- C:\Program Files\Huawei\DevEco Studio\tools\hvigor\hvigor-ohos-plugin\src\plugin\builder\app-plugin-builder.js
- C:\Program Files\Huawei\DevEco Studio\tools\hvigor\hvigor-ohos-plugin\src\plugin\factory\plugin-factory.js
- C:\Program Files\Huawei\DevEco Studio\tools\hvigor\hvigor-ohos-plugin\index.js
- C:\Users\27843\Downloads\RingtoneKit_Codelab_\hvigorfile.ts
- C:\Program Files\Huawei\DevEco Studio\tools\hvigor\hvigor\src\base\internal\lifecycle\configuration.js
- C:\Program Files\Huawei\DevEco Studio\tools\hvigor\hvigor\src\base\boot\index.js
- C:\Program Files\Huawei\DevEco Studio\tools\hvigor\hvigor\src\base\daemon\cluster\worker-process-lifecycle.js
- C:\Program Files\Huawei\DevEco Studio\tools\hvigor\hvigor\src\base\daemon\process\daemon-process-boot-script.js
[2026-06-02T17:31:27.578] [DEBUG] debug-file - Start initialize module-target build option map, moduleName=entry, buildMode=debug
[2026-06-02T17:31:27.578] [DEBUG] debug-file - Target 'default' config initialized
[2026-06-02T17:31:27.579] [DEBUG] debug-file - Module 'entry' target 'default' build option initialized
[2026-06-02T17:31:27.579] [DEBUG] debug-file - End initialize module-target build option map, moduleName=entry
[2026-06-02T17:31:27.579] [DEBUG] debug-file - Start initialize module-target build option map, moduleName=entry, buildMode=release
[2026-06-02T17:31:27.579] [DEBUG] debug-file - Target 'default' config initialized
[2026-06-02T17:31:27.580] [DEBUG] debug-file - Module 'entry' target 'default' build option initialized
[2026-06-02T17:31:27.580] [DEBUG] debug-file - End initialize module-target build option map, moduleName=entry
[2026-06-02T17:31:27.580] [DEBUG] debug-file - Start initialize module-target build option map, moduleName=entry, buildMode=debug
[2026-06-02T17:31:27.580] [DEBUG] debug-file - Target 'default' config initialized
[2026-06-02T17:31:27.580] [DEBUG] debug-file - Module 'entry' target 'default' build option initialized
[2026-06-02T17:31:27.580] [DEBUG] debug-file - End initialize module-target build option map, moduleName=entry
[2026-06-02T17:31:27.580] [DEBUG] debug-file - Obtain build option for module 'entry' target 'default'in this build.
[2026-06-02T17:31:27.581] [DEBUG] debug-file - Module entry task initialization takes 1 ms 
[2026-06-02T17:31:27.581] [DEBUG] debug-file - Hap plugin register hook start...
[2026-06-02T17:31:27.581] [DEBUG] debug-file - Hap plugin register hook end...
[2026-06-02T17:31:27.581] [DEBUG] debug-file - Plugin build process completed
[2026-06-02T17:31:27.581] [DEBUG] debug-file - hvigorfile, binding custom plugins []
[2026-06-02T17:31:27.582] [DEBUG] debug-file - hvigorfile, no custom plugins were found in C:\Users\27843\Downloads\RingtoneKit_Codelab_\entry\hvigorfile.ts
[2026-06-02T17:31:27.582] [DEBUG] debug-file - hvigorfile, resolve finished C:\Users\27843\Downloads\RingtoneKit_Codelab_\entry\hvigorfile.ts
[2026-06-02T17:31:27.649] [DEBUG] debug-file - hvigorfile, resolve hvigorfile dependencies in 67 ms 
[2026-06-02T17:31:27.649] [DEBUG] debug-file - project has submodules:entry
[2026-06-02T17:31:27.650] [DEBUG] debug-file - start to load updatedOhPackageInfo to the disk
[2026-06-02T17:31:27.654] [DEBUG] debug-file - load to the disk finished
[2026-06-02T17:31:27.654] [DEBUG] debug-file - Start to initialize dependency information.
[2026-06-02T17:31:27.655] [DEBUG] debug-file - Module RingtoneKit_Codelab_ Collected Dependency: 
[2026-06-02T17:31:27.655] [DEBUG] debug-file - Module RingtoneKit_Codelab_'s total dependency: 0
[2026-06-02T17:31:27.656] [DEBUG] debug-file - Start to initialize dependency information.
[2026-06-02T17:31:27.657] [DEBUG] debug-file - Module entry Collected Dependency: 
[2026-06-02T17:31:27.657] [DEBUG] debug-file - Module entry's total dependency: 0
[2026-06-02T17:31:27.658] [DEBUG] debug-file - Configuration phase cost:143 ms 
[2026-06-02T17:31:27.659] [DEBUG] debug-file - Configuration task cost before running: 149 ms 
[2026-06-02T17:31:27.661] [DEBUG] debug-file - Executing task :entry:default@PreBuild
[2026-06-02T17:31:27.662] [WARN] debug-file - The project has not explicitly set the 'targetSdkVersion' version at build-profile.json5. It is recommended to configure it. Reference: https://developer.huawei.com/consumer/cn/doc/harmonyos-guides/ide-hvigor-build-profile-app#section45865492619
[2026-06-02T17:31:27.662] [DEBUG] debug-file - Task 'entry:default@PreBuild' cost while wrapping incremental declarations: 1 ms 
[2026-06-02T17:31:27.667] [DEBUG] debug-file - Incremental task entry:default@PreBuild pre-execution cost: 4 ms .
[2026-06-02T17:31:27.667] [DEBUG] debug-file - entry : default@PreBuild cost memory 0.3323822021484375
[2026-06-02T17:31:27.668] [INFO] debug-file - UP-TO-DATE :entry:default@PreBuild...  
[2026-06-02T17:31:27.669] [DEBUG] debug-file - Executing task :entry:default@CreateModuleInfo
[2026-06-02T17:31:27.669] [DEBUG] debug-file - Task 'entry:default@CreateModuleInfo' cost while wrapping incremental declarations: 1 ms 
[2026-06-02T17:31:27.669] [DEBUG] debug-file - entry : default@CreateModuleInfo cost memory 0.0418548583984375
[2026-06-02T17:31:27.669] [DEBUG] debug-file - runTaskFromQueue task cost before running: 159 ms 
[2026-06-02T17:31:27.669] [INFO] debug-file - Finished :entry:default@CreateModuleInfo... after 1 ms 
[2026-06-02T17:31:27.670] [DEBUG] debug-file - Executing task :entry:default@GenerateMetadata
[2026-06-02T17:31:27.671] [DEBUG] debug-file - Task 'entry:default@GenerateMetadata' cost while wrapping incremental declarations: 1 ms 
[2026-06-02T17:31:27.671] [DEBUG] debug-file - Incremental task entry:default@GenerateMetadata pre-execution cost: 1 ms .
[2026-06-02T17:31:27.671] [DEBUG] debug-file - entry : default@GenerateMetadata cost memory 0.08333587646484375
[2026-06-02T17:31:27.672] [INFO] debug-file - UP-TO-DATE :entry:default@GenerateMetadata...  
[2026-06-02T17:31:27.672] [DEBUG] debug-file - Executing task :entry:default@ConfigureCmake
[2026-06-02T17:31:27.672] [DEBUG] debug-file - entry : default@ConfigureCmake cost memory 0.0144805908203125
[2026-06-02T17:31:27.672] [DEBUG] debug-file - runTaskFromQueue task cost before running: 162 ms 
[2026-06-02T17:31:27.672] [INFO] debug-file - Finished :entry:default@ConfigureCmake... after 1 ms 
[2026-06-02T17:31:27.673] [DEBUG] debug-file - Executing task :entry:default@MergeProfile
[2026-06-02T17:31:27.673] [DEBUG] debug-file - Task 'entry:default@MergeProfile' cost while wrapping incremental declarations: 1 ms 
[2026-06-02T17:31:27.675] [DEBUG] debug-file - Incremental task entry:default@MergeProfile pre-execution cost: 2 ms .
[2026-06-02T17:31:27.675] [DEBUG] debug-file - entry : default@MergeProfile cost memory 0.1216888427734375
[2026-06-02T17:31:27.675] [INFO] debug-file - UP-TO-DATE :entry:default@MergeProfile...  
[2026-06-02T17:31:27.676] [DEBUG] debug-file - Executing task :entry:default@CreateBuildProfile
[2026-06-02T17:31:27.676] [DEBUG] debug-file - Task 'entry:default@CreateBuildProfile' cost while wrapping incremental declarations: 1 ms 
[2026-06-02T17:31:27.677] [DEBUG] debug-file - Incremental task entry:default@CreateBuildProfile pre-execution cost: 1 ms .
[2026-06-02T17:31:27.677] [DEBUG] debug-file - entry : default@CreateBuildProfile cost memory 0.0908203125
[2026-06-02T17:31:27.677] [INFO] debug-file - UP-TO-DATE :entry:default@CreateBuildProfile...  
[2026-06-02T17:31:27.678] [DEBUG] debug-file - Executing task :entry:default@PreCheckSyscap
[2026-06-02T17:31:27.678] [DEBUG] debug-file - entry : default@PreCheckSyscap cost memory 0.01470184326171875
[2026-06-02T17:31:27.678] [DEBUG] debug-file - runTaskFromQueue task cost before running: 168 ms 
[2026-06-02T17:31:27.678] [INFO] debug-file - Finished :entry:default@PreCheckSyscap... after 1 ms 
[2026-06-02T17:31:27.679] [DEBUG] debug-file - Executing task :entry:default@GeneratePkgContextInfo
[2026-06-02T17:31:27.681] [DEBUG] debug-file - Task 'entry:default@GeneratePkgContextInfo' cost while wrapping incremental declarations: 1 ms 
[2026-06-02T17:31:27.681] [DEBUG] debug-file - entry : default@GeneratePkgContextInfo cost memory 0.16896820068359375
[2026-06-02T17:31:27.681] [DEBUG] debug-file - runTaskFromQueue task cost before running: 171 ms 
[2026-06-02T17:31:27.681] [INFO] debug-file - Finished :entry:default@GeneratePkgContextInfo... after 3 ms 
[2026-06-02T17:31:27.684] [DEBUG] debug-file - Executing task :entry:default@ProcessIntegratedHsp
[2026-06-02T17:31:27.684] [DEBUG] debug-file - entry:default@ProcessIntegratedHsp is not up-to-date, since the output file 'C:\Users\27843\Downloads\RingtoneKit_Codelab_\build\cache\default\integrated_hsp\integratedHspCache.json' does not exist.
[2026-06-02T17:31:27.684] [DEBUG] debug-file - Incremental task entry:default@ProcessIntegratedHsp pre-execution cost: 1 ms .
[2026-06-02T17:31:27.684] [DEBUG] debug-file - entry : default@ProcessIntegratedHsp cost memory 0.0583038330078125
[2026-06-02T17:31:27.684] [DEBUG] debug-file - runTaskFromQueue task cost before running: 174 ms 
[2026-06-02T17:31:27.684] [INFO] debug-file - Finished :entry:default@ProcessIntegratedHsp... after 1 ms 
[2026-06-02T17:31:27.685] [DEBUG] debug-file - Executing task :entry:default@BuildNativeWithCmake
[2026-06-02T17:31:27.685] [DEBUG] debug-file - entry : default@BuildNativeWithCmake cost memory 0.0144805908203125
[2026-06-02T17:31:27.685] [DEBUG] debug-file - runTaskFromQueue task cost before running: 175 ms 
[2026-06-02T17:31:27.686] [INFO] debug-file - Finished :entry:default@BuildNativeWithCmake... after 1 ms 
[2026-06-02T17:31:27.686] [DEBUG] debug-file - Executing task :entry:default@MakePackInfo
[2026-06-02T17:31:27.687] [DEBUG] debug-file - Incremental task entry:default@MakePackInfo pre-execution cost: 2 ms .
[2026-06-02T17:31:27.688] [DEBUG] debug-file - entry : default@MakePackInfo cost memory 0.10346221923828125
[2026-06-02T17:31:27.688] [INFO] debug-file - UP-TO-DATE :entry:default@MakePackInfo...  
[2026-06-02T17:31:27.688] [DEBUG] debug-file - Executing task :entry:default@SyscapTransform
[2026-06-02T17:31:27.689] [DEBUG] debug-file - File: 'C:\Users\27843\Downloads\RingtoneKit_Codelab_\entry\src\main\syscap.json' from 'sysCapJsonPath' is not exists, just ignore.
[2026-06-02T17:31:27.689] [DEBUG] debug-file - Task 'entry:default@SyscapTransform' cost while wrapping incremental declarations: 1 ms 
[2026-06-02T17:31:27.691] [DEBUG] debug-file - entry:default@SyscapTransform is not up-to-date, since the output file 'C:\Users\27843\Downloads\RingtoneKit_Codelab_\entry\build\default\intermediates\syscap\default\rpcid.sc' does not exist.
[2026-06-02T17:31:27.691] [DEBUG] debug-file - Incremental task entry:default@SyscapTransform pre-execution cost: 2 ms .
[2026-06-02T17:31:27.691] [DEBUG] debug-file - entry : default@SyscapTransform cost memory 0.1471099853515625
[2026-06-02T17:31:27.691] [DEBUG] debug-file - runTaskFromQueue task cost before running: 181 ms 
[2026-06-02T17:31:27.691] [INFO] debug-file - Finished :entry:default@SyscapTransform... after 3 ms 
[2026-06-02T17:31:27.693] [DEBUG] debug-file - Executing task :entry:default@ProcessProfile
[2026-06-02T17:31:27.696] [DEBUG] debug-file - Task 'entry:default@ProcessProfile' cost while wrapping incremental declarations: 1 ms 
[2026-06-02T17:31:27.697] [DEBUG] debug-file - Incremental task entry:default@ProcessProfile pre-execution cost: 1 ms .
[2026-06-02T17:31:27.697] [DEBUG] debug-file - entry : default@ProcessProfile cost memory -3.9756011962890625
[2026-06-02T17:31:27.697] [INFO] debug-file - UP-TO-DATE :entry:default@ProcessProfile...  
[2026-06-02T17:31:27.698] [DEBUG] debug-file - Executing task :entry:default@ProcessRouterMap
[2026-06-02T17:31:27.700] [DEBUG] debug-file - Incremental task entry:default@ProcessRouterMap pre-execution cost: 2 ms .
[2026-06-02T17:31:27.701] [DEBUG] debug-file - entry : default@ProcessRouterMap cost memory 0.1351318359375
[2026-06-02T17:31:27.701] [INFO] debug-file - UP-TO-DATE :entry:default@ProcessRouterMap...  
[2026-06-02T17:31:27.702] [DEBUG] debug-file - Executing task :entry:default@ProcessShareConfig
[2026-06-02T17:31:27.704] [DEBUG] debug-file - Incremental task entry:default@ProcessShareConfig pre-execution cost: 2 ms .
[2026-06-02T17:31:27.704] [DEBUG] debug-file - entry : default@ProcessShareConfig cost memory 0.11608123779296875
[2026-06-02T17:31:27.704] [INFO] debug-file - UP-TO-DATE :entry:default@ProcessShareConfig...  
[2026-06-02T17:31:27.705] [DEBUG] debug-file - Executing task :entry:default@ProcessStartupConfig
[2026-06-02T17:31:27.706] [DEBUG] debug-file - Task 'entry:default@ProcessStartupConfig' cost while wrapping incremental declarations: 1 ms 
[2026-06-02T17:31:27.706] [DEBUG] debug-file - entry:default@ProcessStartupConfig is not up-to-date, since the output file 'C:\Users\27843\Downloads\RingtoneKit_Codelab_\entry\build\default\intermediates\startup\default\startup_config.json' does not exist.
[2026-06-02T17:31:27.706] [DEBUG] debug-file - Incremental task entry:default@ProcessStartupConfig pre-execution cost: 1 ms .
[2026-06-02T17:31:27.707] [DEBUG] debug-file - entry : default@ProcessStartupConfig cost memory 0.09737396240234375
[2026-06-02T17:31:27.707] [DEBUG] debug-file - runTaskFromQueue task cost before running: 197 ms 
[2026-06-02T17:31:27.707] [INFO] debug-file - Finished :entry:default@ProcessStartupConfig... after 2 ms 
[2026-06-02T17:31:27.708] [DEBUG] debug-file - Executing task :entry:default@BuildNativeWithNinja
[2026-06-02T17:31:27.708] [DEBUG] debug-file - entry : default@BuildNativeWithNinja cost memory 0.02159881591796875
[2026-06-02T17:31:27.708] [DEBUG] debug-file - runTaskFromQueue task cost before running: 198 ms 
[2026-06-02T17:31:27.709] [INFO] debug-file - Finished :entry:default@BuildNativeWithNinja... after 1 ms 
[2026-06-02T17:31:27.710] [DEBUG] debug-file - restool module names: entry; moduleName=entry, taskName=default@ProcessResource
[2026-06-02T17:31:27.711] [DEBUG] debug-file - Executing task :entry:default@ProcessResource
[2026-06-02T17:31:27.711] [DEBUG] debug-file - Task 'entry:default@ProcessResource' cost while wrapping incremental declarations: 1 ms 
[2026-06-02T17:31:27.712] [DEBUG] debug-file - Incremental task entry:default@ProcessResource pre-execution cost: 1 ms .
[2026-06-02T17:31:27.712] [DEBUG] debug-file - entry : default@ProcessResource cost memory 0.13497161865234375
[2026-06-02T17:31:27.713] [INFO] debug-file - UP-TO-DATE :entry:default@ProcessResource...  
[2026-06-02T17:31:27.714] [DEBUG] debug-file - Executing task :entry:default@GenerateLoaderJson
[2026-06-02T17:31:27.714] [DEBUG] debug-file - Task 'entry:default@GenerateLoaderJson' cost while wrapping incremental declarations: 1 ms 
[2026-06-02T17:31:27.720] [DEBUG] debug-file - Incremental task entry:default@GenerateLoaderJson pre-execution cost: 4 ms .
[2026-06-02T17:31:27.720] [DEBUG] debug-file - entry : default@GenerateLoaderJson cost memory 0.7108154296875
[2026-06-02T17:31:27.722] [INFO] debug-file - UP-TO-DATE :entry:default@GenerateLoaderJson...  
[2026-06-02T17:31:27.723] [DEBUG] debug-file - Executing task :entry:default@ProcessLibs
[2026-06-02T17:31:27.724] [DEBUG] debug-file - Incremental task entry:default@ProcessLibs pre-execution cost: 1 ms .
[2026-06-02T17:31:27.724] [DEBUG] debug-file - entry : default@ProcessLibs cost memory 0.10256195068359375
[2026-06-02T17:31:27.725] [INFO] debug-file - UP-TO-DATE :entry:default@ProcessLibs...  
[2026-06-02T17:31:27.726] [DEBUG] debug-file - restool module names: entry; moduleName=entry, taskName=default@CompileResource
[2026-06-02T17:31:27.726] [DEBUG] debug-file - Executing task :entry:default@CompileResource
[2026-06-02T17:31:27.734] [DEBUG] debug-file - Incremental task entry:default@CompileResource pre-execution cost: 7 ms .
[2026-06-02T17:31:27.734] [DEBUG] debug-file - entry : default@CompileResource cost memory 0.5770339965820312
[2026-06-02T17:31:27.735] [INFO] debug-file - UP-TO-DATE :entry:default@CompileResource...  
[2026-06-02T17:31:27.735] [DEBUG] debug-file - Executing task :entry:default@DoNativeStrip
[2026-06-02T17:31:27.736] [DEBUG] debug-file - Task 'entry:default@DoNativeStrip' cost while wrapping incremental declarations: 1 ms 
[2026-06-02T17:31:27.736] [DEBUG] debug-file - Incremental task entry:default@DoNativeStrip pre-execution cost: 1 ms .
[2026-06-02T17:31:27.736] [DEBUG] debug-file - entry : default@DoNativeStrip cost memory 0.07643890380859375
[2026-06-02T17:31:27.736] [INFO] debug-file - UP-TO-DATE :entry:default@DoNativeStrip...  
[2026-06-02T17:31:27.737] [DEBUG] debug-file - Executing task :entry:default@CompileArkTS
[2026-06-02T17:31:27.737] [DEBUG] debug-file - obfuscationOptions: undefined
[2026-06-02T17:31:27.738] [DEBUG] debug-file - Task 'entry:default@CompileArkTS' cost while wrapping incremental declarations: 1 ms 
[2026-06-02T17:31:27.742] [DEBUG] debug-file - entry:default@CompileArkTS is not up-to-date, since the input file 'C:\Users\27843\Downloads\RingtoneKit_Codelab_\entry\src\main\ets' has been changed.
[2026-06-02T17:31:27.742] [DEBUG] debug-file - Incremental task entry:default@CompileArkTS pre-execution cost: 4 ms .
[2026-06-02T17:31:27.748] [DEBUG] debug-file - build config:
[2026-06-02T17:31:27.748] [DEBUG] debug-file - {
  moduleType: 'entry',
  perf: 0,
  targetName: '.default',
  packageManagerType: 'ohpm',
  localPropertiesPath: 'C:\\Users\\27843\\Downloads\\RingtoneKit_Codelab_\\local.properties',
  isPreview: false,
  isOhosTest: false,
  isLocalTest: false,
  buildMode: 'Debug',
  hotReloadBuild: undefined,
  watchMode: 'false',
  aceProfilePath: 'C:\\Users\\27843\\Downloads\\RingtoneKit_Codelab_\\entry\\build\\default\\intermediates\\res\\default\\resources\\base\\profile',
  etsLoaderPath: 'C:\\Program Files\\Huawei\\DevEco Studio\\sdk\\default\\openharmony\\ets\\build-tools\\ets-loader',
  modulePath: 'C:\\Users\\27843\\Downloads\\RingtoneKit_Codelab_\\entry',
  testFrameworkPar: {
    testMode: undefined,
    coveragePathFilter: undefined,
    coverageMode: undefined
  },
  needCoverageInsert: false,
  debugLine: false,
  projectTopDir: 'C:\\Users\\27843\\Downloads\\RingtoneKit_Codelab_',
  compileSdkVersion: 22,
  compatibleSdkVersion: 12,
  originCompatibleSdkVersion: '5.0.0(12)',
  compatibleSdkVersionStage: 'beta1',
  bundleName: 'c***n',
  etsLoaderVersion: '6.0.2.130',
  etsLoaderReleaseType: 'Release',
  aotCompileMode: 'type',
  apPath: 'C:\\Users\\27843\\Downloads\\RingtoneKit_Codelab_\\entry\\modules.ap',
  entryModuleName: 'entry',
  entryModuleVersion: '1.0.0',
  entryPackageName: 'entry',
  allModuleNameHash: 'db44f8a8a620383b923efb1105d6d0eb296559a94ef72a4510286f2511f87786',
  externalApiPaths: [
    'C:\\Program Files\\Huawei\\DevEco Studio\\sdk\\default\\hms\\ets'
  ],
  compilerTypes: [],
  isCrossplatform: false,
  hvigorPluginFile: undefined,
  compilePluginPath: undefined,
  buildGeneratedProfilePath: 'C:\\Users\\27843\\Downloads\\RingtoneKit_Codelab_\\entry\\build\\default\\generated\\profile\\default',
  bundleType: 'app',
  arkTSVersion: undefined,
  apiVersion: 22,
  needCompleteSourcesMap: false,
  isFaMode: false,
  buildDir: 'C:\\Users\\27843\\Downloads\\RingtoneKit_Codelab_\\entry\\build',
  deviceTypes: [ 'phone', 'tablet', 'wearable' ],
  pkgContextInfo: undefined,
  ohPackagePathMap: {},
  dependencyAliasMap: {},
  permission: { requestPermissions: undefined, definePermissions: undefined },
  useGetCurrentBundleName: false,
  projectArkOption: undefined,
  sourceMapDir: undefined,
  branchElimination: false,
  transformLib: undefined,
  tsImportSendable: false,
  resolveConflictMode: true,
  depName2RootPath: {},
  depName2DepInfo: {},
  rootPathSet: [ 'C:\\Users\\27843\\Downloads\\RingtoneKit_Codelab_' ],
  useNativeResolver: true,
  shouldEmitJs: true,
  useTscResolve: false,
  singleFileEmit: false,
  userProjectConfig: {
    autoLazyImport: false,
    allowEmptyBundleName: false,
    reExportCheckMode: 'noCheck',
    executionMode: 'memory',
    usePathPlaceholder: false,
    writeRollupCache: true,
    isExpandImportEnabled: false,
    expandImportExclude: '',
    lazyImportExclude: '',
    lazyImportInclude: '',
    ignoreCrossplatformCheck: false,
    isHarDeduplicateEnabled: false,
    skipOhModulesLint: false,
    enableStrictCheckOHModule: false,
    disableSendableCheckRules: [],
    useDeclarationFileSignature: false,
    customizedOptions: undefined,
    integratedHsp: false,
    isPreloadSoEnabled: false
  },
  executionMode: 'memory',
  arkCompileCachePath: 'C:\\Users\\27843\\Downloads\\RingtoneKit_Codelab_\\entry\\build\\default\\cache\\default\\default@CompileArkTS\\esmodule',
  autoLazyFilter: undefined,
  isHarDeduplicateEnabled: false,
  intermediateHarDuplicateDirPath: 'C:\\Users\\27843\\Downloads\\RingtoneKit_Codelab_\\entry\\build\\default\\intermediates\\har_duplicate\\default',
  autoLazyImport: false,
  allowEmptyBundleName: false,
  reExportCheckMode: 'noCheck',
  usePathPlaceholder: false,
  writeRollupCache: true,
  isExpandImportEnabled: false,
  expandImportExclude: '',
  lazyImportExclude: '',
  lazyImportInclude: '',
  ignoreCrossplatformCheck: false,
  skipOhModulesLint: false,
  enableStrictCheckOHModule: false,
  disableSendableCheckRules: [],
  useDeclarationFileSignature: false,
  customizedOptions: undefined,
  integratedHsp: false,
  isPreloadSoEnabled: false,
  strictMode: undefined,
  useNormalizedOHMUrl: false,
  caseSensitiveCheck: false,
  aceModuleJsonPath: 'C:\\Users\\27843\\Downloads\\RingtoneKit_Codelab_\\entry\\build\\default\\intermediates\\res\\default\\ark_module.json',
  appResource: 'C:\\Users\\27843\\Downloads\\RingtoneKit_Codelab_\\entry\\build\\default\\intermediates\\res\\default\\ResourceTable.txt',
  rawFileResource: 'C:\\Users\\27843\\Downloads\\RingtoneKit_Codelab_\\entry\\build\\default\\intermediates\\res\\default\\resources\\rawfile',
  resourceTableHash: '0a5e461b8cc472af07d60289bf2402599b7c63db39b7448590c7effc1f3dc134',
  runtimeOS: 'HarmonyOS',
  sdkInfo: 'false:22:6.0.2.130:Release',
  aceModuleRoot: 'C:\\Users\\27843\\Downloads\\RingtoneKit_Codelab_\\entry\\src\\main\\ets',
  compileMode: 'esmodule',
  aceSuperVisualPath: 'C:\\Users\\27843\\Downloads\\RingtoneKit_Codelab_\\entry\\src\\main\\supervisual',
  aceBuildJson: 'C:\\Users\\27843\\Downloads\\RingtoneKit_Codelab_\\entry\\build\\default\\intermediates\\loader\\default\\loader.json',
  cachePath: 'C:\\Users\\27843\\Downloads\\RingtoneKit_Codelab_\\entry\\build\\default\\cache\\default\\default@CompileArkTS\\esmodule\\debug',
  aceModuleBuild: 'C:\\Users\\27843\\Downloads\\RingtoneKit_Codelab_\\entry\\build\\default\\intermediates\\loader_out\\default\\ets',
  supportChunks: true,
  declaredFilesPath: undefined,
  shouldCollectDirectImportees: false,
  isByteCodeHarOptimize: false,
  expandImportPath: undefined,
  pkgNameToPkgBriefInfo: {
    entry: {
      pkgRoot: 'C:\\Users\\27843\\Downloads\\RingtoneKit_Codelab_\\entry',
      originalSourceRoots: undefined,
      sourceRoots: [Array],
      pkgName: 'entry'
    }
  },
  projectModel: {
    'C:\\Users\\27843\\Downloads\\RingtoneKit_Codelab_\\entry\\src\\main': {
      moduleName: 'entry',
      modulePkgPath: 'C:\\Users\\27843\\Downloads\\RingtoneKit_Codelab_\\entry',
      belongProjectPath: 'C:\\Users\\27843\\Downloads\\RingtoneKit_Codelab_'
    },
    'C:\\Users\\27843\\Downloads\\RingtoneKit_Codelab_\\entry': {
      moduleName: 'entry',
      modulePkgPath: 'C:\\Users\\27843\\Downloads\\RingtoneKit_Codelab_\\entry',
      belongProjectPath: 'C:\\Users\\27843\\Downloads\\RingtoneKit_Codelab_'
    },
    'C:\\Users\\27843\\Downloads\\RingtoneKit_Codelab_': {
      moduleName: 'RingtoneKit_Codelab_',
      modulePkgPath: 'C:\\Users\\27843\\Downloads\\RingtoneKit_Codelab_',
      belongProjectPath: 'C:\\Users\\27843\\Downloads\\RingtoneKit_Codelab_'
    }
  },
  pkgJsonFileHash: '2d3aabe892cb47a8d32dc51369771e7583ba0b181fb1299d8dac661ceb735d99',
  allModulePaths: [ 'C:\\Users\\27843\\Downloads\\RingtoneKit_Codelab_\\entry' ],
  routerMap: {},
  obfuscationOptions: undefined,
  byteCodeHarToDependencyKeys: undefined,
  compileBlockPkg: [],
  mockParams: {
    decorator: '@MockSetup',
    packageName: '@ohos/hamock',
    etsSourceRootPath: 'src/main/ets',
    mockConfigPath: undefined,
    mockConfigKey2ModuleInfo: {},
    source2ModuleIdMap: {}
  },
  copyCodeResourceEnable: true,
  copyCodeResourceExcludes: [],
  copyCodeResourceIncludes: undefined,
  uiTransformOptimization: false,
  sdkPath: 'C:/Program Files/Huawei/DevEco Studio/sdk',
  needPreloadSoFileSet: {},
  preloadSoFilePath: 'C:\\Users\\27843\\Downloads\\RingtoneKit_Codelab_\\entry\\build\\default\\intermediates\\preload\\default\\preload.json',
  useSourceHash: false,
  localModuleParamMap: {},
  otherPaths: {
    'entry/*': [
      '..\\*',
      '..\\..\\..\\build\\default\\generated\\profile\\default\\*'
    ]
  },
  collectImportersConfig: undefined
}
[2026-06-02T17:31:27.748] [DEBUG] debug-file - Compile arkts with external api path: C:\Program Files\Huawei\DevEco Studio\sdk\default\hms\ets
[2026-06-02T17:31:27.749] [DEBUG] debug-file - default@CompileArkTS work[2] is submitted.
[2026-06-02T17:31:27.749] [DEBUG] debug-file - default@CompileArkTS work[2] is pushed to ready queue.
[2026-06-02T17:31:27.750] [DEBUG] debug-file - A work dispatched to worker[31] failed because unable to get work from ready queue.
[2026-06-02T17:31:27.750] [DEBUG] debug-file - A work dispatched to worker[30] failed because unable to get work from ready queue.
[2026-06-02T17:31:27.750] [DEBUG] debug-file - A work dispatched to worker[29] failed because unable to get work from ready queue.
[2026-06-02T17:31:27.750] [DEBUG] debug-file - A work dispatched to worker[28] failed because unable to get work from ready queue.
[2026-06-02T17:31:27.750] [DEBUG] debug-file - A work dispatched to worker[27] failed because unable to get work from ready queue.
[2026-06-02T17:31:27.750] [DEBUG] debug-file - A work dispatched to worker[26] failed because unable to get work from ready queue.
[2026-06-02T17:31:27.750] [DEBUG] debug-file - A work dispatched to worker[25] failed because unable to get work from ready queue.
[2026-06-02T17:31:27.750] [DEBUG] debug-file - A work dispatched to worker[24] failed because unable to get work from ready queue.
[2026-06-02T17:31:27.750] [DEBUG] debug-file - A work dispatched to worker[23] failed because unable to get work from ready queue.
[2026-06-02T17:31:27.750] [DEBUG] debug-file - A work dispatched to worker[22] failed because unable to get work from ready queue.
[2026-06-02T17:31:27.750] [DEBUG] debug-file - A work dispatched to worker[21] failed because unable to get work from ready queue.
[2026-06-02T17:31:27.750] [DEBUG] debug-file - A work dispatched to worker[20] failed because unable to get work from ready queue.
[2026-06-02T17:31:27.750] [DEBUG] debug-file - A work dispatched to worker[19] failed because unable to get work from ready queue.
[2026-06-02T17:31:27.750] [DEBUG] debug-file - A work dispatched to worker[18] failed because unable to get work from ready queue.
[2026-06-02T17:31:27.750] [DEBUG] debug-file - A work dispatched to worker[17] failed because unable to get work from ready queue.
[2026-06-02T17:31:27.750] [DEBUG] debug-file - A work dispatched to worker[16] failed because unable to get work from ready queue.
[2026-06-02T17:31:27.750] [DEBUG] debug-file - A work dispatched to worker[15] failed because unable to get work from ready queue.
[2026-06-02T17:31:27.750] [DEBUG] debug-file - A work dispatched to worker[14] failed because unable to get work from ready queue.
[2026-06-02T17:31:27.750] [DEBUG] debug-file - A work dispatched to worker[13] failed because unable to get work from ready queue.
[2026-06-02T17:31:27.750] [DEBUG] debug-file - A work dispatched to worker[12] failed because unable to get work from ready queue.
[2026-06-02T17:31:27.750] [DEBUG] debug-file - A work dispatched to worker[11] failed because unable to get work from ready queue.
[2026-06-02T17:31:27.750] [DEBUG] debug-file - A work dispatched to worker[10] failed because unable to get work from ready queue.
[2026-06-02T17:31:27.750] [DEBUG] debug-file - A work dispatched to worker[9] failed because unable to get work from ready queue.
[2026-06-02T17:31:27.750] [DEBUG] debug-file - A work dispatched to worker[8] failed because unable to get work from ready queue.
[2026-06-02T17:31:27.750] [DEBUG] debug-file - A work dispatched to worker[7] failed because unable to get work from ready queue.
[2026-06-02T17:31:27.750] [DEBUG] debug-file - A work dispatched to worker[6] failed because unable to get work from ready queue.
[2026-06-02T17:31:27.750] [DEBUG] debug-file - A work dispatched to worker[5] failed because unable to get work from ready queue.
[2026-06-02T17:31:27.750] [DEBUG] debug-file - default@CompileArkTS work[2] has been dispatched to worker[4].
[2026-06-02T17:31:27.751] [DEBUG] debug-file - default@CompileArkTS work[2] is dispatched.
[2026-06-02T17:31:27.751] [DEBUG] debug-file - CopyResources startTime: 3990527553300
[2026-06-02T17:31:27.751] [DEBUG] debug-file - default@CompileArkTS work[3] is submitted.
[2026-06-02T17:31:27.751] [DEBUG] debug-file - default@CompileArkTS work[3] is pushed to ready queue.
[2026-06-02T17:31:27.751] [DEBUG] debug-file - A work dispatched to worker[31] failed because unable to get work from ready queue.
[2026-06-02T17:31:27.751] [DEBUG] debug-file - Create  resident worker with id: 30.
[2026-06-02T17:31:27.752] [DEBUG] debug-file - default@CompileArkTS work[3] has been dispatched to worker[30].
[2026-06-02T17:31:27.752] [DEBUG] debug-file - default@CompileArkTS work[3] is dispatched.
[2026-06-02T17:31:27.752] [DEBUG] debug-file - entry : default@CompileArkTS cost memory 1.4782485961914062
[2026-06-02T17:31:27.753] [DEBUG] debug-file - Executing task :entry:default@BuildJS
[2026-06-02T17:31:27.753] [DEBUG] debug-file - Task 'entry:default@BuildJS' cost while wrapping incremental declarations: 1 ms 
[2026-06-02T17:31:27.756] [DEBUG] debug-file - entry : default@BuildJS cost memory 0.1845550537109375
[2026-06-02T17:31:27.756] [DEBUG] debug-file - runTaskFromQueue task cost before running: 246 ms 
[2026-06-02T17:31:27.756] [INFO] debug-file - Finished :entry:default@BuildJS... after 3 ms 
[2026-06-02T17:31:27.757] [DEBUG] debug-file - Executing task :entry:default@CacheNativeLibs
[2026-06-02T17:31:27.758] [DEBUG] debug-file - Task 'entry:default@CacheNativeLibs' cost while wrapping incremental declarations: 1 ms 
[2026-06-02T17:31:27.759] [DEBUG] debug-file - Incremental task entry:default@CacheNativeLibs pre-execution cost: 2 ms .
[2026-06-02T17:31:27.759] [DEBUG] debug-file - entry : default@CacheNativeLibs cost memory 0.09326171875
[2026-06-02T17:31:27.759] [INFO] debug-file - UP-TO-DATE :entry:default@CacheNativeLibs...  
[2026-06-02T17:31:28.652] [WARN] debug-file - [33mWARN: [33m[33mArkTS:WARN File: C:/Users/27843/Downloads/RingtoneKit_Codelab_/entry/src/main/ets/pages/Index.ets:72:15
 The system capacity of this api 'ringtone' is not supported on all devices
[39m[39m
[33mWARN: [33m[33mArkTS:WARN File: C:/Users/27843/Downloads/RingtoneKit_Codelab_/entry/src/main/ets/pages/Index.ets:72:24
 The system capacity of this api 'startRingtoneSetting' is not supported on all devices
[39m[39m
[33mWARN: [33m[33mArkTS:WARN File: C:/Users/27843/Downloads/RingtoneKit_Codelab_/entry/src/main/ets/pages/Index.ets:77:34
 The system capacity of this api 'ringtone' is not supported on all devices
[39m[39m
[33mWARN: [33m[33mArkTS:WARN File: C:/Users/27843/Downloads/RingtoneKit_Codelab_/entry/src/main/ets/pages/Index.ets:77:43
 The system capacity of this api 'RingtoneErrors' is not supported on all devices
[39m[39m
[33mWARN: [33m[33mArkTS:WARN File: C:/Users/27843/Downloads/RingtoneKit_Codelab_/entry/src/main/ets/pages/Index.ets:77:58
 The system capacity of this api 'ERROR_FILE_NOT_FOUND' is not supported on all devices
[39m[39m

[2026-06-02T17:31:28.653] [DEBUG] debug-file - Ark compile task finished.finished time is 3991429716600
[2026-06-02T17:31:28.654] [DEBUG] debug-file - worker[4] has one work done.
[2026-06-02T17:31:28.655] [DEBUG] debug-file - default@CompileArkTS work[2] done.
[2026-06-02T17:31:28.655] [DEBUG] debug-file - A work dispatched to worker[4] failed because unable to get work from ready queue.
[2026-06-02T17:31:28.886] [DEBUG] debug-file - worker[30] has one work done.
[2026-06-02T17:31:28.886] [DEBUG] debug-file - CopyResources is end, endTime: 3991662736400
[2026-06-02T17:31:28.886] [DEBUG] debug-file - default@CompileArkTS work[3] done.
[2026-06-02T17:31:28.886] [DEBUG] debug-file - A work dispatched to worker[30] failed because unable to get work from ready queue.
[2026-06-02T17:31:28.888] [INFO] debug-file - Finished :entry:default@CompileArkTS... after 929 ms 
[2026-06-02T17:31:28.889] [DEBUG] debug-file - Executing task :entry:default@GeneratePkgModuleJson
[2026-06-02T17:31:28.889] [DEBUG] debug-file - File: 'C:\Users\27843\Downloads\RingtoneKit_Codelab_\entry\build\default\intermediates\preload\default\preload.json' from 'preloadSoJsonPath' is not exists, just ignore.
[2026-06-02T17:31:28.890] [DEBUG] debug-file - Error occurs while handling @Input 'shouldDeduplicateHar': The "data" argument must be of type string or an instance of Buffer, TypedArray, or DataView. Received undefined
[2026-06-02T17:31:28.890] [DEBUG] debug-file - Task 'entry:default@GeneratePkgModuleJson' cost while wrapping incremental declarations: 1 ms 
[2026-06-02T17:31:28.891] [DEBUG] debug-file - Incremental task entry:default@GeneratePkgModuleJson pre-execution cost: 1 ms .
[2026-06-02T17:31:28.891] [DEBUG] debug-file - entry : default@GeneratePkgModuleJson cost memory 0.10283660888671875
[2026-06-02T17:31:28.891] [INFO] debug-file - UP-TO-DATE :entry:default@GeneratePkgModuleJson...  
[2026-06-02T17:31:28.892] [DEBUG] debug-file - Executing task :entry:default@ProcessCompiledResources
[2026-06-02T17:31:28.892] [DEBUG] debug-file - File: 'C:\Users\27843\Downloads\RingtoneKit_Codelab_\entry\build\default\intermediates\preload\default\preload.json' from 'preloadSoJsonPath' is not exists, just ignore.
[2026-06-02T17:31:28.893] [DEBUG] debug-file - Task 'entry:default@ProcessCompiledResources' cost while wrapping incremental declarations: 1 ms 
[2026-06-02T17:31:28.893] [DEBUG] debug-file - entry : default@ProcessCompiledResources cost memory 0.05982208251953125
[2026-06-02T17:31:28.893] [DEBUG] debug-file - runTaskFromQueue task cost before running: 1 s 383 ms 
[2026-06-02T17:31:28.893] [INFO] debug-file - Finished :entry:default@ProcessCompiledResources... after 1 ms 
[2026-06-02T17:31:28.895] [DEBUG] debug-file - Executing task :entry:default@PackageHap
[2026-06-02T17:31:28.899] [DEBUG] debug-file - entry:default@PackageHap is not up-to-date, since the input file 'C:\Users\27843\Downloads\RingtoneKit_Codelab_\entry\build\default\intermediates\loader_out\default\ets' has been changed.
[2026-06-02T17:31:28.899] [DEBUG] debug-file - Incremental task entry:default@PackageHap pre-execution cost: 4 ms .
[2026-06-02T17:31:28.900] [DEBUG] debug-file - Use tool [C:\Program Files\Huawei\DevEco Studio\sdk\default\openharmony\toolchains\lib\app_packing_tool.jar]
 [
  'java',
  '-Dfile.encoding=GBK',
  '-jar',
  'C:\\Program Files\\Huawei\\DevEco Studio\\sdk\\default\\openharmony\\toolchains\\lib\\app_packing_tool.jar',
  '--mode',
  'hap',
  '--force',
  'true',
  '--lib-path',
  'C:\\Users\\27843\\Downloads\\RingtoneKit_Codelab_\\entry\\build\\default\\intermediates\\stripped_native_libs\\default',
  '--json-path',
  'C:\\Users\\27843\\Downloads\\RingtoneKit_Codelab_\\entry\\build\\default\\intermediates\\package\\default\\module.json',
  '--resources-path',
  'C:\\Users\\27843\\Downloads\\RingtoneKit_Codelab_\\entry\\build\\default\\intermediates\\res\\default\\resources',
  '--index-path',
  'C:\\Users\\27843\\Downloads\\RingtoneKit_Codelab_\\entry\\build\\default\\intermediates\\res\\default\\resources.index',
  '--pack-info-path',
  'C:\\Users\\27843\\Downloads\\RingtoneKit_Codelab_\\entry\\build\\default\\outputs\\default\\pack.info',
  '--out-path',
  'C:\\Users\\27843\\Downloads\\RingtoneKit_Codelab_\\entry\\build\\default\\outputs\\default\\entry-default-unsigned.hap',
  '--ets-path',
  'C:\\Users\\27843\\Downloads\\RingtoneKit_Codelab_\\entry\\build\\default\\intermediates\\loader_out\\default\\ets'
]
[2026-06-02T17:31:28.935] [DEBUG] debug-file - java daemon socket received message:{"code":0,"message":"pack success"}
[2026-06-02T17:31:28.939] [DEBUG] debug-file - entry : default@PackageHap cost memory 0.5897750854492188
[2026-06-02T17:31:28.940] [DEBUG] debug-file - runTaskFromQueue task cost before running: 1 s 429 ms 
[2026-06-02T17:31:28.941] [INFO] debug-file - Finished :entry:default@PackageHap... after 45 ms 
[2026-06-02T17:31:28.942] [DEBUG] debug-file - Executing task :entry:default@PackingCheck
[2026-06-02T17:31:28.948] [DEBUG] debug-file - entry : default@PackingCheck cost memory 0.37293243408203125
[2026-06-02T17:31:28.948] [DEBUG] debug-file - runTaskFromQueue task cost before running: 1 s 438 ms 
[2026-06-02T17:31:28.948] [INFO] debug-file - Finished :entry:default@PackingCheck... after 6 ms 
[2026-06-02T17:31:28.949] [DEBUG] debug-file - Executing task :entry:default@SignHap
[2026-06-02T17:31:28.950] [WARN] debug-file - Will skip sign 'hos_hap'. No signingConfigs profile is configured in current project.
             If needed, configure the signingConfigs in C:\Users\27843\Downloads\RingtoneKit_Codelab_\build-profile.json5.
[2026-06-02T17:31:28.951] [DEBUG] debug-file - entry:default@SignHap is not up-to-date, since the input file 'C:\Users\27843\Downloads\RingtoneKit_Codelab_\entry\build\default\outputs\default\entry-default-unsigned.hap' has been changed.
[2026-06-02T17:31:28.952] [DEBUG] debug-file - Incremental task entry:default@SignHap pre-execution cost: 2 ms .
[2026-06-02T17:31:28.952] [DEBUG] debug-file - entry : default@SignHap cost memory 0.09307861328125
[2026-06-02T17:31:28.952] [DEBUG] debug-file - runTaskFromQueue task cost before running: 1 s 442 ms 
[2026-06-02T17:31:28.953] [INFO] debug-file - Finished :entry:default@SignHap... after 3 ms 
[2026-06-02T17:31:28.954] [DEBUG] debug-file - Executing task :entry:default@CollectDebugSymbol
[2026-06-02T17:31:28.955] [DEBUG] debug-file - entry : default@CollectDebugSymbol cost memory 0.098052978515625
[2026-06-02T17:31:28.955] [DEBUG] debug-file - runTaskFromQueue task cost before running: 1 s 445 ms 
[2026-06-02T17:31:28.955] [INFO] debug-file - Finished :entry:default@CollectDebugSymbol... after 2 ms 
[2026-06-02T17:31:28.955] [DEBUG] debug-file - Executing task :entry:assembleHap
[2026-06-02T17:31:28.956] [DEBUG] debug-file - entry : assembleHap cost memory 0.0126800537109375
[2026-06-02T17:31:28.956] [DEBUG] debug-file - runTaskFromQueue task cost before running: 1 s 445 ms 
[2026-06-02T17:31:28.956] [INFO] debug-file - Finished :entry:assembleHap... after 1 ms 
[2026-06-02T17:31:28.985] [INFO] debug-file - BUILD SUCCESSFUL in 1 s 475 ms 
[2026-06-02T17:31:28.985] [DEBUG] debug-file - There is no need to refresh cache, since the incremental task entry:default@PreBuild is up-to-date.
[2026-06-02T17:31:28.985] [DEBUG] debug-file - Update task entry:default@CreateModuleInfo output file:C:\Users\27843\Downloads\RingtoneKit_Codelab_\entry\build\default\generated\profile\default\ModuleInfo.ts cache.
[2026-06-02T17:31:28.986] [DEBUG] debug-file - Incremental task entry:default@CreateModuleInfo post-execution cost:1 ms .
[2026-06-02T17:31:28.986] [DEBUG] debug-file - There is no need to refresh cache, since the incremental task entry:default@GenerateMetadata is up-to-date.
[2026-06-02T17:31:28.986] [DEBUG] debug-file - There is no need to refresh cache, since the incremental task entry:default@MergeProfile is up-to-date.
[2026-06-02T17:31:28.986] [DEBUG] debug-file - There is no need to refresh cache, since the incremental task entry:default@CreateBuildProfile is up-to-date.
[2026-06-02T17:31:28.986] [DEBUG] debug-file - Update task entry:default@GeneratePkgContextInfo output file:C:\Users\27843\Downloads\RingtoneKit_Codelab_\entry\build\default\intermediates\loader\default\pkgContextInfo.json cache.
[2026-06-02T17:31:28.986] [DEBUG] debug-file - Incremental task entry:default@GeneratePkgContextInfo post-execution cost:1 ms .
[2026-06-02T17:31:28.986] [DEBUG] debug-file - Update task entry:default@ProcessIntegratedHsp output file:C:\Users\27843\Downloads\RingtoneKit_Codelab_\build\cache\default\integrated_hsp\integratedHspCache.json cache.
[2026-06-02T17:31:28.986] [DEBUG] debug-file - Incremental task entry:default@ProcessIntegratedHsp post-execution cost:1 ms .
[2026-06-02T17:31:28.986] [DEBUG] debug-file - There is no need to refresh cache, since the incremental task entry:default@MakePackInfo is up-to-date.
[2026-06-02T17:31:28.987] [DEBUG] debug-file - Update task entry:default@SyscapTransform input file:C:\Program Files\Huawei\DevEco Studio\sdk\default\openharmony\toolchains\syscap_tool.exe cache by regenerate.
[2026-06-02T17:31:28.987] [DEBUG] debug-file - Update task entry:default@SyscapTransform input file:C:\Program Files\Huawei\DevEco Studio\sdk\default\openharmony\ets\api\device-define cache by regenerate.
[2026-06-02T17:31:28.988] [DEBUG] debug-file - Update task entry:default@SyscapTransform output file:C:\Users\27843\Downloads\RingtoneKit_Codelab_\entry\build\default\intermediates\syscap\default\rpcid.sc cache.
[2026-06-02T17:31:28.988] [DEBUG] debug-file - Incremental task entry:default@SyscapTransform post-execution cost:2 ms .
[2026-06-02T17:31:28.988] [DEBUG] debug-file - There is no need to refresh cache, since the incremental task entry:default@ProcessProfile is up-to-date.
[2026-06-02T17:31:28.988] [DEBUG] debug-file - There is no need to refresh cache, since the incremental task entry:default@ProcessRouterMap is up-to-date.
[2026-06-02T17:31:28.988] [DEBUG] debug-file - There is no need to refresh cache, since the incremental task entry:default@ProcessShareConfig is up-to-date.
[2026-06-02T17:31:28.988] [DEBUG] debug-file - Update task entry:default@ProcessStartupConfig output file:C:\Users\27843\Downloads\RingtoneKit_Codelab_\entry\build\default\intermediates\startup\default\startup_config.json cache.
[2026-06-02T17:31:28.988] [DEBUG] debug-file - Incremental task entry:default@ProcessStartupConfig post-execution cost:1 ms .
[2026-06-02T17:31:28.989] [DEBUG] debug-file - There is no need to refresh cache, since the incremental task entry:default@ProcessResource is up-to-date.
[2026-06-02T17:31:28.989] [DEBUG] debug-file - There is no need to refresh cache, since the incremental task entry:default@GenerateLoaderJson is up-to-date.
[2026-06-02T17:31:28.989] [DEBUG] debug-file - There is no need to refresh cache, since the incremental task entry:default@ProcessLibs is up-to-date.
[2026-06-02T17:31:28.989] [DEBUG] debug-file - There is no need to refresh cache, since the incremental task entry:default@CompileResource is up-to-date.
[2026-06-02T17:31:28.989] [DEBUG] debug-file - There is no need to refresh cache, since the incremental task entry:default@DoNativeStrip is up-to-date.
[2026-06-02T17:31:28.990] [DEBUG] debug-file - Update task entry:default@CompileArkTS input file:C:\Users\27843\Downloads\RingtoneKit_Codelab_\entry\build\default\intermediates\loader\default cache by regenerate.
[2026-06-02T17:31:28.991] [DEBUG] debug-file - Update task entry:default@CompileArkTS input file:C:\Users\27843\Downloads\RingtoneKit_Codelab_\entry\build\default\intermediates\res\default\ResourceTable.txt cache by regenerate.
[2026-06-02T17:31:28.991] [DEBUG] debug-file - Update task entry:default@CompileArkTS input file:C:\Users\27843\Downloads\RingtoneKit_Codelab_\entry\build\default\intermediates\res\default\ark_module.json cache by regenerate.
[2026-06-02T17:31:28.991] [DEBUG] debug-file - Update task entry:default@CompileArkTS input file:C:\Users\27843\Downloads\RingtoneKit_Codelab_\entry\build\default\intermediates\res\default\resources\base\profile cache by regenerate.
[2026-06-02T17:31:28.991] [DEBUG] debug-file - Update task entry:default@CompileArkTS input file:C:\Users\27843\Downloads\RingtoneKit_Codelab_\entry\src\main\ets cache from map.
[2026-06-02T17:31:28.992] [DEBUG] debug-file - Update task entry:default@CompileArkTS input file:C:\Users\27843\Downloads\RingtoneKit_Codelab_\entry\build\default\generated\profile\default\BuildProfile.ets cache by regenerate.
[2026-06-02T17:31:28.992] [DEBUG] debug-file - Update task entry:default@CompileArkTS output file:C:\Users\27843\Downloads\RingtoneKit_Codelab_\entry\build\default\intermediates\loader_out\default\ets cache.
[2026-06-02T17:31:28.992] [DEBUG] debug-file - Incremental task entry:default@CompileArkTS post-execution cost:4 ms .
[2026-06-02T17:31:28.993] [DEBUG] debug-file - Update task entry:default@BuildJS input file:C:\Users\27843\Downloads\RingtoneKit_Codelab_\entry\build\default\intermediates\loader\default cache by regenerate.
[2026-06-02T17:31:28.993] [DEBUG] debug-file - Update task entry:default@BuildJS input file:C:\Users\27843\Downloads\RingtoneKit_Codelab_\entry\build\default\intermediates\res\default\ResourceTable.txt cache by regenerate.
[2026-06-02T17:31:28.994] [DEBUG] debug-file - Update task entry:default@BuildJS input file:C:\Users\27843\Downloads\RingtoneKit_Codelab_\entry\build\default\intermediates\res\default\ark_module.json cache by regenerate.
[2026-06-02T17:31:28.994] [DEBUG] debug-file - Update task entry:default@BuildJS input file:C:\Users\27843\Downloads\RingtoneKit_Codelab_\entry\build\default\intermediates\res\default\resources\base\profile cache by regenerate.
[2026-06-02T17:31:28.994] [DEBUG] debug-file - Update task entry:default@BuildJS output file:C:\Users\27843\Downloads\RingtoneKit_Codelab_\entry\build\default\intermediates\loader_out\default\js cache.
[2026-06-02T17:31:28.994] [DEBUG] debug-file - Incremental task entry:default@BuildJS post-execution cost:2 ms .
[2026-06-02T17:31:28.994] [DEBUG] debug-file - There is no need to refresh cache, since the incremental task entry:default@CacheNativeLibs is up-to-date.
[2026-06-02T17:31:28.994] [DEBUG] debug-file - There is no need to refresh cache, since the incremental task entry:default@GeneratePkgModuleJson is up-to-date.
[2026-06-02T17:31:28.995] [DEBUG] debug-file - Incremental task entry:default@ProcessCompiledResources post-execution cost:1 ms .
[2026-06-02T17:31:28.995] [DEBUG] debug-file - Update task entry:default@PackageHap input file:C:\Users\27843\Downloads\RingtoneKit_Codelab_\entry\build\default\intermediates\stripped_native_libs\default cache by regenerate.
[2026-06-02T17:31:28.995] [DEBUG] debug-file - Update task entry:default@PackageHap input file:C:\Users\27843\Downloads\RingtoneKit_Codelab_\entry\build\default\intermediates\res\default\module.json cache by regenerate.
[2026-06-02T17:31:28.996] [DEBUG] debug-file - Update task entry:default@PackageHap input file:C:\Users\27843\Downloads\RingtoneKit_Codelab_\entry\build\default\intermediates\res\default\resources cache by regenerate.
[2026-06-02T17:31:28.997] [DEBUG] debug-file - Update task entry:default@PackageHap input file:C:\Users\27843\Downloads\RingtoneKit_Codelab_\entry\build\default\intermediates\res\default\resources.index cache by regenerate.
[2026-06-02T17:31:28.997] [DEBUG] debug-file - Update task entry:default@PackageHap input file:C:\Users\27843\Downloads\RingtoneKit_Codelab_\entry\build\default\outputs\default\pack.info cache by regenerate.
[2026-06-02T17:31:28.998] [DEBUG] debug-file - Update task entry:default@PackageHap input file:C:\Users\27843\Downloads\RingtoneKit_Codelab_\entry\build\default\intermediates\loader_out\default\ets cache from map.
[2026-06-02T17:31:28.998] [DEBUG] debug-file - Update task entry:default@PackageHap input file:C:\Users\27843\Downloads\RingtoneKit_Codelab_\entry\build\default\intermediates\loader_out\default\ets\sourceMaps.map cache by regenerate.
[2026-06-02T17:31:28.998] [DEBUG] debug-file - Update task entry:default@PackageHap input file:C:\Users\27843\Downloads\RingtoneKit_Codelab_\entry\build\default\generated\profile\default\BuildProfile.ets cache by regenerate.
[2026-06-02T17:31:28.999] [DEBUG] debug-file - Update task entry:default@PackageHap output file:C:\Users\27843\Downloads\RingtoneKit_Codelab_\entry\build\default\outputs\default\entry-default-unsigned.hap cache.
[2026-06-02T17:31:28.999] [DEBUG] debug-file - Update task entry:default@PackageHap output file:C:\Users\27843\Downloads\RingtoneKit_Codelab_\entry\build\default\intermediates\source_map\default\sourceMaps.map cache.
[2026-06-02T17:31:28.999] [DEBUG] debug-file - Update task entry:default@PackageHap output file:C:\Users\27843\Downloads\RingtoneKit_Codelab_\entry\build\default\outputs\default\mapping\sourceMaps.map cache.
[2026-06-02T17:31:29.000] [DEBUG] debug-file - Incremental task entry:default@PackageHap post-execution cost:5 ms .
[2026-06-02T17:31:29.000] [DEBUG] debug-file - Update task entry:default@SignHap input file:C:\Users\27843\Downloads\RingtoneKit_Codelab_\entry\build\default\outputs\default\entry-default-unsigned.hap cache from map.
[2026-06-02T17:31:29.000] [DEBUG] debug-file - Update task entry:default@SignHap output file:C:\Users\27843\Downloads\RingtoneKit_Codelab_\entry\build\default\outputs\default\entry-default-signed.hap cache.
[2026-06-02T17:31:29.000] [DEBUG] debug-file - Incremental task entry:default@SignHap post-execution cost:1 ms .
[2026-06-02T17:31:29.001] [DEBUG] debug-file - Update task entry:default@CollectDebugSymbol input file:C:\Users\27843\Downloads\RingtoneKit_Codelab_\entry\build\default\intermediates\loader_out\default\ets\sourceMaps.map cache by regenerate.
[2026-06-02T17:31:29.001] [DEBUG] debug-file - Update task entry:default@CollectDebugSymbol input file:C:\Users\27843\Downloads\RingtoneKit_Codelab_\entry\build\default\intermediates\libs\default cache by regenerate.
[2026-06-02T17:31:29.001] [DEBUG] debug-file - Update task entry:default@CollectDebugSymbol output file:C:\Users\27843\Downloads\RingtoneKit_Codelab_\entry\build\default\outputs\default\symbol cache.
[2026-06-02T17:31:29.002] [DEBUG] debug-file - Incremental task entry:default@CollectDebugSymbol post-execution cost:2 ms .
[2026-06-02T17:31:29.039] [DEBUG] debug-file - Cleanup worker 30.
[2026-06-02T17:31:29.040] [DEBUG] debug-file - Worker 30 has been cleaned up.
[2026-06-02T17:31:29.040] [DEBUG] debug-file - Current idle worker size: 1.
[2026-06-02T17:31:29.040] [DEBUG] debug-file - Current resident worker size: 2.
[2026-06-02T17:31:29.040] [DEBUG] debug-file - hvigor build process will be closed.
[2026-06-02T17:31:29.040] [DEBUG] debug-file - java daemon socket close code:1000 reason:close by user
[2026-06-02T17:31:29.044] [DEBUG] debug-file - session manager: send message to worker process.
[2026-06-02T17:31:29.044] [DEBUG] debug-file - session manager: send message to worker process.
[2026-06-02T17:31:29.044] [DEBUG] debug-file - watch worker: worker id should be larger than 0. Nothing will be sent to any worker thread.
[2026-06-02T17:31:29.045] [DEBUG] debug-file - watch worker: worker id should be larger than 0. Nothing will be sent to any worker thread.
[2026-06-02T17:31:29.050] [DEBUG] debug-file - worker[30] exits with exit code 1.
[2026-06-02T17:36:13.831] [DEBUG] debug-file - session manager: set active socket. socketId=iQ-DuV_eDtxlKBIrAAAL
[2026-06-02T17:36:13.835] [DEBUG] debug-file - watch worker: worker id should be larger than 0. Nothing will be sent to any worker thread.
[2026-06-02T17:36:13.838] [DEBUG] debug-file - Workers' log level updated to INFO
[2026-06-02T17:36:13.842] [DEBUG] debug-file - Hvigor init with startParameters:{
  hvigorfileTypeCheck: false,
  parallelExecution: true,
  incrementalExecution: true,
  printStackTrace: false,
  daemon: true,
  analyze: 0,
  logLevel: Level { level: 20000, levelStr: 'INFO', colour: 'green' },
  optimizationStrategy: 'memory',
  hotCompile: undefined,
  hotReloadBuild: undefined,
  customizedParam: undefined
}
[2026-06-02T17:36:13.846] [DEBUG] debug-file - Cache service initialization finished in 4 ms 
[2026-06-02T17:36:13.847] [DEBUG] debug-file - hvigorfile, resolving C:\Users\27843\Downloads\RingtoneKit_Codelab_\hvigorfile.ts
[2026-06-02T17:36:13.854] [DEBUG] debug-file - hvigorfile, require result:  { default: { plugins: [] } }
[2026-06-02T17:36:13.854] [DEBUG] debug-file - hvigorfile, binding system plugins null
[2026-06-02T17:36:13.854] [DEBUG] debug-file - Starting plugin build process
[2026-06-02T17:36:13.854] [DEBUG] debug-file - App plugin prepare start...
[2026-06-02T17:36:13.854] [DEBUG] debug-file - App plugin prepare end...
[2026-06-02T17:36:13.854] [DEBUG] debug-file - App plugin creating...
[2026-06-02T17:36:13.860] [DEBUG] debug-file - App plugin register hook start...
[2026-06-02T17:36:13.860] [DEBUG] debug-file - App plugin register hook end...
[2026-06-02T17:36:13.860] [DEBUG] debug-file - Plugin build process completed
[2026-06-02T17:36:13.861] [DEBUG] debug-file - Start initialize project's product build option map with build mode debug.
[2026-06-02T17:36:13.861] [DEBUG] debug-file - Picking option from product 'default' with build mode 'debug'.
[2026-06-02T17:36:13.861] [DEBUG] debug-file - Product 'default' build option initialized
[2026-06-02T17:36:13.861] [DEBUG] debug-file - End initialize project's product build option map with build mode 'debug'.
[2026-06-02T17:36:13.862] [DEBUG] debug-file - Obtain build option for product 'default'in this build.
[2026-06-02T17:36:13.862] [DEBUG] debug-file - No signingConfig found, initRemoteHspCache failed.
[2026-06-02T17:36:13.865] [DEBUG] debug-file - Start recording SDK configuration permission data.
[2026-06-02T17:36:13.897] [DEBUG] debug-file - Sdk init in 35 ms 
[2026-06-02T17:36:13.899] [DEBUG] debug-file - Project task initialization takes 2 ms 
[2026-06-02T17:36:13.900] [DEBUG] debug-file - hvigorfile, binding custom plugins []
[2026-06-02T17:36:13.900] [DEBUG] debug-file - hvigorfile, no custom plugins were found in C:\Users\27843\Downloads\RingtoneKit_Codelab_\hvigorfile.ts
[2026-06-02T17:36:13.900] [DEBUG] debug-file - hvigorfile, resolve finished C:\Users\27843\Downloads\RingtoneKit_Codelab_\hvigorfile.ts
[2026-06-02T17:36:13.900] [DEBUG] debug-file - hvigorfile, resolving C:\Users\27843\Downloads\RingtoneKit_Codelab_\entry\hvigorfile.ts
[2026-06-02T17:36:13.904] [DEBUG] debug-file - hvigorfile, require result:  { default: { plugins: [] } }
[2026-06-02T17:36:13.904] [DEBUG] debug-file - hvigorfile, binding system plugins null
[2026-06-02T17:36:13.904] [DEBUG] debug-file - Starting plugin build process
[2026-06-02T17:36:13.904] [DEBUG] debug-file - Hap plugin creating...
[2026-06-02T17:36:13.905] [DEBUG] debug-file - failed to load cangjie to dynamically generate schemas: Error: Cannot find module '@ohos/cangjie-build-support/index'
Require stack:
- C:\Program Files\Huawei\DevEco Studio\tools\hvigor\hvigor-ohos-plugin\src\plugin\hooks\cangjie-register.js
- C:\Program Files\Huawei\DevEco Studio\tools\hvigor\hvigor-ohos-plugin\src\plugin\strategy\stage-init-strategy.js
- C:\Program Files\Huawei\DevEco Studio\tools\hvigor\hvigor-ohos-plugin\src\plugin\builder\abstract-plugin-builder.js
- C:\Program Files\Huawei\DevEco Studio\tools\hvigor\hvigor-ohos-plugin\src\plugin\builder\app-plugin-builder.js
- C:\Program Files\Huawei\DevEco Studio\tools\hvigor\hvigor-ohos-plugin\src\plugin\factory\plugin-factory.js
- C:\Program Files\Huawei\DevEco Studio\tools\hvigor\hvigor-ohos-plugin\index.js
- C:\Users\27843\Downloads\RingtoneKit_Codelab_\hvigorfile.ts
- C:\Program Files\Huawei\DevEco Studio\tools\hvigor\hvigor\src\base\internal\lifecycle\configuration.js
- C:\Program Files\Huawei\DevEco Studio\tools\hvigor\hvigor\src\base\boot\index.js
- C:\Program Files\Huawei\DevEco Studio\tools\hvigor\hvigor\src\base\daemon\cluster\worker-process-lifecycle.js
- C:\Program Files\Huawei\DevEco Studio\tools\hvigor\hvigor\src\base\daemon\process\daemon-process-boot-script.js
[2026-06-02T17:36:13.907] [DEBUG] debug-file - Start initialize module-target build option map, moduleName=entry, buildMode=debug
[2026-06-02T17:36:13.907] [DEBUG] debug-file - Target 'default' config initialized
[2026-06-02T17:36:13.907] [DEBUG] debug-file - Module 'entry' target 'default' build option initialized
[2026-06-02T17:36:13.907] [DEBUG] debug-file - End initialize module-target build option map, moduleName=entry
[2026-06-02T17:36:13.907] [DEBUG] debug-file - Start initialize module-target build option map, moduleName=entry, buildMode=release
[2026-06-02T17:36:13.907] [DEBUG] debug-file - Target 'default' config initialized
[2026-06-02T17:36:13.908] [DEBUG] debug-file - Module 'entry' target 'default' build option initialized
[2026-06-02T17:36:13.908] [DEBUG] debug-file - End initialize module-target build option map, moduleName=entry
[2026-06-02T17:36:13.908] [DEBUG] debug-file - Start initialize module-target build option map, moduleName=entry, buildMode=debug
[2026-06-02T17:36:13.908] [DEBUG] debug-file - Target 'default' config initialized
[2026-06-02T17:36:13.908] [DEBUG] debug-file - Module 'entry' target 'default' build option initialized
[2026-06-02T17:36:13.908] [DEBUG] debug-file - End initialize module-target build option map, moduleName=entry
[2026-06-02T17:36:13.908] [DEBUG] debug-file - Obtain build option for module 'entry' target 'default'in this build.
[2026-06-02T17:36:13.909] [DEBUG] debug-file - Module entry task initialization takes 1 ms 
[2026-06-02T17:36:13.910] [DEBUG] debug-file - Hap plugin register hook start...
[2026-06-02T17:36:13.910] [DEBUG] debug-file - Hap plugin register hook end...
[2026-06-02T17:36:13.910] [DEBUG] debug-file - Plugin build process completed
[2026-06-02T17:36:13.910] [DEBUG] debug-file - hvigorfile, binding custom plugins []
[2026-06-02T17:36:13.910] [DEBUG] debug-file - hvigorfile, no custom plugins were found in C:\Users\27843\Downloads\RingtoneKit_Codelab_\entry\hvigorfile.ts
[2026-06-02T17:36:13.910] [DEBUG] debug-file - hvigorfile, resolve finished C:\Users\27843\Downloads\RingtoneKit_Codelab_\entry\hvigorfile.ts
[2026-06-02T17:36:13.976] [DEBUG] debug-file - hvigorfile, resolve hvigorfile dependencies in 66 ms 
[2026-06-02T17:36:13.976] [DEBUG] debug-file - project has submodules:entry
[2026-06-02T17:36:13.977] [DEBUG] debug-file - start to load updatedOhPackageInfo to the disk
[2026-06-02T17:36:13.981] [DEBUG] debug-file - load to the disk finished
[2026-06-02T17:36:13.981] [DEBUG] debug-file - Start to initialize dependency information.
[2026-06-02T17:36:13.982] [DEBUG] debug-file - Module RingtoneKit_Codelab_ Collected Dependency: 
[2026-06-02T17:36:13.982] [DEBUG] debug-file - Module RingtoneKit_Codelab_'s total dependency: 0
[2026-06-02T17:36:13.983] [DEBUG] debug-file - Start to initialize dependency information.
[2026-06-02T17:36:13.984] [DEBUG] debug-file - Module entry Collected Dependency: 
[2026-06-02T17:36:13.984] [DEBUG] debug-file - Module entry's total dependency: 0
[2026-06-02T17:36:13.985] [DEBUG] debug-file - Configuration phase cost:139 ms 
[2026-06-02T17:36:13.986] [DEBUG] debug-file - Configuration task cost before running: 148 ms 
[2026-06-02T17:36:13.989] [DEBUG] debug-file - Executing task :entry:default@PreBuild
[2026-06-02T17:36:13.989] [WARN] debug-file - The project has not explicitly set the 'targetSdkVersion' version at build-profile.json5. It is recommended to configure it. Reference: https://developer.huawei.com/consumer/cn/doc/harmonyos-guides/ide-hvigor-build-profile-app#section45865492619
[2026-06-02T17:36:13.990] [DEBUG] debug-file - Task 'entry:default@PreBuild' cost while wrapping incremental declarations: 1 ms 
[2026-06-02T17:36:13.995] [DEBUG] debug-file - Incremental task entry:default@PreBuild pre-execution cost: 4 ms .
[2026-06-02T17:36:13.995] [DEBUG] debug-file - entry : default@PreBuild cost memory 0.32985687255859375
[2026-06-02T17:36:13.996] [INFO] debug-file - UP-TO-DATE :entry:default@PreBuild...  
[2026-06-02T17:36:13.997] [DEBUG] debug-file - Executing task :entry:default@CreateModuleInfo
[2026-06-02T17:36:13.998] [DEBUG] debug-file - Task 'entry:default@CreateModuleInfo' cost while wrapping incremental declarations: 1 ms 
[2026-06-02T17:36:13.998] [DEBUG] debug-file - entry : default@CreateModuleInfo cost memory 0.041595458984375
[2026-06-02T17:36:13.998] [DEBUG] debug-file - runTaskFromQueue task cost before running: 160 ms 
[2026-06-02T17:36:13.998] [INFO] debug-file - Finished :entry:default@CreateModuleInfo... after 1 ms 
[2026-06-02T17:36:13.999] [DEBUG] debug-file - Executing task :entry:default@GenerateMetadata
[2026-06-02T17:36:13.999] [DEBUG] debug-file - Task 'entry:default@GenerateMetadata' cost while wrapping incremental declarations: 1 ms 
[2026-06-02T17:36:14.000] [DEBUG] debug-file - Incremental task entry:default@GenerateMetadata pre-execution cost: 1 ms .
[2026-06-02T17:36:14.001] [DEBUG] debug-file - entry : default@GenerateMetadata cost memory 0.0833740234375
[2026-06-02T17:36:14.001] [INFO] debug-file - UP-TO-DATE :entry:default@GenerateMetadata...  
[2026-06-02T17:36:14.002] [DEBUG] debug-file - Executing task :entry:default@ConfigureCmake
[2026-06-02T17:36:14.002] [DEBUG] debug-file - entry : default@ConfigureCmake cost memory 0.0144805908203125
[2026-06-02T17:36:14.002] [DEBUG] debug-file - runTaskFromQueue task cost before running: 164 ms 
[2026-06-02T17:36:14.002] [INFO] debug-file - Finished :entry:default@ConfigureCmake... after 1 ms 
[2026-06-02T17:36:14.003] [DEBUG] debug-file - Executing task :entry:default@MergeProfile
[2026-06-02T17:36:14.003] [DEBUG] debug-file - Task 'entry:default@MergeProfile' cost while wrapping incremental declarations: 1 ms 
[2026-06-02T17:36:14.005] [DEBUG] debug-file - Incremental task entry:default@MergeProfile pre-execution cost: 2 ms .
[2026-06-02T17:36:14.005] [DEBUG] debug-file - entry : default@MergeProfile cost memory 0.12110137939453125
[2026-06-02T17:36:14.005] [INFO] debug-file - UP-TO-DATE :entry:default@MergeProfile...  
[2026-06-02T17:36:14.007] [DEBUG] debug-file - Executing task :entry:default@CreateBuildProfile
[2026-06-02T17:36:14.007] [DEBUG] debug-file - Task 'entry:default@CreateBuildProfile' cost while wrapping incremental declarations: 1 ms 
[2026-06-02T17:36:14.008] [DEBUG] debug-file - Incremental task entry:default@CreateBuildProfile pre-execution cost: 1 ms .
[2026-06-02T17:36:14.008] [DEBUG] debug-file - entry : default@CreateBuildProfile cost memory 0.090118408203125
[2026-06-02T17:36:14.008] [INFO] debug-file - UP-TO-DATE :entry:default@CreateBuildProfile...  
[2026-06-02T17:36:14.009] [DEBUG] debug-file - Executing task :entry:default@PreCheckSyscap
[2026-06-02T17:36:14.009] [DEBUG] debug-file - entry : default@PreCheckSyscap cost memory 0.01470184326171875
[2026-06-02T17:36:14.009] [DEBUG] debug-file - runTaskFromQueue task cost before running: 172 ms 
[2026-06-02T17:36:14.009] [INFO] debug-file - Finished :entry:default@PreCheckSyscap... after 1 ms 
[2026-06-02T17:36:14.010] [DEBUG] debug-file - Executing task :entry:default@GeneratePkgContextInfo
[2026-06-02T17:36:14.013] [DEBUG] debug-file - Task 'entry:default@GeneratePkgContextInfo' cost while wrapping incremental declarations: 1 ms 
[2026-06-02T17:36:14.013] [DEBUG] debug-file - entry : default@GeneratePkgContextInfo cost memory 0.234100341796875
[2026-06-02T17:36:14.013] [DEBUG] debug-file - runTaskFromQueue task cost before running: 176 ms 
[2026-06-02T17:36:14.013] [INFO] debug-file - Finished :entry:default@GeneratePkgContextInfo... after 4 ms 
[2026-06-02T17:36:14.015] [DEBUG] debug-file - Executing task :entry:default@ProcessIntegratedHsp
[2026-06-02T17:36:14.016] [DEBUG] debug-file - entry:default@ProcessIntegratedHsp is not up-to-date, since the output file 'C:\Users\27843\Downloads\RingtoneKit_Codelab_\build\cache\default\integrated_hsp\integratedHspCache.json' does not exist.
[2026-06-02T17:36:14.016] [DEBUG] debug-file - Incremental task entry:default@ProcessIntegratedHsp pre-execution cost: 1 ms .
[2026-06-02T17:36:14.016] [DEBUG] debug-file - entry : default@ProcessIntegratedHsp cost memory 0.05804443359375
[2026-06-02T17:36:14.016] [DEBUG] debug-file - runTaskFromQueue task cost before running: 178 ms 
[2026-06-02T17:36:14.016] [INFO] debug-file - Finished :entry:default@ProcessIntegratedHsp... after 1 ms 
[2026-06-02T17:36:14.018] [DEBUG] debug-file - Executing task :entry:default@BuildNativeWithCmake
[2026-06-02T17:36:14.018] [DEBUG] debug-file - entry : default@BuildNativeWithCmake cost memory 0.0144805908203125
[2026-06-02T17:36:14.018] [DEBUG] debug-file - runTaskFromQueue task cost before running: 180 ms 
[2026-06-02T17:36:14.018] [INFO] debug-file - Finished :entry:default@BuildNativeWithCmake... after 1 ms 
[2026-06-02T17:36:14.018] [DEBUG] debug-file - Executing task :entry:default@MakePackInfo
[2026-06-02T17:36:14.020] [DEBUG] debug-file - Incremental task entry:default@MakePackInfo pre-execution cost: 1 ms .
[2026-06-02T17:36:14.020] [DEBUG] debug-file - entry : default@MakePackInfo cost memory 0.099761962890625
[2026-06-02T17:36:14.020] [INFO] debug-file - UP-TO-DATE :entry:default@MakePackInfo...  
[2026-06-02T17:36:14.020] [DEBUG] debug-file - Executing task :entry:default@SyscapTransform
[2026-06-02T17:36:14.021] [DEBUG] debug-file - File: 'C:\Users\27843\Downloads\RingtoneKit_Codelab_\entry\src\main\syscap.json' from 'sysCapJsonPath' is not exists, just ignore.
[2026-06-02T17:36:14.021] [DEBUG] debug-file - Task 'entry:default@SyscapTransform' cost while wrapping incremental declarations: 1 ms 
[2026-06-02T17:36:14.022] [DEBUG] debug-file - entry:default@SyscapTransform is not up-to-date, since the output file 'C:\Users\27843\Downloads\RingtoneKit_Codelab_\entry\build\default\intermediates\syscap\default\rpcid.sc' does not exist.
[2026-06-02T17:36:14.022] [DEBUG] debug-file - Incremental task entry:default@SyscapTransform pre-execution cost: 2 ms .
[2026-06-02T17:36:14.022] [DEBUG] debug-file - entry : default@SyscapTransform cost memory 0.1469573974609375
[2026-06-02T17:36:14.022] [DEBUG] debug-file - runTaskFromQueue task cost before running: 185 ms 
[2026-06-02T17:36:14.023] [INFO] debug-file - Finished :entry:default@SyscapTransform... after 3 ms 
[2026-06-02T17:36:14.023] [DEBUG] debug-file - Executing task :entry:default@ProcessProfile
[2026-06-02T17:36:14.027] [DEBUG] debug-file - Task 'entry:default@ProcessProfile' cost while wrapping incremental declarations: 1 ms 
[2026-06-02T17:36:14.027] [DEBUG] debug-file - Incremental task entry:default@ProcessProfile pre-execution cost: 1 ms .
[2026-06-02T17:36:14.027] [DEBUG] debug-file - entry : default@ProcessProfile cost memory -3.9088668823242188
[2026-06-02T17:36:14.028] [INFO] debug-file - UP-TO-DATE :entry:default@ProcessProfile...  
[2026-06-02T17:36:14.028] [DEBUG] debug-file - Executing task :entry:default@ProcessRouterMap
[2026-06-02T17:36:14.030] [DEBUG] debug-file - Incremental task entry:default@ProcessRouterMap pre-execution cost: 2 ms .
[2026-06-02T17:36:14.030] [DEBUG] debug-file - entry : default@ProcessRouterMap cost memory 0.1344451904296875
[2026-06-02T17:36:14.030] [INFO] debug-file - UP-TO-DATE :entry:default@ProcessRouterMap...  
[2026-06-02T17:36:14.031] [DEBUG] debug-file - Executing task :entry:default@ProcessShareConfig
[2026-06-02T17:36:14.032] [DEBUG] debug-file - Incremental task entry:default@ProcessShareConfig pre-execution cost: 1 ms .
[2026-06-02T17:36:14.032] [DEBUG] debug-file - entry : default@ProcessShareConfig cost memory 0.1083221435546875
[2026-06-02T17:36:14.032] [INFO] debug-file - UP-TO-DATE :entry:default@ProcessShareConfig...  
[2026-06-02T17:36:14.033] [DEBUG] debug-file - Executing task :entry:default@ProcessStartupConfig
[2026-06-02T17:36:14.033] [DEBUG] debug-file - Task 'entry:default@ProcessStartupConfig' cost while wrapping incremental declarations: 1 ms 
[2026-06-02T17:36:14.034] [DEBUG] debug-file - entry:default@ProcessStartupConfig is not up-to-date, since the output file 'C:\Users\27843\Downloads\RingtoneKit_Codelab_\entry\build\default\intermediates\startup\default\startup_config.json' does not exist.
[2026-06-02T17:36:14.034] [DEBUG] debug-file - Incremental task entry:default@ProcessStartupConfig pre-execution cost: 1 ms .
[2026-06-02T17:36:14.034] [DEBUG] debug-file - entry : default@ProcessStartupConfig cost memory 0.0967864990234375
[2026-06-02T17:36:14.034] [DEBUG] debug-file - runTaskFromQueue task cost before running: 196 ms 
[2026-06-02T17:36:14.034] [INFO] debug-file - Finished :entry:default@ProcessStartupConfig... after 1 ms 
[2026-06-02T17:36:14.035] [DEBUG] debug-file - Executing task :entry:default@BuildNativeWithNinja
[2026-06-02T17:36:14.035] [DEBUG] debug-file - entry : default@BuildNativeWithNinja cost memory 0.02159881591796875
[2026-06-02T17:36:14.035] [DEBUG] debug-file - runTaskFromQueue task cost before running: 197 ms 
[2026-06-02T17:36:14.035] [INFO] debug-file - Finished :entry:default@BuildNativeWithNinja... after 1 ms 
[2026-06-02T17:36:14.036] [DEBUG] debug-file - restool module names: entry; moduleName=entry, taskName=default@ProcessResource
[2026-06-02T17:36:14.037] [DEBUG] debug-file - Executing task :entry:default@ProcessResource
[2026-06-02T17:36:14.037] [DEBUG] debug-file - Task 'entry:default@ProcessResource' cost while wrapping incremental declarations: 1 ms 
[2026-06-02T17:36:14.038] [DEBUG] debug-file - Incremental task entry:default@ProcessResource pre-execution cost: 1 ms .
[2026-06-02T17:36:14.038] [DEBUG] debug-file - entry : default@ProcessResource cost memory 0.13408660888671875
[2026-06-02T17:36:14.039] [INFO] debug-file - UP-TO-DATE :entry:default@ProcessResource...  
[2026-06-02T17:36:14.040] [DEBUG] debug-file - Executing task :entry:default@GenerateLoaderJson
[2026-06-02T17:36:14.041] [DEBUG] debug-file - Task 'entry:default@GenerateLoaderJson' cost while wrapping incremental declarations: 1 ms 
[2026-06-02T17:36:14.045] [DEBUG] debug-file - Incremental task entry:default@GenerateLoaderJson pre-execution cost: 3 ms .
[2026-06-02T17:36:14.045] [DEBUG] debug-file - entry : default@GenerateLoaderJson cost memory 0.48078155517578125
[2026-06-02T17:36:14.047] [INFO] debug-file - UP-TO-DATE :entry:default@GenerateLoaderJson...  
[2026-06-02T17:36:14.048] [DEBUG] debug-file - Executing task :entry:default@ProcessLibs
[2026-06-02T17:36:14.049] [DEBUG] debug-file - Incremental task entry:default@ProcessLibs pre-execution cost: 1 ms .
[2026-06-02T17:36:14.049] [DEBUG] debug-file - entry : default@ProcessLibs cost memory 0.1023712158203125
[2026-06-02T17:36:14.050] [INFO] debug-file - UP-TO-DATE :entry:default@ProcessLibs...  
[2026-06-02T17:36:14.050] [DEBUG] debug-file - restool module names: entry; moduleName=entry, taskName=default@CompileResource
[2026-06-02T17:36:14.051] [DEBUG] debug-file - Executing task :entry:default@CompileResource
[2026-06-02T17:36:14.060] [DEBUG] debug-file - Incremental task entry:default@CompileResource pre-execution cost: 9 ms .
[2026-06-02T17:36:14.060] [DEBUG] debug-file - entry : default@CompileResource cost memory 0.57745361328125
[2026-06-02T17:36:14.061] [INFO] debug-file - UP-TO-DATE :entry:default@CompileResource...  
[2026-06-02T17:36:14.062] [DEBUG] debug-file - Executing task :entry:default@DoNativeStrip
[2026-06-02T17:36:14.062] [DEBUG] debug-file - Task 'entry:default@DoNativeStrip' cost while wrapping incremental declarations: 1 ms 
[2026-06-02T17:36:14.063] [DEBUG] debug-file - Incremental task entry:default@DoNativeStrip pre-execution cost: 1 ms .
[2026-06-02T17:36:14.063] [DEBUG] debug-file - entry : default@DoNativeStrip cost memory 0.07602691650390625
[2026-06-02T17:36:14.063] [INFO] debug-file - UP-TO-DATE :entry:default@DoNativeStrip...  
[2026-06-02T17:36:14.064] [DEBUG] debug-file - Executing task :entry:default@CompileArkTS
[2026-06-02T17:36:14.064] [DEBUG] debug-file - obfuscationOptions: undefined
[2026-06-02T17:36:14.065] [DEBUG] debug-file - Task 'entry:default@CompileArkTS' cost while wrapping incremental declarations: 1 ms 
[2026-06-02T17:36:14.069] [DEBUG] debug-file - entry:default@CompileArkTS is not up-to-date, since the input file 'C:\Users\27843\Downloads\RingtoneKit_Codelab_\entry\src\main\ets' has been changed.
[2026-06-02T17:36:14.069] [DEBUG] debug-file - Incremental task entry:default@CompileArkTS pre-execution cost: 3 ms .
[2026-06-02T17:36:14.075] [DEBUG] debug-file - build config:
[2026-06-02T17:36:14.076] [DEBUG] debug-file - {
  moduleType: 'entry',
  perf: 0,
  targetName: '.default',
  packageManagerType: 'ohpm',
  localPropertiesPath: 'C:\\Users\\27843\\Downloads\\RingtoneKit_Codelab_\\local.properties',
  isPreview: false,
  isOhosTest: false,
  isLocalTest: false,
  buildMode: 'Debug',
  hotReloadBuild: undefined,
  watchMode: 'false',
  aceProfilePath: 'C:\\Users\\27843\\Downloads\\RingtoneKit_Codelab_\\entry\\build\\default\\intermediates\\res\\default\\resources\\base\\profile',
  etsLoaderPath: 'C:\\Program Files\\Huawei\\DevEco Studio\\sdk\\default\\openharmony\\ets\\build-tools\\ets-loader',
  modulePath: 'C:\\Users\\27843\\Downloads\\RingtoneKit_Codelab_\\entry',
  testFrameworkPar: {
    testMode: undefined,
    coveragePathFilter: undefined,
    coverageMode: undefined
  },
  needCoverageInsert: false,
  debugLine: false,
  projectTopDir: 'C:\\Users\\27843\\Downloads\\RingtoneKit_Codelab_',
  compileSdkVersion: 22,
  compatibleSdkVersion: 12,
  originCompatibleSdkVersion: '5.0.0(12)',
  compatibleSdkVersionStage: 'beta1',
  bundleName: 'c***n',
  etsLoaderVersion: '6.0.2.130',
  etsLoaderReleaseType: 'Release',
  aotCompileMode: 'type',
  apPath: 'C:\\Users\\27843\\Downloads\\RingtoneKit_Codelab_\\entry\\modules.ap',
  entryModuleName: 'entry',
  entryModuleVersion: '1.0.0',
  entryPackageName: 'entry',
  allModuleNameHash: 'db44f8a8a620383b923efb1105d6d0eb296559a94ef72a4510286f2511f87786',
  externalApiPaths: [
    'C:\\Program Files\\Huawei\\DevEco Studio\\sdk\\default\\hms\\ets'
  ],
  compilerTypes: [],
  isCrossplatform: false,
  hvigorPluginFile: undefined,
  compilePluginPath: undefined,
  buildGeneratedProfilePath: 'C:\\Users\\27843\\Downloads\\RingtoneKit_Codelab_\\entry\\build\\default\\generated\\profile\\default',
  bundleType: 'app',
  arkTSVersion: undefined,
  apiVersion: 22,
  needCompleteSourcesMap: false,
  isFaMode: false,
  buildDir: 'C:\\Users\\27843\\Downloads\\RingtoneKit_Codelab_\\entry\\build',
  deviceTypes: [ 'phone', 'tablet', 'wearable' ],
  pkgContextInfo: undefined,
  ohPackagePathMap: {},
  dependencyAliasMap: {},
  permission: { requestPermissions: undefined, definePermissions: undefined },
  useGetCurrentBundleName: false,
  projectArkOption: undefined,
  sourceMapDir: undefined,
  branchElimination: false,
  transformLib: undefined,
  tsImportSendable: false,
  resolveConflictMode: true,
  depName2RootPath: {},
  depName2DepInfo: {},
  rootPathSet: [ 'C:\\Users\\27843\\Downloads\\RingtoneKit_Codelab_' ],
  useNativeResolver: true,
  shouldEmitJs: true,
  useTscResolve: false,
  singleFileEmit: false,
  userProjectConfig: {
    autoLazyImport: false,
    allowEmptyBundleName: false,
    reExportCheckMode: 'noCheck',
    executionMode: 'memory',
    usePathPlaceholder: false,
    writeRollupCache: true,
    isExpandImportEnabled: false,
    expandImportExclude: '',
    lazyImportExclude: '',
    lazyImportInclude: '',
    ignoreCrossplatformCheck: false,
    isHarDeduplicateEnabled: false,
    skipOhModulesLint: false,
    enableStrictCheckOHModule: false,
    disableSendableCheckRules: [],
    useDeclarationFileSignature: false,
    customizedOptions: undefined,
    integratedHsp: false,
    isPreloadSoEnabled: false
  },
  executionMode: 'memory',
  arkCompileCachePath: 'C:\\Users\\27843\\Downloads\\RingtoneKit_Codelab_\\entry\\build\\default\\cache\\default\\default@CompileArkTS\\esmodule',
  autoLazyFilter: undefined,
  isHarDeduplicateEnabled: false,
  intermediateHarDuplicateDirPath: 'C:\\Users\\27843\\Downloads\\RingtoneKit_Codelab_\\entry\\build\\default\\intermediates\\har_duplicate\\default',
  autoLazyImport: false,
  allowEmptyBundleName: false,
  reExportCheckMode: 'noCheck',
  usePathPlaceholder: false,
  writeRollupCache: true,
  isExpandImportEnabled: false,
  expandImportExclude: '',
  lazyImportExclude: '',
  lazyImportInclude: '',
  ignoreCrossplatformCheck: false,
  skipOhModulesLint: false,
  enableStrictCheckOHModule: false,
  disableSendableCheckRules: [],
  useDeclarationFileSignature: false,
  customizedOptions: undefined,
  integratedHsp: false,
  isPreloadSoEnabled: false,
  strictMode: undefined,
  useNormalizedOHMUrl: false,
  caseSensitiveCheck: false,
  aceModuleJsonPath: 'C:\\Users\\27843\\Downloads\\RingtoneKit_Codelab_\\entry\\build\\default\\intermediates\\res\\default\\ark_module.json',
  appResource: 'C:\\Users\\27843\\Downloads\\RingtoneKit_Codelab_\\entry\\build\\default\\intermediates\\res\\default\\ResourceTable.txt',
  rawFileResource: 'C:\\Users\\27843\\Downloads\\RingtoneKit_Codelab_\\entry\\build\\default\\intermediates\\res\\default\\resources\\rawfile',
  resourceTableHash: '0a5e461b8cc472af07d60289bf2402599b7c63db39b7448590c7effc1f3dc134',
  runtimeOS: 'HarmonyOS',
  sdkInfo: 'false:22:6.0.2.130:Release',
  aceModuleRoot: 'C:\\Users\\27843\\Downloads\\RingtoneKit_Codelab_\\entry\\src\\main\\ets',
  compileMode: 'esmodule',
  aceSuperVisualPath: 'C:\\Users\\27843\\Downloads\\RingtoneKit_Codelab_\\entry\\src\\main\\supervisual',
  aceBuildJson: 'C:\\Users\\27843\\Downloads\\RingtoneKit_Codelab_\\entry\\build\\default\\intermediates\\loader\\default\\loader.json',
  cachePath: 'C:\\Users\\27843\\Downloads\\RingtoneKit_Codelab_\\entry\\build\\default\\cache\\default\\default@CompileArkTS\\esmodule\\debug',
  aceModuleBuild: 'C:\\Users\\27843\\Downloads\\RingtoneKit_Codelab_\\entry\\build\\default\\intermediates\\loader_out\\default\\ets',
  supportChunks: true,
  declaredFilesPath: undefined,
  shouldCollectDirectImportees: false,
  isByteCodeHarOptimize: false,
  expandImportPath: undefined,
  pkgNameToPkgBriefInfo: {
    entry: {
      pkgRoot: 'C:\\Users\\27843\\Downloads\\RingtoneKit_Codelab_\\entry',
      originalSourceRoots: undefined,
      sourceRoots: [Array],
      pkgName: 'entry'
    }
  },
  projectModel: {
    'C:\\Users\\27843\\Downloads\\RingtoneKit_Codelab_\\entry\\src\\main': {
      moduleName: 'entry',
      modulePkgPath: 'C:\\Users\\27843\\Downloads\\RingtoneKit_Codelab_\\entry',
      belongProjectPath: 'C:\\Users\\27843\\Downloads\\RingtoneKit_Codelab_'
    },
    'C:\\Users\\27843\\Downloads\\RingtoneKit_Codelab_\\entry': {
      moduleName: 'entry',
      modulePkgPath: 'C:\\Users\\27843\\Downloads\\RingtoneKit_Codelab_\\entry',
      belongProjectPath: 'C:\\Users\\27843\\Downloads\\RingtoneKit_Codelab_'
    },
    'C:\\Users\\27843\\Downloads\\RingtoneKit_Codelab_': {
      moduleName: 'RingtoneKit_Codelab_',
      modulePkgPath: 'C:\\Users\\27843\\Downloads\\RingtoneKit_Codelab_',
      belongProjectPath: 'C:\\Users\\27843\\Downloads\\RingtoneKit_Codelab_'
    }
  },
  pkgJsonFileHash: '2d3aabe892cb47a8d32dc51369771e7583ba0b181fb1299d8dac661ceb735d99',
  allModulePaths: [ 'C:\\Users\\27843\\Downloads\\RingtoneKit_Codelab_\\entry' ],
  routerMap: {},
  obfuscationOptions: undefined,
  byteCodeHarToDependencyKeys: undefined,
  compileBlockPkg: [],
  mockParams: {
    decorator: '@MockSetup',
    packageName: '@ohos/hamock',
    etsSourceRootPath: 'src/main/ets',
    mockConfigPath: undefined,
    mockConfigKey2ModuleInfo: {},
    source2ModuleIdMap: {}
  },
  copyCodeResourceEnable: true,
  copyCodeResourceExcludes: [],
  copyCodeResourceIncludes: undefined,
  uiTransformOptimization: false,
  sdkPath: 'C:/Program Files/Huawei/DevEco Studio/sdk',
  needPreloadSoFileSet: {},
  preloadSoFilePath: 'C:\\Users\\27843\\Downloads\\RingtoneKit_Codelab_\\entry\\build\\default\\intermediates\\preload\\default\\preload.json',
  useSourceHash: false,
  localModuleParamMap: {},
  otherPaths: {
    'entry/*': [
      '..\\*',
      '..\\..\\..\\build\\default\\generated\\profile\\default\\*'
    ]
  },
  collectImportersConfig: undefined
}
[2026-06-02T17:36:14.076] [DEBUG] debug-file - Compile arkts with external api path: C:\Program Files\Huawei\DevEco Studio\sdk\default\hms\ets
[2026-06-02T17:36:14.077] [DEBUG] debug-file - default@CompileArkTS work[4] is submitted.
[2026-06-02T17:36:14.077] [DEBUG] debug-file - default@CompileArkTS work[4] is pushed to ready queue.
[2026-06-02T17:36:14.077] [DEBUG] debug-file - A work dispatched to worker[31] failed because unable to get work from ready queue.
[2026-06-02T17:36:14.077] [DEBUG] debug-file - A work dispatched to worker[30] failed because unable to get work from ready queue.
[2026-06-02T17:36:14.077] [DEBUG] debug-file - A work dispatched to worker[29] failed because unable to get work from ready queue.
[2026-06-02T17:36:14.077] [DEBUG] debug-file - A work dispatched to worker[28] failed because unable to get work from ready queue.
[2026-06-02T17:36:14.077] [DEBUG] debug-file - A work dispatched to worker[27] failed because unable to get work from ready queue.
[2026-06-02T17:36:14.077] [DEBUG] debug-file - A work dispatched to worker[26] failed because unable to get work from ready queue.
[2026-06-02T17:36:14.077] [DEBUG] debug-file - A work dispatched to worker[25] failed because unable to get work from ready queue.
[2026-06-02T17:36:14.077] [DEBUG] debug-file - A work dispatched to worker[24] failed because unable to get work from ready queue.
[2026-06-02T17:36:14.077] [DEBUG] debug-file - A work dispatched to worker[23] failed because unable to get work from ready queue.
[2026-06-02T17:36:14.078] [DEBUG] debug-file - A work dispatched to worker[22] failed because unable to get work from ready queue.
[2026-06-02T17:36:14.078] [DEBUG] debug-file - A work dispatched to worker[21] failed because unable to get work from ready queue.
[2026-06-02T17:36:14.078] [DEBUG] debug-file - A work dispatched to worker[20] failed because unable to get work from ready queue.
[2026-06-02T17:36:14.078] [DEBUG] debug-file - A work dispatched to worker[19] failed because unable to get work from ready queue.
[2026-06-02T17:36:14.078] [DEBUG] debug-file - A work dispatched to worker[18] failed because unable to get work from ready queue.
[2026-06-02T17:36:14.078] [DEBUG] debug-file - A work dispatched to worker[17] failed because unable to get work from ready queue.
[2026-06-02T17:36:14.078] [DEBUG] debug-file - A work dispatched to worker[16] failed because unable to get work from ready queue.
[2026-06-02T17:36:14.078] [DEBUG] debug-file - A work dispatched to worker[15] failed because unable to get work from ready queue.
[2026-06-02T17:36:14.078] [DEBUG] debug-file - A work dispatched to worker[14] failed because unable to get work from ready queue.
[2026-06-02T17:36:14.078] [DEBUG] debug-file - A work dispatched to worker[13] failed because unable to get work from ready queue.
[2026-06-02T17:36:14.078] [DEBUG] debug-file - A work dispatched to worker[12] failed because unable to get work from ready queue.
[2026-06-02T17:36:14.078] [DEBUG] debug-file - A work dispatched to worker[11] failed because unable to get work from ready queue.
[2026-06-02T17:36:14.078] [DEBUG] debug-file - A work dispatched to worker[10] failed because unable to get work from ready queue.
[2026-06-02T17:36:14.078] [DEBUG] debug-file - A work dispatched to worker[9] failed because unable to get work from ready queue.
[2026-06-02T17:36:14.078] [DEBUG] debug-file - A work dispatched to worker[8] failed because unable to get work from ready queue.
[2026-06-02T17:36:14.078] [DEBUG] debug-file - A work dispatched to worker[7] failed because unable to get work from ready queue.
[2026-06-02T17:36:14.078] [DEBUG] debug-file - A work dispatched to worker[6] failed because unable to get work from ready queue.
[2026-06-02T17:36:14.078] [DEBUG] debug-file - A work dispatched to worker[5] failed because unable to get work from ready queue.
[2026-06-02T17:36:14.078] [DEBUG] debug-file - default@CompileArkTS work[4] has been dispatched to worker[4].
[2026-06-02T17:36:14.078] [DEBUG] debug-file - default@CompileArkTS work[4] is dispatched.
[2026-06-02T17:36:14.078] [DEBUG] debug-file - CopyResources startTime: 4276855385800
[2026-06-02T17:36:14.078] [DEBUG] debug-file - default@CompileArkTS work[5] is submitted.
[2026-06-02T17:36:14.078] [DEBUG] debug-file - default@CompileArkTS work[5] is pushed to ready queue.
[2026-06-02T17:36:14.078] [DEBUG] debug-file - A work dispatched to worker[31] failed because unable to get work from ready queue.
[2026-06-02T17:36:14.078] [DEBUG] debug-file - Create  resident worker with id: 30.
[2026-06-02T17:36:14.079] [DEBUG] debug-file - default@CompileArkTS work[5] has been dispatched to worker[30].
[2026-06-02T17:36:14.079] [DEBUG] debug-file - default@CompileArkTS work[5] is dispatched.
[2026-06-02T17:36:14.080] [DEBUG] debug-file - entry : default@CompileArkTS cost memory 1.4888839721679688
[2026-06-02T17:36:14.081] [DEBUG] debug-file - Executing task :entry:default@BuildJS
[2026-06-02T17:36:14.081] [DEBUG] debug-file - Task 'entry:default@BuildJS' cost while wrapping incremental declarations: 1 ms 
[2026-06-02T17:36:14.083] [DEBUG] debug-file - entry : default@BuildJS cost memory 0.1537628173828125
[2026-06-02T17:36:14.083] [DEBUG] debug-file - runTaskFromQueue task cost before running: 245 ms 
[2026-06-02T17:36:14.083] [INFO] debug-file - Finished :entry:default@BuildJS... after 3 ms 
[2026-06-02T17:36:14.084] [DEBUG] debug-file - Executing task :entry:default@CacheNativeLibs
[2026-06-02T17:36:14.084] [DEBUG] debug-file - Task 'entry:default@CacheNativeLibs' cost while wrapping incremental declarations: 1 ms 
[2026-06-02T17:36:14.086] [DEBUG] debug-file - Incremental task entry:default@CacheNativeLibs pre-execution cost: 2 ms .
[2026-06-02T17:36:14.086] [DEBUG] debug-file - entry : default@CacheNativeLibs cost memory 0.09236907958984375
[2026-06-02T17:36:14.086] [INFO] debug-file - UP-TO-DATE :entry:default@CacheNativeLibs...  
[2026-06-02T17:36:14.940] [WARN] debug-file - [33mWARN: [33m[33mArkTS:WARN File: C:/Users/27843/Downloads/RingtoneKit_Codelab_/entry/src/main/ets/pages/Index.ets:104:7
 Function may throw exceptions. Special handling is required.
[39m[39m
[33mWARN: [33m[33mArkTS:WARN File: C:/Users/27843/Downloads/RingtoneKit_Codelab_/entry/src/main/ets/pages/Index.ets:108:5
 The system capacity of this api 'ringtone' is not supported on all devices
[39m[39m
[33mWARN: [33m[33mArkTS:WARN File: C:/Users/27843/Downloads/RingtoneKit_Codelab_/entry/src/main/ets/pages/Index.ets:108:14
 The system capacity of this api 'startRingtoneSetting' is not supported on all devices
[39m[39m
[33mWARN: [33m[33mArkTS:WARN File: C:/Users/27843/Downloads/RingtoneKit_Codelab_/entry/src/main/ets/pages/Index.ets:113:24
 The system capacity of this api 'ringtone' is not supported on all devices
[39m[39m
[33mWARN: [33m[33mArkTS:WARN File: C:/Users/27843/Downloads/RingtoneKit_Codelab_/entry/src/main/ets/pages/Index.ets:113:33
 The system capacity of this api 'RingtoneErrors' is not supported on all devices
[39m[39m
[33mWARN: [33m[33mArkTS:WARN File: C:/Users/27843/Downloads/RingtoneKit_Codelab_/entry/src/main/ets/pages/Index.ets:113:48
 The system capacity of this api 'ERROR_FILE_NOT_FOUND' is not supported on all devices
[39m[39m

[2026-06-02T17:36:14.941] [DEBUG] debug-file - Ark compile task finished.finished time is 4277717832300
[2026-06-02T17:36:14.941] [DEBUG] debug-file - worker[4] has one work done.
[2026-06-02T17:36:14.942] [DEBUG] debug-file - default@CompileArkTS work[4] done.
[2026-06-02T17:36:14.943] [DEBUG] debug-file - A work dispatched to worker[4] failed because unable to get work from ready queue.
[2026-06-02T17:36:15.152] [DEBUG] debug-file - worker[30] has one work done.
[2026-06-02T17:36:15.152] [DEBUG] debug-file - CopyResources is end, endTime: 4277929587100
[2026-06-02T17:36:15.153] [DEBUG] debug-file - default@CompileArkTS work[5] done.
[2026-06-02T17:36:15.153] [DEBUG] debug-file - A work dispatched to worker[30] failed because unable to get work from ready queue.
[2026-06-02T17:36:15.154] [INFO] debug-file - Finished :entry:default@CompileArkTS... after 888 ms 
[2026-06-02T17:36:15.155] [DEBUG] debug-file - Executing task :entry:default@GeneratePkgModuleJson
[2026-06-02T17:36:15.155] [DEBUG] debug-file - File: 'C:\Users\27843\Downloads\RingtoneKit_Codelab_\entry\build\default\intermediates\preload\default\preload.json' from 'preloadSoJsonPath' is not exists, just ignore.
[2026-06-02T17:36:15.155] [DEBUG] debug-file - Error occurs while handling @Input 'shouldDeduplicateHar': The "data" argument must be of type string or an instance of Buffer, TypedArray, or DataView. Received undefined
[2026-06-02T17:36:15.156] [DEBUG] debug-file - Task 'entry:default@GeneratePkgModuleJson' cost while wrapping incremental declarations: 1 ms 
[2026-06-02T17:36:15.157] [DEBUG] debug-file - Incremental task entry:default@GeneratePkgModuleJson pre-execution cost: 1 ms .
[2026-06-02T17:36:15.157] [DEBUG] debug-file - entry : default@GeneratePkgModuleJson cost memory 0.101226806640625
[2026-06-02T17:36:15.157] [INFO] debug-file - UP-TO-DATE :entry:default@GeneratePkgModuleJson...  
[2026-06-02T17:36:15.158] [DEBUG] debug-file - Executing task :entry:default@ProcessCompiledResources
[2026-06-02T17:36:15.158] [DEBUG] debug-file - File: 'C:\Users\27843\Downloads\RingtoneKit_Codelab_\entry\build\default\intermediates\preload\default\preload.json' from 'preloadSoJsonPath' is not exists, just ignore.
[2026-06-02T17:36:15.158] [DEBUG] debug-file - Task 'entry:default@ProcessCompiledResources' cost while wrapping incremental declarations: 1 ms 
[2026-06-02T17:36:15.158] [DEBUG] debug-file - entry : default@ProcessCompiledResources cost memory 0.05896759033203125
[2026-06-02T17:36:15.158] [DEBUG] debug-file - runTaskFromQueue task cost before running: 1 s 321 ms 
[2026-06-02T17:36:15.158] [INFO] debug-file - Finished :entry:default@ProcessCompiledResources... after 1 ms 
[2026-06-02T17:36:15.160] [DEBUG] debug-file - Executing task :entry:default@PackageHap
[2026-06-02T17:36:15.164] [DEBUG] debug-file - entry:default@PackageHap is not up-to-date, since the input file 'C:\Users\27843\Downloads\RingtoneKit_Codelab_\entry\build\default\intermediates\loader_out\default\ets' has been changed.
[2026-06-02T17:36:15.165] [DEBUG] debug-file - Incremental task entry:default@PackageHap pre-execution cost: 4 ms .
[2026-06-02T17:36:15.165] [DEBUG] debug-file - Use tool [C:\Program Files\Huawei\DevEco Studio\sdk\default\openharmony\toolchains\lib\app_packing_tool.jar]
 [
  'java',
  '-Dfile.encoding=GBK',
  '-jar',
  'C:\\Program Files\\Huawei\\DevEco Studio\\sdk\\default\\openharmony\\toolchains\\lib\\app_packing_tool.jar',
  '--mode',
  'hap',
  '--force',
  'true',
  '--lib-path',
  'C:\\Users\\27843\\Downloads\\RingtoneKit_Codelab_\\entry\\build\\default\\intermediates\\stripped_native_libs\\default',
  '--json-path',
  'C:\\Users\\27843\\Downloads\\RingtoneKit_Codelab_\\entry\\build\\default\\intermediates\\package\\default\\module.json',
  '--resources-path',
  'C:\\Users\\27843\\Downloads\\RingtoneKit_Codelab_\\entry\\build\\default\\intermediates\\res\\default\\resources',
  '--index-path',
  'C:\\Users\\27843\\Downloads\\RingtoneKit_Codelab_\\entry\\build\\default\\intermediates\\res\\default\\resources.index',
  '--pack-info-path',
  'C:\\Users\\27843\\Downloads\\RingtoneKit_Codelab_\\entry\\build\\default\\outputs\\default\\pack.info',
  '--out-path',
  'C:\\Users\\27843\\Downloads\\RingtoneKit_Codelab_\\entry\\build\\default\\outputs\\default\\entry-default-unsigned.hap',
  '--ets-path',
  'C:\\Users\\27843\\Downloads\\RingtoneKit_Codelab_\\entry\\build\\default\\intermediates\\loader_out\\default\\ets'
]
[2026-06-02T17:36:15.202] [DEBUG] debug-file - java daemon socket received message:{"code":0,"message":"pack success"}
[2026-06-02T17:36:15.205] [DEBUG] debug-file - entry : default@PackageHap cost memory 0.614349365234375
[2026-06-02T17:36:15.206] [DEBUG] debug-file - runTaskFromQueue task cost before running: 1 s 368 ms 
[2026-06-02T17:36:15.207] [INFO] debug-file - Finished :entry:default@PackageHap... after 46 ms 
[2026-06-02T17:36:15.208] [DEBUG] debug-file - Executing task :entry:default@PackingCheck
[2026-06-02T17:36:15.213] [DEBUG] debug-file - entry : default@PackingCheck cost memory 0.3918914794921875
[2026-06-02T17:36:15.213] [DEBUG] debug-file - runTaskFromQueue task cost before running: 1 s 375 ms 
[2026-06-02T17:36:15.213] [INFO] debug-file - Finished :entry:default@PackingCheck... after 5 ms 
[2026-06-02T17:36:15.214] [DEBUG] debug-file - Executing task :entry:default@SignHap
[2026-06-02T17:36:15.214] [WARN] debug-file - Will skip sign 'hos_hap'. No signingConfigs profile is configured in current project.
             If needed, configure the signingConfigs in C:\Users\27843\Downloads\RingtoneKit_Codelab_\build-profile.json5.
[2026-06-02T17:36:15.215] [DEBUG] debug-file - entry:default@SignHap is not up-to-date, since the input file 'C:\Users\27843\Downloads\RingtoneKit_Codelab_\entry\build\default\outputs\default\entry-default-unsigned.hap' has been changed.
[2026-06-02T17:36:15.215] [DEBUG] debug-file - Incremental task entry:default@SignHap pre-execution cost: 1 ms .
[2026-06-02T17:36:15.215] [DEBUG] debug-file - entry : default@SignHap cost memory 0.08734130859375
[2026-06-02T17:36:15.215] [DEBUG] debug-file - runTaskFromQueue task cost before running: 1 s 378 ms 
[2026-06-02T17:36:15.216] [INFO] debug-file - Finished :entry:default@SignHap... after 2 ms 
[2026-06-02T17:36:15.217] [DEBUG] debug-file - Executing task :entry:default@CollectDebugSymbol
[2026-06-02T17:36:15.217] [DEBUG] debug-file - entry : default@CollectDebugSymbol cost memory 0.096771240234375
[2026-06-02T17:36:15.217] [DEBUG] debug-file - runTaskFromQueue task cost before running: 1 s 380 ms 
[2026-06-02T17:36:15.218] [INFO] debug-file - Finished :entry:default@CollectDebugSymbol... after 1 ms 
[2026-06-02T17:36:15.218] [DEBUG] debug-file - Executing task :entry:assembleHap
[2026-06-02T17:36:15.218] [DEBUG] debug-file - entry : assembleHap cost memory 0.0122528076171875
[2026-06-02T17:36:15.218] [DEBUG] debug-file - runTaskFromQueue task cost before running: 1 s 380 ms 
[2026-06-02T17:36:15.218] [INFO] debug-file - Finished :entry:assembleHap... after 1 ms 
[2026-06-02T17:36:15.246] [INFO] debug-file - BUILD SUCCESSFUL in 1 s 408 ms 
[2026-06-02T17:36:15.246] [DEBUG] debug-file - There is no need to refresh cache, since the incremental task entry:default@PreBuild is up-to-date.
[2026-06-02T17:36:15.247] [DEBUG] debug-file - Update task entry:default@CreateModuleInfo output file:C:\Users\27843\Downloads\RingtoneKit_Codelab_\entry\build\default\generated\profile\default\ModuleInfo.ts cache.
[2026-06-02T17:36:15.247] [DEBUG] debug-file - Incremental task entry:default@CreateModuleInfo post-execution cost:1 ms .
[2026-06-02T17:36:15.247] [DEBUG] debug-file - There is no need to refresh cache, since the incremental task entry:default@GenerateMetadata is up-to-date.
[2026-06-02T17:36:15.247] [DEBUG] debug-file - There is no need to refresh cache, since the incremental task entry:default@MergeProfile is up-to-date.
[2026-06-02T17:36:15.247] [DEBUG] debug-file - There is no need to refresh cache, since the incremental task entry:default@CreateBuildProfile is up-to-date.
[2026-06-02T17:36:15.247] [DEBUG] debug-file - Update task entry:default@GeneratePkgContextInfo output file:C:\Users\27843\Downloads\RingtoneKit_Codelab_\entry\build\default\intermediates\loader\default\pkgContextInfo.json cache.
[2026-06-02T17:36:15.247] [DEBUG] debug-file - Incremental task entry:default@GeneratePkgContextInfo post-execution cost:1 ms .
[2026-06-02T17:36:15.247] [DEBUG] debug-file - Update task entry:default@ProcessIntegratedHsp output file:C:\Users\27843\Downloads\RingtoneKit_Codelab_\build\cache\default\integrated_hsp\integratedHspCache.json cache.
[2026-06-02T17:36:15.247] [DEBUG] debug-file - Incremental task entry:default@ProcessIntegratedHsp post-execution cost:1 ms .
[2026-06-02T17:36:15.247] [DEBUG] debug-file - There is no need to refresh cache, since the incremental task entry:default@MakePackInfo is up-to-date.
[2026-06-02T17:36:15.248] [DEBUG] debug-file - Update task entry:default@SyscapTransform input file:C:\Program Files\Huawei\DevEco Studio\sdk\default\openharmony\toolchains\syscap_tool.exe cache by regenerate.
[2026-06-02T17:36:15.248] [DEBUG] debug-file - Update task entry:default@SyscapTransform input file:C:\Program Files\Huawei\DevEco Studio\sdk\default\openharmony\ets\api\device-define cache by regenerate.
[2026-06-02T17:36:15.249] [DEBUG] debug-file - Update task entry:default@SyscapTransform output file:C:\Users\27843\Downloads\RingtoneKit_Codelab_\entry\build\default\intermediates\syscap\default\rpcid.sc cache.
[2026-06-02T17:36:15.249] [DEBUG] debug-file - Incremental task entry:default@SyscapTransform post-execution cost:2 ms .
[2026-06-02T17:36:15.249] [DEBUG] debug-file - There is no need to refresh cache, since the incremental task entry:default@ProcessProfile is up-to-date.
[2026-06-02T17:36:15.249] [DEBUG] debug-file - There is no need to refresh cache, since the incremental task entry:default@ProcessRouterMap is up-to-date.
[2026-06-02T17:36:15.249] [DEBUG] debug-file - There is no need to refresh cache, since the incremental task entry:default@ProcessShareConfig is up-to-date.
[2026-06-02T17:36:15.249] [DEBUG] debug-file - Update task entry:default@ProcessStartupConfig output file:C:\Users\27843\Downloads\RingtoneKit_Codelab_\entry\build\default\intermediates\startup\default\startup_config.json cache.
[2026-06-02T17:36:15.249] [DEBUG] debug-file - Incremental task entry:default@ProcessStartupConfig post-execution cost:1 ms .
[2026-06-02T17:36:15.249] [DEBUG] debug-file - There is no need to refresh cache, since the incremental task entry:default@ProcessResource is up-to-date.
[2026-06-02T17:36:15.249] [DEBUG] debug-file - There is no need to refresh cache, since the incremental task entry:default@GenerateLoaderJson is up-to-date.
[2026-06-02T17:36:15.249] [DEBUG] debug-file - There is no need to refresh cache, since the incremental task entry:default@ProcessLibs is up-to-date.
[2026-06-02T17:36:15.250] [DEBUG] debug-file - There is no need to refresh cache, since the incremental task entry:default@CompileResource is up-to-date.
[2026-06-02T17:36:15.250] [DEBUG] debug-file - There is no need to refresh cache, since the incremental task entry:default@DoNativeStrip is up-to-date.
[2026-06-02T17:36:15.251] [DEBUG] debug-file - Update task entry:default@CompileArkTS input file:C:\Users\27843\Downloads\RingtoneKit_Codelab_\entry\build\default\intermediates\loader\default cache by regenerate.
[2026-06-02T17:36:15.251] [DEBUG] debug-file - Update task entry:default@CompileArkTS input file:C:\Users\27843\Downloads\RingtoneKit_Codelab_\entry\build\default\intermediates\res\default\ResourceTable.txt cache by regenerate.
[2026-06-02T17:36:15.251] [DEBUG] debug-file - Update task entry:default@CompileArkTS input file:C:\Users\27843\Downloads\RingtoneKit_Codelab_\entry\build\default\intermediates\res\default\ark_module.json cache by regenerate.
[2026-06-02T17:36:15.251] [DEBUG] debug-file - Update task entry:default@CompileArkTS input file:C:\Users\27843\Downloads\RingtoneKit_Codelab_\entry\build\default\intermediates\res\default\resources\base\profile cache by regenerate.
[2026-06-02T17:36:15.252] [DEBUG] debug-file - Update task entry:default@CompileArkTS input file:C:\Users\27843\Downloads\RingtoneKit_Codelab_\entry\src\main\ets cache from map.
[2026-06-02T17:36:15.252] [DEBUG] debug-file - Update task entry:default@CompileArkTS input file:C:\Users\27843\Downloads\RingtoneKit_Codelab_\entry\build\default\generated\profile\default\BuildProfile.ets cache by regenerate.
[2026-06-02T17:36:15.252] [DEBUG] debug-file - Update task entry:default@CompileArkTS output file:C:\Users\27843\Downloads\RingtoneKit_Codelab_\entry\build\default\intermediates\loader_out\default\ets cache.
[2026-06-02T17:36:15.253] [DEBUG] debug-file - Incremental task entry:default@CompileArkTS post-execution cost:3 ms .
[2026-06-02T17:36:15.253] [DEBUG] debug-file - Update task entry:default@BuildJS input file:C:\Users\27843\Downloads\RingtoneKit_Codelab_\entry\build\default\intermediates\loader\default cache by regenerate.
[2026-06-02T17:36:15.254] [DEBUG] debug-file - Update task entry:default@BuildJS input file:C:\Users\27843\Downloads\RingtoneKit_Codelab_\entry\build\default\intermediates\res\default\ResourceTable.txt cache by regenerate.
[2026-06-02T17:36:15.254] [DEBUG] debug-file - Update task entry:default@BuildJS input file:C:\Users\27843\Downloads\RingtoneKit_Codelab_\entry\build\default\intermediates\res\default\ark_module.json cache by regenerate.
[2026-06-02T17:36:15.254] [DEBUG] debug-file - Update task entry:default@BuildJS input file:C:\Users\27843\Downloads\RingtoneKit_Codelab_\entry\build\default\intermediates\res\default\resources\base\profile cache by regenerate.
[2026-06-02T17:36:15.254] [DEBUG] debug-file - Update task entry:default@BuildJS output file:C:\Users\27843\Downloads\RingtoneKit_Codelab_\entry\build\default\intermediates\loader_out\default\js cache.
[2026-06-02T17:36:15.255] [DEBUG] debug-file - Incremental task entry:default@BuildJS post-execution cost:2 ms .
[2026-06-02T17:36:15.255] [DEBUG] debug-file - There is no need to refresh cache, since the incremental task entry:default@CacheNativeLibs is up-to-date.
[2026-06-02T17:36:15.255] [DEBUG] debug-file - There is no need to refresh cache, since the incremental task entry:default@GeneratePkgModuleJson is up-to-date.
[2026-06-02T17:36:15.255] [DEBUG] debug-file - Incremental task entry:default@ProcessCompiledResources post-execution cost:1 ms .
[2026-06-02T17:36:15.255] [DEBUG] debug-file - Update task entry:default@PackageHap input file:C:\Users\27843\Downloads\RingtoneKit_Codelab_\entry\build\default\intermediates\stripped_native_libs\default cache by regenerate.
[2026-06-02T17:36:15.255] [DEBUG] debug-file - Update task entry:default@PackageHap input file:C:\Users\27843\Downloads\RingtoneKit_Codelab_\entry\build\default\intermediates\res\default\module.json cache by regenerate.
[2026-06-02T17:36:15.256] [DEBUG] debug-file - Update task entry:default@PackageHap input file:C:\Users\27843\Downloads\RingtoneKit_Codelab_\entry\build\default\intermediates\res\default\resources cache by regenerate.
[2026-06-02T17:36:15.257] [DEBUG] debug-file - Update task entry:default@PackageHap input file:C:\Users\27843\Downloads\RingtoneKit_Codelab_\entry\build\default\intermediates\res\default\resources.index cache by regenerate.
[2026-06-02T17:36:15.257] [DEBUG] debug-file - Update task entry:default@PackageHap input file:C:\Users\27843\Downloads\RingtoneKit_Codelab_\entry\build\default\outputs\default\pack.info cache by regenerate.
[2026-06-02T17:36:15.257] [DEBUG] debug-file - Update task entry:default@PackageHap input file:C:\Users\27843\Downloads\RingtoneKit_Codelab_\entry\build\default\intermediates\loader_out\default\ets cache from map.
[2026-06-02T17:36:15.257] [DEBUG] debug-file - Update task entry:default@PackageHap input file:C:\Users\27843\Downloads\RingtoneKit_Codelab_\entry\build\default\intermediates\loader_out\default\ets\sourceMaps.map cache by regenerate.
[2026-06-02T17:36:15.257] [DEBUG] debug-file - Update task entry:default@PackageHap input file:C:\Users\27843\Downloads\RingtoneKit_Codelab_\entry\build\default\generated\profile\default\BuildProfile.ets cache by regenerate.
[2026-06-02T17:36:15.258] [DEBUG] debug-file - Update task entry:default@PackageHap output file:C:\Users\27843\Downloads\RingtoneKit_Codelab_\entry\build\default\outputs\default\entry-default-unsigned.hap cache.
[2026-06-02T17:36:15.258] [DEBUG] debug-file - Update task entry:default@PackageHap output file:C:\Users\27843\Downloads\RingtoneKit_Codelab_\entry\build\default\intermediates\source_map\default\sourceMaps.map cache.
[2026-06-02T17:36:15.258] [DEBUG] debug-file - Update task entry:default@PackageHap output file:C:\Users\27843\Downloads\RingtoneKit_Codelab_\entry\build\default\outputs\default\mapping\sourceMaps.map cache.
[2026-06-02T17:36:15.258] [DEBUG] debug-file - Incremental task entry:default@PackageHap post-execution cost:4 ms .
[2026-06-02T17:36:15.258] [DEBUG] debug-file - Update task entry:default@SignHap input file:C:\Users\27843\Downloads\RingtoneKit_Codelab_\entry\build\default\outputs\default\entry-default-unsigned.hap cache from map.
[2026-06-02T17:36:15.259] [DEBUG] debug-file - Update task entry:default@SignHap output file:C:\Users\27843\Downloads\RingtoneKit_Codelab_\entry\build\default\outputs\default\entry-default-signed.hap cache.
[2026-06-02T17:36:15.259] [DEBUG] debug-file - Incremental task entry:default@SignHap post-execution cost:1 ms .
[2026-06-02T17:36:15.259] [DEBUG] debug-file - Update task entry:default@CollectDebugSymbol input file:C:\Users\27843\Downloads\RingtoneKit_Codelab_\entry\build\default\intermediates\loader_out\default\ets\sourceMaps.map cache by regenerate.
[2026-06-02T17:36:15.259] [DEBUG] debug-file - Update task entry:default@CollectDebugSymbol input file:C:\Users\27843\Downloads\RingtoneKit_Codelab_\entry\build\default\intermediates\libs\default cache by regenerate.
[2026-06-02T17:36:15.260] [DEBUG] debug-file - Update task entry:default@CollectDebugSymbol output file:C:\Users\27843\Downloads\RingtoneKit_Codelab_\entry\build\default\outputs\default\symbol cache.
[2026-06-02T17:36:15.260] [DEBUG] debug-file - Incremental task entry:default@CollectDebugSymbol post-execution cost:2 ms .
[2026-06-02T17:36:15.301] [DEBUG] debug-file - Cleanup worker 30.
[2026-06-02T17:36:15.301] [DEBUG] debug-file - Worker 30 has been cleaned up.
[2026-06-02T17:36:15.301] [DEBUG] debug-file - Current idle worker size: 1.
[2026-06-02T17:36:15.301] [DEBUG] debug-file - Current resident worker size: 2.
[2026-06-02T17:36:15.302] [DEBUG] debug-file - hvigor build process will be closed.
[2026-06-02T17:36:15.302] [DEBUG] debug-file - java daemon socket close code:1000 reason:close by user
[2026-06-02T17:36:15.305] [DEBUG] debug-file - session manager: send message to worker process.
[2026-06-02T17:36:15.305] [DEBUG] debug-file - session manager: send message to worker process.
[2026-06-02T17:36:15.305] [DEBUG] debug-file - watch worker: worker id should be larger than 0. Nothing will be sent to any worker thread.
[2026-06-02T17:36:15.306] [DEBUG] debug-file - watch worker: worker id should be larger than 0. Nothing will be sent to any worker thread.
[2026-06-02T17:36:15.310] [DEBUG] debug-file - worker[30] exits with exit code 1.
[2026-06-02T17:39:31.392] [DEBUG] debug-file - session manager: set active socket. socketId=WDPUCpVXPXyYcUJaAAAN
[2026-06-02T17:39:31.397] [DEBUG] debug-file - watch worker: worker id should be larger than 0. Nothing will be sent to any worker thread.
[2026-06-02T17:39:31.399] [DEBUG] debug-file - Workers' log level updated to INFO
[2026-06-02T17:39:31.402] [DEBUG] debug-file - Hvigor init with startParameters:{
  hvigorfileTypeCheck: false,
  parallelExecution: true,
  incrementalExecution: true,
  printStackTrace: false,
  daemon: true,
  analyze: 0,
  logLevel: Level { level: 20000, levelStr: 'INFO', colour: 'green' },
  optimizationStrategy: 'memory',
  hotCompile: undefined,
  hotReloadBuild: undefined,
  customizedParam: undefined
}
[2026-06-02T17:39:31.406] [DEBUG] debug-file - Cache service initialization finished in 4 ms 
[2026-06-02T17:39:31.408] [DEBUG] debug-file - hvigorfile, resolving C:\Users\27843\Downloads\RingtoneKit_Codelab_\hvigorfile.ts
[2026-06-02T17:39:31.419] [DEBUG] debug-file - hvigorfile, require result:  { default: { plugins: [] } }
[2026-06-02T17:39:31.419] [DEBUG] debug-file - hvigorfile, binding system plugins null
[2026-06-02T17:39:31.420] [DEBUG] debug-file - Starting plugin build process
[2026-06-02T17:39:31.420] [DEBUG] debug-file - App plugin prepare start...
[2026-06-02T17:39:31.420] [DEBUG] debug-file - App plugin prepare end...
[2026-06-02T17:39:31.420] [DEBUG] debug-file - App plugin creating...
[2026-06-02T17:39:31.425] [DEBUG] debug-file - App plugin register hook start...
[2026-06-02T17:39:31.426] [DEBUG] debug-file - App plugin register hook end...
[2026-06-02T17:39:31.426] [DEBUG] debug-file - Plugin build process completed
[2026-06-02T17:39:31.427] [DEBUG] debug-file - Start initialize project's product build option map with build mode debug.
[2026-06-02T17:39:31.427] [DEBUG] debug-file - Picking option from product 'default' with build mode 'debug'.
[2026-06-02T17:39:31.427] [DEBUG] debug-file - Product 'default' build option initialized
[2026-06-02T17:39:31.427] [DEBUG] debug-file - End initialize project's product build option map with build mode 'debug'.
[2026-06-02T17:39:31.428] [DEBUG] debug-file - Obtain build option for product 'default'in this build.
[2026-06-02T17:39:31.429] [DEBUG] debug-file - No signingConfig found, initRemoteHspCache failed.
[2026-06-02T17:39:31.431] [DEBUG] debug-file - Start recording SDK configuration permission data.
[2026-06-02T17:39:31.471] [DEBUG] debug-file - Sdk init in 42 ms 
[2026-06-02T17:39:31.475] [DEBUG] debug-file - Project task initialization takes 3 ms 
[2026-06-02T17:39:31.475] [DEBUG] debug-file - hvigorfile, binding custom plugins []
[2026-06-02T17:39:31.475] [DEBUG] debug-file - hvigorfile, no custom plugins were found in C:\Users\27843\Downloads\RingtoneKit_Codelab_\hvigorfile.ts
[2026-06-02T17:39:31.475] [DEBUG] debug-file - hvigorfile, resolve finished C:\Users\27843\Downloads\RingtoneKit_Codelab_\hvigorfile.ts
[2026-06-02T17:39:31.476] [DEBUG] debug-file - hvigorfile, resolving C:\Users\27843\Downloads\RingtoneKit_Codelab_\entry\hvigorfile.ts
[2026-06-02T17:39:31.484] [DEBUG] debug-file - hvigorfile, require result:  { default: { plugins: [] } }
[2026-06-02T17:39:31.484] [DEBUG] debug-file - hvigorfile, binding system plugins null
[2026-06-02T17:39:31.484] [DEBUG] debug-file - Starting plugin build process
[2026-06-02T17:39:31.484] [DEBUG] debug-file - Hap plugin creating...
[2026-06-02T17:39:31.485] [DEBUG] debug-file - failed to load cangjie to dynamically generate schemas: Error: Cannot find module '@ohos/cangjie-build-support/index'
Require stack:
- C:\Program Files\Huawei\DevEco Studio\tools\hvigor\hvigor-ohos-plugin\src\plugin\hooks\cangjie-register.js
- C:\Program Files\Huawei\DevEco Studio\tools\hvigor\hvigor-ohos-plugin\src\plugin\strategy\stage-init-strategy.js
- C:\Program Files\Huawei\DevEco Studio\tools\hvigor\hvigor-ohos-plugin\src\plugin\builder\abstract-plugin-builder.js
- C:\Program Files\Huawei\DevEco Studio\tools\hvigor\hvigor-ohos-plugin\src\plugin\builder\app-plugin-builder.js
- C:\Program Files\Huawei\DevEco Studio\tools\hvigor\hvigor-ohos-plugin\src\plugin\factory\plugin-factory.js
- C:\Program Files\Huawei\DevEco Studio\tools\hvigor\hvigor-ohos-plugin\index.js
- C:\Users\27843\Downloads\RingtoneKit_Codelab_\hvigorfile.ts
- C:\Program Files\Huawei\DevEco Studio\tools\hvigor\hvigor\src\base\internal\lifecycle\configuration.js
- C:\Program Files\Huawei\DevEco Studio\tools\hvigor\hvigor\src\base\boot\index.js
- C:\Program Files\Huawei\DevEco Studio\tools\hvigor\hvigor\src\base\daemon\cluster\worker-process-lifecycle.js
- C:\Program Files\Huawei\DevEco Studio\tools\hvigor\hvigor\src\base\daemon\process\daemon-process-boot-script.js
[2026-06-02T17:39:31.487] [DEBUG] debug-file - Start initialize module-target build option map, moduleName=entry, buildMode=debug
[2026-06-02T17:39:31.487] [DEBUG] debug-file - Target 'default' config initialized
[2026-06-02T17:39:31.487] [DEBUG] debug-file - Module 'entry' target 'default' build option initialized
[2026-06-02T17:39:31.487] [DEBUG] debug-file - End initialize module-target build option map, moduleName=entry
[2026-06-02T17:39:31.487] [DEBUG] debug-file - Start initialize module-target build option map, moduleName=entry, buildMode=release
[2026-06-02T17:39:31.487] [DEBUG] debug-file - Target 'default' config initialized
[2026-06-02T17:39:31.487] [DEBUG] debug-file - Module 'entry' target 'default' build option initialized
[2026-06-02T17:39:31.487] [DEBUG] debug-file - End initialize module-target build option map, moduleName=entry
[2026-06-02T17:39:31.488] [DEBUG] debug-file - Start initialize module-target build option map, moduleName=entry, buildMode=debug
[2026-06-02T17:39:31.488] [DEBUG] debug-file - Target 'default' config initialized
[2026-06-02T17:39:31.489] [DEBUG] debug-file - Module 'entry' target 'default' build option initialized
[2026-06-02T17:39:31.489] [DEBUG] debug-file - End initialize module-target build option map, moduleName=entry
[2026-06-02T17:39:31.489] [DEBUG] debug-file - Obtain build option for module 'entry' target 'default'in this build.
[2026-06-02T17:39:31.490] [DEBUG] debug-file - Module entry task initialization takes 1 ms 
[2026-06-02T17:39:31.490] [DEBUG] debug-file - Hap plugin register hook start...
[2026-06-02T17:39:31.490] [DEBUG] debug-file - Hap plugin register hook end...
[2026-06-02T17:39:31.490] [DEBUG] debug-file - Plugin build process completed
[2026-06-02T17:39:31.490] [DEBUG] debug-file - hvigorfile, binding custom plugins []
[2026-06-02T17:39:31.490] [DEBUG] debug-file - hvigorfile, no custom plugins were found in C:\Users\27843\Downloads\RingtoneKit_Codelab_\entry\hvigorfile.ts
[2026-06-02T17:39:31.490] [DEBUG] debug-file - hvigorfile, resolve finished C:\Users\27843\Downloads\RingtoneKit_Codelab_\entry\hvigorfile.ts
[2026-06-02T17:39:31.572] [DEBUG] debug-file - hvigorfile, resolve hvigorfile dependencies in 82 ms 
[2026-06-02T17:39:31.572] [DEBUG] debug-file - project has submodules:entry
[2026-06-02T17:39:31.574] [DEBUG] debug-file - start to load updatedOhPackageInfo to the disk
[2026-06-02T17:39:31.578] [DEBUG] debug-file - load to the disk finished
[2026-06-02T17:39:31.579] [DEBUG] debug-file - Start to initialize dependency information.
[2026-06-02T17:39:31.580] [DEBUG] debug-file - Module RingtoneKit_Codelab_ Collected Dependency: 
[2026-06-02T17:39:31.580] [DEBUG] debug-file - Module RingtoneKit_Codelab_'s total dependency: 0
[2026-06-02T17:39:31.581] [DEBUG] debug-file - Start to initialize dependency information.
[2026-06-02T17:39:31.582] [DEBUG] debug-file - Module entry Collected Dependency: 
[2026-06-02T17:39:31.582] [DEBUG] debug-file - Module entry's total dependency: 0
[2026-06-02T17:39:31.584] [DEBUG] debug-file - Configuration phase cost:177 ms 
[2026-06-02T17:39:31.585] [DEBUG] debug-file - Configuration task cost before running: 186 ms 
[2026-06-02T17:39:31.588] [DEBUG] debug-file - Executing task :entry:default@PreBuild
[2026-06-02T17:39:31.589] [WARN] debug-file - The project has not explicitly set the 'targetSdkVersion' version at build-profile.json5. It is recommended to configure it. Reference: https://developer.huawei.com/consumer/cn/doc/harmonyos-guides/ide-hvigor-build-profile-app#section45865492619
[2026-06-02T17:39:31.589] [DEBUG] debug-file - Task 'entry:default@PreBuild' cost while wrapping incremental declarations: 1 ms 
[2026-06-02T17:39:31.594] [DEBUG] debug-file - Incremental task entry:default@PreBuild pre-execution cost: 4 ms .
[2026-06-02T17:39:31.595] [DEBUG] debug-file - entry : default@PreBuild cost memory 0.31757354736328125
[2026-06-02T17:39:31.596] [INFO] debug-file - UP-TO-DATE :entry:default@PreBuild...  
[2026-06-02T17:39:31.597] [DEBUG] debug-file - Executing task :entry:default@CreateModuleInfo
[2026-06-02T17:39:31.597] [DEBUG] debug-file - Task 'entry:default@CreateModuleInfo' cost while wrapping incremental declarations: 1 ms 
[2026-06-02T17:39:31.597] [DEBUG] debug-file - entry : default@CreateModuleInfo cost memory 0.03983306884765625
[2026-06-02T17:39:31.598] [DEBUG] debug-file - runTaskFromQueue task cost before running: 198 ms 
[2026-06-02T17:39:31.598] [INFO] debug-file - Finished :entry:default@CreateModuleInfo... after 1 ms 
[2026-06-02T17:39:31.599] [DEBUG] debug-file - Executing task :entry:default@GenerateMetadata
[2026-06-02T17:39:31.599] [DEBUG] debug-file - Task 'entry:default@GenerateMetadata' cost while wrapping incremental declarations: 1 ms 
[2026-06-02T17:39:31.600] [DEBUG] debug-file - Incremental task entry:default@GenerateMetadata pre-execution cost: 1 ms .
[2026-06-02T17:39:31.600] [DEBUG] debug-file - entry : default@GenerateMetadata cost memory 0.08182525634765625
[2026-06-02T17:39:31.600] [INFO] debug-file - UP-TO-DATE :entry:default@GenerateMetadata...  
[2026-06-02T17:39:31.601] [DEBUG] debug-file - Executing task :entry:default@ConfigureCmake
[2026-06-02T17:39:31.601] [DEBUG] debug-file - entry : default@ConfigureCmake cost memory 0.0140533447265625
[2026-06-02T17:39:31.601] [DEBUG] debug-file - runTaskFromQueue task cost before running: 202 ms 
[2026-06-02T17:39:31.601] [INFO] debug-file - Finished :entry:default@ConfigureCmake... after 1 ms 
[2026-06-02T17:39:31.601] [DEBUG] debug-file - Executing task :entry:default@MergeProfile
[2026-06-02T17:39:31.602] [DEBUG] debug-file - Task 'entry:default@MergeProfile' cost while wrapping incremental declarations: 1 ms 
[2026-06-02T17:39:31.603] [DEBUG] debug-file - Incremental task entry:default@MergeProfile pre-execution cost: 1 ms .
[2026-06-02T17:39:31.603] [DEBUG] debug-file - entry : default@MergeProfile cost memory 0.11737060546875
[2026-06-02T17:39:31.603] [INFO] debug-file - UP-TO-DATE :entry:default@MergeProfile...  
[2026-06-02T17:39:31.604] [DEBUG] debug-file - Executing task :entry:default@CreateBuildProfile
[2026-06-02T17:39:31.604] [DEBUG] debug-file - Task 'entry:default@CreateBuildProfile' cost while wrapping incremental declarations: 1 ms 
[2026-06-02T17:39:31.605] [DEBUG] debug-file - Incremental task entry:default@CreateBuildProfile pre-execution cost: 1 ms .
[2026-06-02T17:39:31.605] [DEBUG] debug-file - entry : default@CreateBuildProfile cost memory 0.089202880859375
[2026-06-02T17:39:31.605] [INFO] debug-file - UP-TO-DATE :entry:default@CreateBuildProfile...  
[2026-06-02T17:39:31.606] [DEBUG] debug-file - Executing task :entry:default@PreCheckSyscap
[2026-06-02T17:39:31.606] [DEBUG] debug-file - entry : default@PreCheckSyscap cost memory 0.01427459716796875
[2026-06-02T17:39:31.606] [DEBUG] debug-file - runTaskFromQueue task cost before running: 207 ms 
[2026-06-02T17:39:31.606] [INFO] debug-file - Finished :entry:default@PreCheckSyscap... after 1 ms 
[2026-06-02T17:39:31.607] [DEBUG] debug-file - Executing task :entry:default@GeneratePkgContextInfo
[2026-06-02T17:39:31.609] [DEBUG] debug-file - Task 'entry:default@GeneratePkgContextInfo' cost while wrapping incremental declarations: 1 ms 
[2026-06-02T17:39:31.609] [DEBUG] debug-file - entry : default@GeneratePkgContextInfo cost memory 0.16861724853515625
[2026-06-02T17:39:31.609] [DEBUG] debug-file - runTaskFromQueue task cost before running: 210 ms 
[2026-06-02T17:39:31.609] [INFO] debug-file - Finished :entry:default@GeneratePkgContextInfo... after 3 ms 
[2026-06-02T17:39:31.611] [DEBUG] debug-file - Executing task :entry:default@ProcessIntegratedHsp
[2026-06-02T17:39:31.612] [DEBUG] debug-file - entry:default@ProcessIntegratedHsp is not up-to-date, since the output file 'C:\Users\27843\Downloads\RingtoneKit_Codelab_\build\cache\default\integrated_hsp\integratedHspCache.json' does not exist.
[2026-06-02T17:39:31.612] [DEBUG] debug-file - Incremental task entry:default@ProcessIntegratedHsp pre-execution cost: 1 ms .
[2026-06-02T17:39:31.612] [DEBUG] debug-file - entry : default@ProcessIntegratedHsp cost memory 0.05718994140625
[2026-06-02T17:39:31.612] [DEBUG] debug-file - runTaskFromQueue task cost before running: 213 ms 
[2026-06-02T17:39:31.612] [INFO] debug-file - Finished :entry:default@ProcessIntegratedHsp... after 1 ms 
[2026-06-02T17:39:31.613] [DEBUG] debug-file - Executing task :entry:default@BuildNativeWithCmake
[2026-06-02T17:39:31.613] [DEBUG] debug-file - entry : default@BuildNativeWithCmake cost memory 0.0140533447265625
[2026-06-02T17:39:31.613] [DEBUG] debug-file - runTaskFromQueue task cost before running: 214 ms 
[2026-06-02T17:39:31.613] [INFO] debug-file - Finished :entry:default@BuildNativeWithCmake... after 1 ms 
[2026-06-02T17:39:31.614] [DEBUG] debug-file - Executing task :entry:default@MakePackInfo
[2026-06-02T17:39:31.615] [DEBUG] debug-file - Incremental task entry:default@MakePackInfo pre-execution cost: 2 ms .
[2026-06-02T17:39:31.615] [DEBUG] debug-file - entry : default@MakePackInfo cost memory 0.10213470458984375
[2026-06-02T17:39:31.616] [INFO] debug-file - UP-TO-DATE :entry:default@MakePackInfo...  
[2026-06-02T17:39:31.617] [DEBUG] debug-file - Executing task :entry:default@SyscapTransform
[2026-06-02T17:39:31.617] [DEBUG] debug-file - File: 'C:\Users\27843\Downloads\RingtoneKit_Codelab_\entry\src\main\syscap.json' from 'sysCapJsonPath' is not exists, just ignore.
[2026-06-02T17:39:31.617] [DEBUG] debug-file - Task 'entry:default@SyscapTransform' cost while wrapping incremental declarations: 1 ms 
[2026-06-02T17:39:31.618] [DEBUG] debug-file - entry:default@SyscapTransform is not up-to-date, since the output file 'C:\Users\27843\Downloads\RingtoneKit_Codelab_\entry\build\default\intermediates\syscap\default\rpcid.sc' does not exist.
[2026-06-02T17:39:31.618] [DEBUG] debug-file - Incremental task entry:default@SyscapTransform pre-execution cost: 2 ms .
[2026-06-02T17:39:31.618] [DEBUG] debug-file - entry : default@SyscapTransform cost memory 0.1455230712890625
[2026-06-02T17:39:31.618] [DEBUG] debug-file - runTaskFromQueue task cost before running: 219 ms 
[2026-06-02T17:39:31.619] [INFO] debug-file - Finished :entry:default@SyscapTransform... after 2 ms 
[2026-06-02T17:39:31.619] [DEBUG] debug-file - Executing task :entry:default@ProcessProfile
[2026-06-02T17:39:31.620] [DEBUG] debug-file - Task 'entry:default@ProcessProfile' cost while wrapping incremental declarations: 1 ms 
[2026-06-02T17:39:31.621] [DEBUG] debug-file - Incremental task entry:default@ProcessProfile pre-execution cost: 1 ms .
[2026-06-02T17:39:31.621] [DEBUG] debug-file - entry : default@ProcessProfile cost memory 0.1277313232421875
[2026-06-02T17:39:31.625] [INFO] debug-file - UP-TO-DATE :entry:default@ProcessProfile...  
[2026-06-02T17:39:31.626] [DEBUG] debug-file - Executing task :entry:default@ProcessRouterMap
[2026-06-02T17:39:31.628] [DEBUG] debug-file - Incremental task entry:default@ProcessRouterMap pre-execution cost: 2 ms .
[2026-06-02T17:39:31.628] [DEBUG] debug-file - entry : default@ProcessRouterMap cost memory 0.13336181640625
[2026-06-02T17:39:31.629] [INFO] debug-file - UP-TO-DATE :entry:default@ProcessRouterMap...  
[2026-06-02T17:39:31.630] [DEBUG] debug-file - Executing task :entry:default@ProcessShareConfig
[2026-06-02T17:39:31.631] [DEBUG] debug-file - Incremental task entry:default@ProcessShareConfig pre-execution cost: 1 ms .
[2026-06-02T17:39:31.631] [DEBUG] debug-file - entry : default@ProcessShareConfig cost memory 0.1072540283203125
[2026-06-02T17:39:31.631] [INFO] debug-file - UP-TO-DATE :entry:default@ProcessShareConfig...  
[2026-06-02T17:39:31.632] [DEBUG] debug-file - Executing task :entry:default@ProcessStartupConfig
[2026-06-02T17:39:31.632] [DEBUG] debug-file - Task 'entry:default@ProcessStartupConfig' cost while wrapping incremental declarations: 1 ms 
[2026-06-02T17:39:31.633] [DEBUG] debug-file - entry:default@ProcessStartupConfig is not up-to-date, since the output file 'C:\Users\27843\Downloads\RingtoneKit_Codelab_\entry\build\default\intermediates\startup\default\startup_config.json' does not exist.
[2026-06-02T17:39:31.633] [DEBUG] debug-file - Incremental task entry:default@ProcessStartupConfig pre-execution cost: 1 ms .
[2026-06-02T17:39:31.633] [DEBUG] debug-file - entry : default@ProcessStartupConfig cost memory 0.095672607421875
[2026-06-02T17:39:31.633] [DEBUG] debug-file - runTaskFromQueue task cost before running: 234 ms 
[2026-06-02T17:39:31.633] [INFO] debug-file - Finished :entry:default@ProcessStartupConfig... after 1 ms 
[2026-06-02T17:39:31.634] [DEBUG] debug-file - Executing task :entry:default@BuildNativeWithNinja
[2026-06-02T17:39:31.634] [DEBUG] debug-file - entry : default@BuildNativeWithNinja cost memory 0.02111053466796875
[2026-06-02T17:39:31.634] [DEBUG] debug-file - runTaskFromQueue task cost before running: 235 ms 
[2026-06-02T17:39:31.635] [INFO] debug-file - Finished :entry:default@BuildNativeWithNinja... after 1 ms 
[2026-06-02T17:39:31.636] [DEBUG] debug-file - restool module names: entry; moduleName=entry, taskName=default@ProcessResource
[2026-06-02T17:39:31.637] [DEBUG] debug-file - Executing task :entry:default@ProcessResource
[2026-06-02T17:39:31.637] [DEBUG] debug-file - Task 'entry:default@ProcessResource' cost while wrapping incremental declarations: 1 ms 
[2026-06-02T17:39:31.638] [DEBUG] debug-file - Incremental task entry:default@ProcessResource pre-execution cost: 1 ms .
[2026-06-02T17:39:31.638] [DEBUG] debug-file - entry : default@ProcessResource cost memory 0.1334075927734375
[2026-06-02T17:39:31.639] [INFO] debug-file - UP-TO-DATE :entry:default@ProcessResource...  
[2026-06-02T17:39:31.640] [DEBUG] debug-file - Executing task :entry:default@GenerateLoaderJson
[2026-06-02T17:39:31.641] [DEBUG] debug-file - Task 'entry:default@GenerateLoaderJson' cost while wrapping incremental declarations: 1 ms 
[2026-06-02T17:39:31.646] [DEBUG] debug-file - Incremental task entry:default@GenerateLoaderJson pre-execution cost: 3 ms .
[2026-06-02T17:39:31.646] [DEBUG] debug-file - entry : default@GenerateLoaderJson cost memory 0.4742431640625
[2026-06-02T17:39:31.648] [INFO] debug-file - UP-TO-DATE :entry:default@GenerateLoaderJson...  
[2026-06-02T17:39:31.649] [DEBUG] debug-file - Executing task :entry:default@ProcessLibs
[2026-06-02T17:39:31.650] [DEBUG] debug-file - Incremental task entry:default@ProcessLibs pre-execution cost: 2 ms .
[2026-06-02T17:39:31.651] [DEBUG] debug-file - entry : default@ProcessLibs cost memory 0.10446929931640625
[2026-06-02T17:39:31.651] [INFO] debug-file - UP-TO-DATE :entry:default@ProcessLibs...  
[2026-06-02T17:39:31.652] [DEBUG] debug-file - restool module names: entry; moduleName=entry, taskName=default@CompileResource
[2026-06-02T17:39:31.652] [DEBUG] debug-file - Executing task :entry:default@CompileResource
[2026-06-02T17:39:31.661] [DEBUG] debug-file - Incremental task entry:default@CompileResource pre-execution cost: 9 ms .
[2026-06-02T17:39:31.662] [DEBUG] debug-file - entry : default@CompileResource cost memory 0.573516845703125
[2026-06-02T17:39:31.663] [INFO] debug-file - UP-TO-DATE :entry:default@CompileResource...  
[2026-06-02T17:39:31.664] [DEBUG] debug-file - Executing task :entry:default@DoNativeStrip
[2026-06-02T17:39:31.664] [DEBUG] debug-file - Task 'entry:default@DoNativeStrip' cost while wrapping incremental declarations: 1 ms 
[2026-06-02T17:39:31.665] [DEBUG] debug-file - Incremental task entry:default@DoNativeStrip pre-execution cost: 1 ms .
[2026-06-02T17:39:31.665] [DEBUG] debug-file - entry : default@DoNativeStrip cost memory 0.0749664306640625
[2026-06-02T17:39:31.665] [INFO] debug-file - UP-TO-DATE :entry:default@DoNativeStrip...  
[2026-06-02T17:39:31.666] [DEBUG] debug-file - Executing task :entry:default@CompileArkTS
[2026-06-02T17:39:31.666] [DEBUG] debug-file - obfuscationOptions: undefined
[2026-06-02T17:39:31.667] [DEBUG] debug-file - Task 'entry:default@CompileArkTS' cost while wrapping incremental declarations: 1 ms 
[2026-06-02T17:39:31.671] [DEBUG] debug-file - entry:default@CompileArkTS is not up-to-date, since the input file 'C:\Users\27843\Downloads\RingtoneKit_Codelab_\entry\src\main\ets' has been changed.
[2026-06-02T17:39:31.671] [DEBUG] debug-file - Incremental task entry:default@CompileArkTS pre-execution cost: 4 ms .
[2026-06-02T17:39:31.678] [DEBUG] debug-file - build config:
[2026-06-02T17:39:31.678] [DEBUG] debug-file - {
  moduleType: 'entry',
  perf: 0,
  targetName: '.default',
  packageManagerType: 'ohpm',
  localPropertiesPath: 'C:\\Users\\27843\\Downloads\\RingtoneKit_Codelab_\\local.properties',
  isPreview: false,
  isOhosTest: false,
  isLocalTest: false,
  buildMode: 'Debug',
  hotReloadBuild: undefined,
  watchMode: 'false',
  aceProfilePath: 'C:\\Users\\27843\\Downloads\\RingtoneKit_Codelab_\\entry\\build\\default\\intermediates\\res\\default\\resources\\base\\profile',
  etsLoaderPath: 'C:\\Program Files\\Huawei\\DevEco Studio\\sdk\\default\\openharmony\\ets\\build-tools\\ets-loader',
  modulePath: 'C:\\Users\\27843\\Downloads\\RingtoneKit_Codelab_\\entry',
  testFrameworkPar: {
    testMode: undefined,
    coveragePathFilter: undefined,
    coverageMode: undefined
  },
  needCoverageInsert: false,
  debugLine: false,
  projectTopDir: 'C:\\Users\\27843\\Downloads\\RingtoneKit_Codelab_',
  compileSdkVersion: 22,
  compatibleSdkVersion: 12,
  originCompatibleSdkVersion: '5.0.0(12)',
  compatibleSdkVersionStage: 'beta1',
  bundleName: 'c***n',
  etsLoaderVersion: '6.0.2.130',
  etsLoaderReleaseType: 'Release',
  aotCompileMode: 'type',
  apPath: 'C:\\Users\\27843\\Downloads\\RingtoneKit_Codelab_\\entry\\modules.ap',
  entryModuleName: 'entry',
  entryModuleVersion: '1.0.0',
  entryPackageName: 'entry',
  allModuleNameHash: 'db44f8a8a620383b923efb1105d6d0eb296559a94ef72a4510286f2511f87786',
  externalApiPaths: [
    'C:\\Program Files\\Huawei\\DevEco Studio\\sdk\\default\\hms\\ets'
  ],
  compilerTypes: [],
  isCrossplatform: false,
  hvigorPluginFile: undefined,
  compilePluginPath: undefined,
  buildGeneratedProfilePath: 'C:\\Users\\27843\\Downloads\\RingtoneKit_Codelab_\\entry\\build\\default\\generated\\profile\\default',
  bundleType: 'app',
  arkTSVersion: undefined,
  apiVersion: 22,
  needCompleteSourcesMap: false,
  isFaMode: false,
  buildDir: 'C:\\Users\\27843\\Downloads\\RingtoneKit_Codelab_\\entry\\build',
  deviceTypes: [ 'phone', 'tablet', 'wearable' ],
  pkgContextInfo: undefined,
  ohPackagePathMap: {},
  dependencyAliasMap: {},
  permission: { requestPermissions: undefined, definePermissions: undefined },
  useGetCurrentBundleName: false,
  projectArkOption: undefined,
  sourceMapDir: undefined,
  branchElimination: false,
  transformLib: undefined,
  tsImportSendable: false,
  resolveConflictMode: true,
  depName2RootPath: {},
  depName2DepInfo: {},
  rootPathSet: [ 'C:\\Users\\27843\\Downloads\\RingtoneKit_Codelab_' ],
  useNativeResolver: true,
  shouldEmitJs: true,
  useTscResolve: false,
  singleFileEmit: false,
  userProjectConfig: {
    autoLazyImport: false,
    allowEmptyBundleName: false,
    reExportCheckMode: 'noCheck',
    executionMode: 'memory',
    usePathPlaceholder: false,
    writeRollupCache: true,
    isExpandImportEnabled: false,
    expandImportExclude: '',
    lazyImportExclude: '',
    lazyImportInclude: '',
    ignoreCrossplatformCheck: false,
    isHarDeduplicateEnabled: false,
    skipOhModulesLint: false,
    enableStrictCheckOHModule: false,
    disableSendableCheckRules: [],
    useDeclarationFileSignature: false,
    customizedOptions: undefined,
    integratedHsp: false,
    isPreloadSoEnabled: false
  },
  executionMode: 'memory',
  arkCompileCachePath: 'C:\\Users\\27843\\Downloads\\RingtoneKit_Codelab_\\entry\\build\\default\\cache\\default\\default@CompileArkTS\\esmodule',
  autoLazyFilter: undefined,
  isHarDeduplicateEnabled: false,
  intermediateHarDuplicateDirPath: 'C:\\Users\\27843\\Downloads\\RingtoneKit_Codelab_\\entry\\build\\default\\intermediates\\har_duplicate\\default',
  autoLazyImport: false,
  allowEmptyBundleName: false,
  reExportCheckMode: 'noCheck',
  usePathPlaceholder: false,
  writeRollupCache: true,
  isExpandImportEnabled: false,
  expandImportExclude: '',
  lazyImportExclude: '',
  lazyImportInclude: '',
  ignoreCrossplatformCheck: false,
  skipOhModulesLint: false,
  enableStrictCheckOHModule: false,
  disableSendableCheckRules: [],
  useDeclarationFileSignature: false,
  customizedOptions: undefined,
  integratedHsp: false,
  isPreloadSoEnabled: false,
  strictMode: undefined,
  useNormalizedOHMUrl: false,
  caseSensitiveCheck: false,
  aceModuleJsonPath: 'C:\\Users\\27843\\Downloads\\RingtoneKit_Codelab_\\entry\\build\\default\\intermediates\\res\\default\\ark_module.json',
  appResource: 'C:\\Users\\27843\\Downloads\\RingtoneKit_Codelab_\\entry\\build\\default\\intermediates\\res\\default\\ResourceTable.txt',
  rawFileResource: 'C:\\Users\\27843\\Downloads\\RingtoneKit_Codelab_\\entry\\build\\default\\intermediates\\res\\default\\resources\\rawfile',
  resourceTableHash: '0a5e461b8cc472af07d60289bf2402599b7c63db39b7448590c7effc1f3dc134',
  runtimeOS: 'HarmonyOS',
  sdkInfo: 'false:22:6.0.2.130:Release',
  aceModuleRoot: 'C:\\Users\\27843\\Downloads\\RingtoneKit_Codelab_\\entry\\src\\main\\ets',
  compileMode: 'esmodule',
  aceSuperVisualPath: 'C:\\Users\\27843\\Downloads\\RingtoneKit_Codelab_\\entry\\src\\main\\supervisual',
  aceBuildJson: 'C:\\Users\\27843\\Downloads\\RingtoneKit_Codelab_\\entry\\build\\default\\intermediates\\loader\\default\\loader.json',
  cachePath: 'C:\\Users\\27843\\Downloads\\RingtoneKit_Codelab_\\entry\\build\\default\\cache\\default\\default@CompileArkTS\\esmodule\\debug',
  aceModuleBuild: 'C:\\Users\\27843\\Downloads\\RingtoneKit_Codelab_\\entry\\build\\default\\intermediates\\loader_out\\default\\ets',
  supportChunks: true,
  declaredFilesPath: undefined,
  shouldCollectDirectImportees: false,
  isByteCodeHarOptimize: false,
  expandImportPath: undefined,
  pkgNameToPkgBriefInfo: {
    entry: {
      pkgRoot: 'C:\\Users\\27843\\Downloads\\RingtoneKit_Codelab_\\entry',
      originalSourceRoots: undefined,
      sourceRoots: [Array],
      pkgName: 'entry'
    }
  },
  projectModel: {
    'C:\\Users\\27843\\Downloads\\RingtoneKit_Codelab_\\entry\\src\\main': {
      moduleName: 'entry',
      modulePkgPath: 'C:\\Users\\27843\\Downloads\\RingtoneKit_Codelab_\\entry',
      belongProjectPath: 'C:\\Users\\27843\\Downloads\\RingtoneKit_Codelab_'
    },
    'C:\\Users\\27843\\Downloads\\RingtoneKit_Codelab_\\entry': {
      moduleName: 'entry',
      modulePkgPath: 'C:\\Users\\27843\\Downloads\\RingtoneKit_Codelab_\\entry',
      belongProjectPath: 'C:\\Users\\27843\\Downloads\\RingtoneKit_Codelab_'
    },
    'C:\\Users\\27843\\Downloads\\RingtoneKit_Codelab_': {
      moduleName: 'RingtoneKit_Codelab_',
      modulePkgPath: 'C:\\Users\\27843\\Downloads\\RingtoneKit_Codelab_',
      belongProjectPath: 'C:\\Users\\27843\\Downloads\\RingtoneKit_Codelab_'
    }
  },
  pkgJsonFileHash: '2d3aabe892cb47a8d32dc51369771e7583ba0b181fb1299d8dac661ceb735d99',
  allModulePaths: [ 'C:\\Users\\27843\\Downloads\\RingtoneKit_Codelab_\\entry' ],
  routerMap: {},
  obfuscationOptions: undefined,
  byteCodeHarToDependencyKeys: undefined,
  compileBlockPkg: [],
  mockParams: {
    decorator: '@MockSetup',
    packageName: '@ohos/hamock',
    etsSourceRootPath: 'src/main/ets',
    mockConfigPath: undefined,
    mockConfigKey2ModuleInfo: {},
    source2ModuleIdMap: {}
  },
  copyCodeResourceEnable: true,
  copyCodeResourceExcludes: [],
  copyCodeResourceIncludes: undefined,
  uiTransformOptimization: false,
  sdkPath: 'C:/Program Files/Huawei/DevEco Studio/sdk',
  needPreloadSoFileSet: {},
  preloadSoFilePath: 'C:\\Users\\27843\\Downloads\\RingtoneKit_Codelab_\\entry\\build\\default\\intermediates\\preload\\default\\preload.json',
  useSourceHash: false,
  localModuleParamMap: {},
  otherPaths: {
    'entry/*': [
      '..\\*',
      '..\\..\\..\\build\\default\\generated\\profile\\default\\*'
    ]
  },
  collectImportersConfig: undefined
}
[2026-06-02T17:39:31.678] [DEBUG] debug-file - Compile arkts with external api path: C:\Program Files\Huawei\DevEco Studio\sdk\default\hms\ets
[2026-06-02T17:39:31.679] [DEBUG] debug-file - default@CompileArkTS work[6] is submitted.
[2026-06-02T17:39:31.679] [DEBUG] debug-file - default@CompileArkTS work[6] is pushed to ready queue.
[2026-06-02T17:39:31.679] [DEBUG] debug-file - A work dispatched to worker[31] failed because unable to get work from ready queue.
[2026-06-02T17:39:31.679] [DEBUG] debug-file - A work dispatched to worker[30] failed because unable to get work from ready queue.
[2026-06-02T17:39:31.679] [DEBUG] debug-file - A work dispatched to worker[29] failed because unable to get work from ready queue.
[2026-06-02T17:39:31.679] [DEBUG] debug-file - A work dispatched to worker[28] failed because unable to get work from ready queue.
[2026-06-02T17:39:31.679] [DEBUG] debug-file - A work dispatched to worker[27] failed because unable to get work from ready queue.
[2026-06-02T17:39:31.679] [DEBUG] debug-file - A work dispatched to worker[26] failed because unable to get work from ready queue.
[2026-06-02T17:39:31.679] [DEBUG] debug-file - A work dispatched to worker[25] failed because unable to get work from ready queue.
[2026-06-02T17:39:31.679] [DEBUG] debug-file - A work dispatched to worker[24] failed because unable to get work from ready queue.
[2026-06-02T17:39:31.679] [DEBUG] debug-file - A work dispatched to worker[23] failed because unable to get work from ready queue.
[2026-06-02T17:39:31.679] [DEBUG] debug-file - A work dispatched to worker[22] failed because unable to get work from ready queue.
[2026-06-02T17:39:31.679] [DEBUG] debug-file - A work dispatched to worker[21] failed because unable to get work from ready queue.
[2026-06-02T17:39:31.679] [DEBUG] debug-file - A work dispatched to worker[20] failed because unable to get work from ready queue.
[2026-06-02T17:39:31.679] [DEBUG] debug-file - A work dispatched to worker[19] failed because unable to get work from ready queue.
[2026-06-02T17:39:31.679] [DEBUG] debug-file - A work dispatched to worker[18] failed because unable to get work from ready queue.
[2026-06-02T17:39:31.679] [DEBUG] debug-file - A work dispatched to worker[17] failed because unable to get work from ready queue.
[2026-06-02T17:39:31.679] [DEBUG] debug-file - A work dispatched to worker[16] failed because unable to get work from ready queue.
[2026-06-02T17:39:31.679] [DEBUG] debug-file - A work dispatched to worker[15] failed because unable to get work from ready queue.
[2026-06-02T17:39:31.680] [DEBUG] debug-file - A work dispatched to worker[14] failed because unable to get work from ready queue.
[2026-06-02T17:39:31.680] [DEBUG] debug-file - A work dispatched to worker[13] failed because unable to get work from ready queue.
[2026-06-02T17:39:31.680] [DEBUG] debug-file - A work dispatched to worker[12] failed because unable to get work from ready queue.
[2026-06-02T17:39:31.680] [DEBUG] debug-file - A work dispatched to worker[11] failed because unable to get work from ready queue.
[2026-06-02T17:39:31.680] [DEBUG] debug-file - A work dispatched to worker[10] failed because unable to get work from ready queue.
[2026-06-02T17:39:31.680] [DEBUG] debug-file - A work dispatched to worker[9] failed because unable to get work from ready queue.
[2026-06-02T17:39:31.680] [DEBUG] debug-file - A work dispatched to worker[8] failed because unable to get work from ready queue.
[2026-06-02T17:39:31.680] [DEBUG] debug-file - A work dispatched to worker[7] failed because unable to get work from ready queue.
[2026-06-02T17:39:31.680] [DEBUG] debug-file - A work dispatched to worker[6] failed because unable to get work from ready queue.
[2026-06-02T17:39:31.680] [DEBUG] debug-file - A work dispatched to worker[5] failed because unable to get work from ready queue.
[2026-06-02T17:39:31.680] [DEBUG] debug-file - default@CompileArkTS work[6] has been dispatched to worker[4].
[2026-06-02T17:39:31.680] [DEBUG] debug-file - default@CompileArkTS work[6] is dispatched.
[2026-06-02T17:39:31.680] [DEBUG] debug-file - CopyResources startTime: 4474456852800
[2026-06-02T17:39:31.680] [DEBUG] debug-file - default@CompileArkTS work[7] is submitted.
[2026-06-02T17:39:31.680] [DEBUG] debug-file - default@CompileArkTS work[7] is pushed to ready queue.
[2026-06-02T17:39:31.680] [DEBUG] debug-file - A work dispatched to worker[31] failed because unable to get work from ready queue.
[2026-06-02T17:39:31.680] [DEBUG] debug-file - Create  resident worker with id: 30.
[2026-06-02T17:39:31.682] [DEBUG] debug-file - default@CompileArkTS work[7] has been dispatched to worker[30].
[2026-06-02T17:39:31.682] [DEBUG] debug-file - default@CompileArkTS work[7] is dispatched.
[2026-06-02T17:39:31.682] [DEBUG] debug-file - entry : default@CompileArkTS cost memory 1.4539260864257812
[2026-06-02T17:39:31.683] [DEBUG] debug-file - Executing task :entry:default@BuildJS
[2026-06-02T17:39:31.683] [DEBUG] debug-file - Task 'entry:default@BuildJS' cost while wrapping incremental declarations: 1 ms 
[2026-06-02T17:39:31.685] [DEBUG] debug-file - entry : default@BuildJS cost memory 0.148101806640625
[2026-06-02T17:39:31.685] [DEBUG] debug-file - runTaskFromQueue task cost before running: 286 ms 
[2026-06-02T17:39:31.685] [INFO] debug-file - Finished :entry:default@BuildJS... after 3 ms 
[2026-06-02T17:39:31.686] [DEBUG] debug-file - Executing task :entry:default@CacheNativeLibs
[2026-06-02T17:39:31.686] [DEBUG] debug-file - Task 'entry:default@CacheNativeLibs' cost while wrapping incremental declarations: 1 ms 
[2026-06-02T17:39:31.687] [DEBUG] debug-file - Incremental task entry:default@CacheNativeLibs pre-execution cost: 1 ms .
[2026-06-02T17:39:31.687] [DEBUG] debug-file - entry : default@CacheNativeLibs cost memory 0.08861541748046875
[2026-06-02T17:39:31.687] [INFO] debug-file - UP-TO-DATE :entry:default@CacheNativeLibs...  
[2026-06-02T17:39:32.450] [WARN] debug-file - [33mWARN: [33m[33mArkTS:WARN File: C:/Users/27843/Downloads/RingtoneKit_Codelab_/entry/src/main/ets/pages/Index.ets:100:7
 Function may throw exceptions. Special handling is required.
[39m[39m
[33mWARN: [33m[33mArkTS:WARN File: C:/Users/27843/Downloads/RingtoneKit_Codelab_/entry/src/main/ets/pages/Index.ets:104:5
 The system capacity of this api 'ringtone' is not supported on all devices
[39m[39m
[33mWARN: [33m[33mArkTS:WARN File: C:/Users/27843/Downloads/RingtoneKit_Codelab_/entry/src/main/ets/pages/Index.ets:104:14
 The system capacity of this api 'startRingtoneSetting' is not supported on all devices
[39m[39m
[33mWARN: [33m[33mArkTS:WARN File: C:/Users/27843/Downloads/RingtoneKit_Codelab_/entry/src/main/ets/pages/Index.ets:109:24
 The system capacity of this api 'ringtone' is not supported on all devices
[39m[39m
[33mWARN: [33m[33mArkTS:WARN File: C:/Users/27843/Downloads/RingtoneKit_Codelab_/entry/src/main/ets/pages/Index.ets:109:33
 The system capacity of this api 'RingtoneErrors' is not supported on all devices
[39m[39m
[33mWARN: [33m[33mArkTS:WARN File: C:/Users/27843/Downloads/RingtoneKit_Codelab_/entry/src/main/ets/pages/Index.ets:109:48
 The system capacity of this api 'ERROR_FILE_NOT_FOUND' is not supported on all devices
[39m[39m

[2026-06-02T17:39:32.450] [DEBUG] debug-file - Ark compile task finished.finished time is 4475226968700
[2026-06-02T17:39:32.451] [DEBUG] debug-file - worker[4] has one work done.
[2026-06-02T17:39:32.452] [DEBUG] debug-file - default@CompileArkTS work[6] done.
[2026-06-02T17:39:32.452] [DEBUG] debug-file - A work dispatched to worker[4] failed because unable to get work from ready queue.
[2026-06-02T17:39:32.849] [DEBUG] debug-file - worker[30] has one work done.
[2026-06-02T17:39:32.849] [DEBUG] debug-file - CopyResources is end, endTime: 4475625385300
[2026-06-02T17:39:32.849] [DEBUG] debug-file - default@CompileArkTS work[7] done.
[2026-06-02T17:39:32.849] [DEBUG] debug-file - A work dispatched to worker[30] failed because unable to get work from ready queue.
[2026-06-02T17:39:32.851] [INFO] debug-file - Finished :entry:default@CompileArkTS... after 796 ms 
[2026-06-02T17:39:32.851] [DEBUG] debug-file - Executing task :entry:default@GeneratePkgModuleJson
[2026-06-02T17:39:32.852] [DEBUG] debug-file - File: 'C:\Users\27843\Downloads\RingtoneKit_Codelab_\entry\build\default\intermediates\preload\default\preload.json' from 'preloadSoJsonPath' is not exists, just ignore.
[2026-06-02T17:39:32.852] [DEBUG] debug-file - Error occurs while handling @Input 'shouldDeduplicateHar': The "data" argument must be of type string or an instance of Buffer, TypedArray, or DataView. Received undefined
[2026-06-02T17:39:32.852] [DEBUG] debug-file - Task 'entry:default@GeneratePkgModuleJson' cost while wrapping incremental declarations: 1 ms 
[2026-06-02T17:39:32.853] [DEBUG] debug-file - Incremental task entry:default@GeneratePkgModuleJson pre-execution cost: 1 ms .
[2026-06-02T17:39:32.853] [DEBUG] debug-file - entry : default@GeneratePkgModuleJson cost memory 0.101287841796875
[2026-06-02T17:39:32.853] [INFO] debug-file - UP-TO-DATE :entry:default@GeneratePkgModuleJson...  
[2026-06-02T17:39:32.854] [DEBUG] debug-file - Executing task :entry:default@ProcessCompiledResources
[2026-06-02T17:39:32.854] [DEBUG] debug-file - File: 'C:\Users\27843\Downloads\RingtoneKit_Codelab_\entry\build\default\intermediates\preload\default\preload.json' from 'preloadSoJsonPath' is not exists, just ignore.
[2026-06-02T17:39:32.854] [DEBUG] debug-file - Task 'entry:default@ProcessCompiledResources' cost while wrapping incremental declarations: 1 ms 
[2026-06-02T17:39:32.854] [DEBUG] debug-file - entry : default@ProcessCompiledResources cost memory 0.058868408203125
[2026-06-02T17:39:32.854] [DEBUG] debug-file - runTaskFromQueue task cost before running: 1 s 455 ms 
[2026-06-02T17:39:32.855] [INFO] debug-file - Finished :entry:default@ProcessCompiledResources... after 1 ms 
[2026-06-02T17:39:32.856] [DEBUG] debug-file - Executing task :entry:default@PackageHap
[2026-06-02T17:39:32.862] [DEBUG] debug-file - entry:default@PackageHap is not up-to-date, since the input file 'C:\Users\27843\Downloads\RingtoneKit_Codelab_\entry\build\default\intermediates\loader_out\default\ets' has been changed.
[2026-06-02T17:39:32.863] [DEBUG] debug-file - Incremental task entry:default@PackageHap pre-execution cost: 6 ms .
[2026-06-02T17:39:32.863] [DEBUG] debug-file - Use tool [C:\Program Files\Huawei\DevEco Studio\sdk\default\openharmony\toolchains\lib\app_packing_tool.jar]
 [
  'java',
  '-Dfile.encoding=GBK',
  '-jar',
  'C:\\Program Files\\Huawei\\DevEco Studio\\sdk\\default\\openharmony\\toolchains\\lib\\app_packing_tool.jar',
  '--mode',
  'hap',
  '--force',
  'true',
  '--lib-path',
  'C:\\Users\\27843\\Downloads\\RingtoneKit_Codelab_\\entry\\build\\default\\intermediates\\stripped_native_libs\\default',
  '--json-path',
  'C:\\Users\\27843\\Downloads\\RingtoneKit_Codelab_\\entry\\build\\default\\intermediates\\package\\default\\module.json',
  '--resources-path',
  'C:\\Users\\27843\\Downloads\\RingtoneKit_Codelab_\\entry\\build\\default\\intermediates\\res\\default\\resources',
  '--index-path',
  'C:\\Users\\27843\\Downloads\\RingtoneKit_Codelab_\\entry\\build\\default\\intermediates\\res\\default\\resources.index',
  '--pack-info-path',
  'C:\\Users\\27843\\Downloads\\RingtoneKit_Codelab_\\entry\\build\\default\\outputs\\default\\pack.info',
  '--out-path',
  'C:\\Users\\27843\\Downloads\\RingtoneKit_Codelab_\\entry\\build\\default\\outputs\\default\\entry-default-unsigned.hap',
  '--ets-path',
  'C:\\Users\\27843\\Downloads\\RingtoneKit_Codelab_\\entry\\build\\default\\intermediates\\loader_out\\default\\ets'
]
[2026-06-02T17:39:32.902] [DEBUG] debug-file - java daemon socket received message:{"code":0,"message":"pack success"}
[2026-06-02T17:39:32.906] [DEBUG] debug-file - entry : default@PackageHap cost memory 0.7272720336914062
[2026-06-02T17:39:32.906] [DEBUG] debug-file - runTaskFromQueue task cost before running: 1 s 507 ms 
[2026-06-02T17:39:32.907] [INFO] debug-file - Finished :entry:default@PackageHap... after 50 ms 
[2026-06-02T17:39:32.909] [DEBUG] debug-file - Executing task :entry:default@PackingCheck
[2026-06-02T17:39:32.915] [DEBUG] debug-file - entry : default@PackingCheck cost memory 0.41782379150390625
[2026-06-02T17:39:32.915] [DEBUG] debug-file - runTaskFromQueue task cost before running: 1 s 516 ms 
[2026-06-02T17:39:32.915] [INFO] debug-file - Finished :entry:default@PackingCheck... after 7 ms 
[2026-06-02T17:39:32.917] [DEBUG] debug-file - Executing task :entry:default@SignHap
[2026-06-02T17:39:32.917] [WARN] debug-file - Will skip sign 'hos_hap'. No signingConfigs profile is configured in current project.
             If needed, configure the signingConfigs in C:\Users\27843\Downloads\RingtoneKit_Codelab_\build-profile.json5.
[2026-06-02T17:39:32.918] [DEBUG] debug-file - entry:default@SignHap is not up-to-date, since the input file 'C:\Users\27843\Downloads\RingtoneKit_Codelab_\entry\build\default\outputs\default\entry-default-unsigned.hap' has been changed.
[2026-06-02T17:39:32.918] [DEBUG] debug-file - Incremental task entry:default@SignHap pre-execution cost: 1 ms .
[2026-06-02T17:39:32.918] [DEBUG] debug-file - entry : default@SignHap cost memory 0.08763885498046875
[2026-06-02T17:39:32.918] [DEBUG] debug-file - runTaskFromQueue task cost before running: 1 s 519 ms 
[2026-06-02T17:39:32.919] [INFO] debug-file - Finished :entry:default@SignHap... after 2 ms 
[2026-06-02T17:39:32.920] [DEBUG] debug-file - Executing task :entry:default@CollectDebugSymbol
[2026-06-02T17:39:32.921] [DEBUG] debug-file - entry : default@CollectDebugSymbol cost memory 0.0962066650390625
[2026-06-02T17:39:32.921] [DEBUG] debug-file - runTaskFromQueue task cost before running: 1 s 522 ms 
[2026-06-02T17:39:32.921] [INFO] debug-file - Finished :entry:default@CollectDebugSymbol... after 1 ms 
[2026-06-02T17:39:32.921] [DEBUG] debug-file - Executing task :entry:assembleHap
[2026-06-02T17:39:32.921] [DEBUG] debug-file - entry : assembleHap cost memory 0.0122528076171875
[2026-06-02T17:39:32.922] [DEBUG] debug-file - runTaskFromQueue task cost before running: 1 s 522 ms 
[2026-06-02T17:39:32.922] [INFO] debug-file - Finished :entry:assembleHap... after 1 ms 
[2026-06-02T17:39:32.955] [INFO] debug-file - BUILD SUCCESSFUL in 1 s 556 ms 
[2026-06-02T17:39:32.955] [DEBUG] debug-file - There is no need to refresh cache, since the incremental task entry:default@PreBuild is up-to-date.
[2026-06-02T17:39:32.956] [DEBUG] debug-file - Update task entry:default@CreateModuleInfo output file:C:\Users\27843\Downloads\RingtoneKit_Codelab_\entry\build\default\generated\profile\default\ModuleInfo.ts cache.
[2026-06-02T17:39:32.956] [DEBUG] debug-file - Incremental task entry:default@CreateModuleInfo post-execution cost:1 ms .
[2026-06-02T17:39:32.956] [DEBUG] debug-file - There is no need to refresh cache, since the incremental task entry:default@GenerateMetadata is up-to-date.
[2026-06-02T17:39:32.956] [DEBUG] debug-file - There is no need to refresh cache, since the incremental task entry:default@MergeProfile is up-to-date.
[2026-06-02T17:39:32.956] [DEBUG] debug-file - There is no need to refresh cache, since the incremental task entry:default@CreateBuildProfile is up-to-date.
[2026-06-02T17:39:32.956] [DEBUG] debug-file - Update task entry:default@GeneratePkgContextInfo output file:C:\Users\27843\Downloads\RingtoneKit_Codelab_\entry\build\default\intermediates\loader\default\pkgContextInfo.json cache.
[2026-06-02T17:39:32.957] [DEBUG] debug-file - Incremental task entry:default@GeneratePkgContextInfo post-execution cost:1 ms .
[2026-06-02T17:39:32.957] [DEBUG] debug-file - Update task entry:default@ProcessIntegratedHsp output file:C:\Users\27843\Downloads\RingtoneKit_Codelab_\build\cache\default\integrated_hsp\integratedHspCache.json cache.
[2026-06-02T17:39:32.957] [DEBUG] debug-file - Incremental task entry:default@ProcessIntegratedHsp post-execution cost:1 ms .
[2026-06-02T17:39:32.957] [DEBUG] debug-file - There is no need to refresh cache, since the incremental task entry:default@MakePackInfo is up-to-date.
[2026-06-02T17:39:32.957] [DEBUG] debug-file - Update task entry:default@SyscapTransform input file:C:\Program Files\Huawei\DevEco Studio\sdk\default\openharmony\toolchains\syscap_tool.exe cache by regenerate.
[2026-06-02T17:39:32.957] [DEBUG] debug-file - Update task entry:default@SyscapTransform input file:C:\Program Files\Huawei\DevEco Studio\sdk\default\openharmony\ets\api\device-define cache by regenerate.
[2026-06-02T17:39:32.958] [DEBUG] debug-file - Update task entry:default@SyscapTransform output file:C:\Users\27843\Downloads\RingtoneKit_Codelab_\entry\build\default\intermediates\syscap\default\rpcid.sc cache.
[2026-06-02T17:39:32.959] [DEBUG] debug-file - Incremental task entry:default@SyscapTransform post-execution cost:2 ms .
[2026-06-02T17:39:32.959] [DEBUG] debug-file - There is no need to refresh cache, since the incremental task entry:default@ProcessProfile is up-to-date.
[2026-06-02T17:39:32.959] [DEBUG] debug-file - There is no need to refresh cache, since the incremental task entry:default@ProcessRouterMap is up-to-date.
[2026-06-02T17:39:32.959] [DEBUG] debug-file - There is no need to refresh cache, since the incremental task entry:default@ProcessShareConfig is up-to-date.
[2026-06-02T17:39:32.959] [DEBUG] debug-file - Update task entry:default@ProcessStartupConfig output file:C:\Users\27843\Downloads\RingtoneKit_Codelab_\entry\build\default\intermediates\startup\default\startup_config.json cache.
[2026-06-02T17:39:32.959] [DEBUG] debug-file - Incremental task entry:default@ProcessStartupConfig post-execution cost:1 ms .
[2026-06-02T17:39:32.959] [DEBUG] debug-file - There is no need to refresh cache, since the incremental task entry:default@ProcessResource is up-to-date.
[2026-06-02T17:39:32.959] [DEBUG] debug-file - There is no need to refresh cache, since the incremental task entry:default@GenerateLoaderJson is up-to-date.
[2026-06-02T17:39:32.959] [DEBUG] debug-file - There is no need to refresh cache, since the incremental task entry:default@ProcessLibs is up-to-date.
[2026-06-02T17:39:32.959] [DEBUG] debug-file - There is no need to refresh cache, since the incremental task entry:default@CompileResource is up-to-date.
[2026-06-02T17:39:32.960] [DEBUG] debug-file - There is no need to refresh cache, since the incremental task entry:default@DoNativeStrip is up-to-date.
[2026-06-02T17:39:32.961] [DEBUG] debug-file - Update task entry:default@CompileArkTS input file:C:\Users\27843\Downloads\RingtoneKit_Codelab_\entry\build\default\intermediates\loader\default cache by regenerate.
[2026-06-02T17:39:32.962] [DEBUG] debug-file - Update task entry:default@CompileArkTS input file:C:\Users\27843\Downloads\RingtoneKit_Codelab_\entry\build\default\intermediates\res\default\ResourceTable.txt cache by regenerate.
[2026-06-02T17:39:32.962] [DEBUG] debug-file - Update task entry:default@CompileArkTS input file:C:\Users\27843\Downloads\RingtoneKit_Codelab_\entry\build\default\intermediates\res\default\ark_module.json cache by regenerate.
[2026-06-02T17:39:32.962] [DEBUG] debug-file - Update task entry:default@CompileArkTS input file:C:\Users\27843\Downloads\RingtoneKit_Codelab_\entry\build\default\intermediates\res\default\resources\base\profile cache by regenerate.
[2026-06-02T17:39:32.963] [DEBUG] debug-file - Update task entry:default@CompileArkTS input file:C:\Users\27843\Downloads\RingtoneKit_Codelab_\entry\src\main\ets cache from map.
[2026-06-02T17:39:32.963] [DEBUG] debug-file - Update task entry:default@CompileArkTS input file:C:\Users\27843\Downloads\RingtoneKit_Codelab_\entry\build\default\generated\profile\default\BuildProfile.ets cache by regenerate.
[2026-06-02T17:39:32.963] [DEBUG] debug-file - Update task entry:default@CompileArkTS output file:C:\Users\27843\Downloads\RingtoneKit_Codelab_\entry\build\default\intermediates\loader_out\default\ets cache.
[2026-06-02T17:39:32.964] [DEBUG] debug-file - Incremental task entry:default@CompileArkTS post-execution cost:5 ms .
[2026-06-02T17:39:32.965] [DEBUG] debug-file - Update task entry:default@BuildJS input file:C:\Users\27843\Downloads\RingtoneKit_Codelab_\entry\build\default\intermediates\loader\default cache by regenerate.
[2026-06-02T17:39:32.965] [DEBUG] debug-file - Update task entry:default@BuildJS input file:C:\Users\27843\Downloads\RingtoneKit_Codelab_\entry\build\default\intermediates\res\default\ResourceTable.txt cache by regenerate.
[2026-06-02T17:39:32.965] [DEBUG] debug-file - Update task entry:default@BuildJS input file:C:\Users\27843\Downloads\RingtoneKit_Codelab_\entry\build\default\intermediates\res\default\ark_module.json cache by regenerate.
[2026-06-02T17:39:32.966] [DEBUG] debug-file - Update task entry:default@BuildJS input file:C:\Users\27843\Downloads\RingtoneKit_Codelab_\entry\build\default\intermediates\res\default\resources\base\profile cache by regenerate.
[2026-06-02T17:39:32.967] [DEBUG] debug-file - Update task entry:default@BuildJS output file:C:\Users\27843\Downloads\RingtoneKit_Codelab_\entry\build\default\intermediates\loader_out\default\js cache.
[2026-06-02T17:39:32.967] [DEBUG] debug-file - Incremental task entry:default@BuildJS post-execution cost:4 ms .
[2026-06-02T17:39:32.967] [DEBUG] debug-file - There is no need to refresh cache, since the incremental task entry:default@CacheNativeLibs is up-to-date.
[2026-06-02T17:39:32.967] [DEBUG] debug-file - There is no need to refresh cache, since the incremental task entry:default@GeneratePkgModuleJson is up-to-date.
[2026-06-02T17:39:32.967] [DEBUG] debug-file - Incremental task entry:default@ProcessCompiledResources post-execution cost:1 ms .
[2026-06-02T17:39:32.968] [DEBUG] debug-file - Update task entry:default@PackageHap input file:C:\Users\27843\Downloads\RingtoneKit_Codelab_\entry\build\default\intermediates\stripped_native_libs\default cache by regenerate.
[2026-06-02T17:39:32.968] [DEBUG] debug-file - Update task entry:default@PackageHap input file:C:\Users\27843\Downloads\RingtoneKit_Codelab_\entry\build\default\intermediates\res\default\module.json cache by regenerate.
[2026-06-02T17:39:32.968] [DEBUG] debug-file - Update task entry:default@PackageHap input file:C:\Users\27843\Downloads\RingtoneKit_Codelab_\entry\build\default\intermediates\res\default\resources cache by regenerate.
[2026-06-02T17:39:32.970] [DEBUG] debug-file - Update task entry:default@PackageHap input file:C:\Users\27843\Downloads\RingtoneKit_Codelab_\entry\build\default\intermediates\res\default\resources.index cache by regenerate.
[2026-06-02T17:39:32.970] [DEBUG] debug-file - Update task entry:default@PackageHap input file:C:\Users\27843\Downloads\RingtoneKit_Codelab_\entry\build\default\outputs\default\pack.info cache by regenerate.
[2026-06-02T17:39:32.970] [DEBUG] debug-file - Update task entry:default@PackageHap input file:C:\Users\27843\Downloads\RingtoneKit_Codelab_\entry\build\default\intermediates\loader_out\default\ets cache from map.
[2026-06-02T17:39:32.970] [DEBUG] debug-file - Update task entry:default@PackageHap input file:C:\Users\27843\Downloads\RingtoneKit_Codelab_\entry\build\default\intermediates\loader_out\default\ets\sourceMaps.map cache by regenerate.
[2026-06-02T17:39:32.971] [DEBUG] debug-file - Update task entry:default@PackageHap input file:C:\Users\27843\Downloads\RingtoneKit_Codelab_\entry\build\default\generated\profile\default\BuildProfile.ets cache by regenerate.
[2026-06-02T17:39:32.971] [DEBUG] debug-file - Update task entry:default@PackageHap output file:C:\Users\27843\Downloads\RingtoneKit_Codelab_\entry\build\default\outputs\default\entry-default-unsigned.hap cache.
[2026-06-02T17:39:32.971] [DEBUG] debug-file - Update task entry:default@PackageHap output file:C:\Users\27843\Downloads\RingtoneKit_Codelab_\entry\build\default\intermediates\source_map\default\sourceMaps.map cache.
[2026-06-02T17:39:32.971] [DEBUG] debug-file - Update task entry:default@PackageHap output file:C:\Users\27843\Downloads\RingtoneKit_Codelab_\entry\build\default\outputs\default\mapping\sourceMaps.map cache.
[2026-06-02T17:39:32.972] [DEBUG] debug-file - Incremental task entry:default@PackageHap post-execution cost:5 ms .
[2026-06-02T17:39:32.972] [DEBUG] debug-file - Update task entry:default@SignHap input file:C:\Users\27843\Downloads\RingtoneKit_Codelab_\entry\build\default\outputs\default\entry-default-unsigned.hap cache from map.
[2026-06-02T17:39:32.972] [DEBUG] debug-file - Update task entry:default@SignHap output file:C:\Users\27843\Downloads\RingtoneKit_Codelab_\entry\build\default\outputs\default\entry-default-signed.hap cache.
[2026-06-02T17:39:32.972] [DEBUG] debug-file - Incremental task entry:default@SignHap post-execution cost:1 ms .
[2026-06-02T17:39:32.973] [DEBUG] debug-file - Update task entry:default@CollectDebugSymbol input file:C:\Users\27843\Downloads\RingtoneKit_Codelab_\entry\build\default\intermediates\loader_out\default\ets\sourceMaps.map cache by regenerate.
[2026-06-02T17:39:32.973] [DEBUG] debug-file - Update task entry:default@CollectDebugSymbol input file:C:\Users\27843\Downloads\RingtoneKit_Codelab_\entry\build\default\intermediates\libs\default cache by regenerate.
[2026-06-02T17:39:32.973] [DEBUG] debug-file - Update task entry:default@CollectDebugSymbol output file:C:\Users\27843\Downloads\RingtoneKit_Codelab_\entry\build\default\outputs\default\symbol cache.
[2026-06-02T17:39:32.973] [DEBUG] debug-file - Incremental task entry:default@CollectDebugSymbol post-execution cost:2 ms .
[2026-06-02T17:39:33.022] [DEBUG] debug-file - Cleanup worker 30.
[2026-06-02T17:39:33.022] [DEBUG] debug-file - Worker 30 has been cleaned up.
[2026-06-02T17:39:33.022] [DEBUG] debug-file - Current idle worker size: 1.
[2026-06-02T17:39:33.022] [DEBUG] debug-file - Current resident worker size: 2.
[2026-06-02T17:39:33.023] [DEBUG] debug-file - hvigor build process will be closed.
[2026-06-02T17:39:33.023] [DEBUG] debug-file - java daemon socket close code:1000 reason:close by user
[2026-06-02T17:39:33.026] [DEBUG] debug-file - session manager: send message to worker process.
[2026-06-02T17:39:33.027] [DEBUG] debug-file - session manager: send message to worker process.
[2026-06-02T17:39:33.027] [DEBUG] debug-file - watch worker: worker id should be larger than 0. Nothing will be sent to any worker thread.
[2026-06-02T17:39:33.027] [DEBUG] debug-file - watch worker: worker id should be larger than 0. Nothing will be sent to any worker thread.
[2026-06-02T17:39:33.036] [DEBUG] debug-file - worker[30] exits with exit code 1.
[2026-06-02T17:47:47.027] [DEBUG] debug-file - session manager: set active socket. socketId=ghPeCNBMkVzHqsAxAAAP
[2026-06-02T17:47:47.031] [DEBUG] debug-file - watch worker: worker id should be larger than 0. Nothing will be sent to any worker thread.
[2026-06-02T17:47:47.035] [DEBUG] debug-file - Workers' log level updated to INFO
[2026-06-02T17:47:47.038] [DEBUG] debug-file - Hvigor init with startParameters:{
  hvigorfileTypeCheck: false,
  parallelExecution: true,
  incrementalExecution: true,
  printStackTrace: false,
  daemon: true,
  analyze: 0,
  logLevel: Level { level: 20000, levelStr: 'INFO', colour: 'green' },
  optimizationStrategy: 'memory',
  hotCompile: undefined,
  hotReloadBuild: undefined,
  customizedParam: undefined
}
[2026-06-02T17:47:47.042] [DEBUG] debug-file - Cache service initialization finished in 4 ms 
[2026-06-02T17:47:47.043] [DEBUG] debug-file - hvigorfile, resolving C:\Users\27843\Downloads\RingtoneKit_Codelab_\hvigorfile.ts
[2026-06-02T17:47:47.049] [DEBUG] debug-file - hvigorfile, require result:  { default: { plugins: [] } }
[2026-06-02T17:47:47.050] [DEBUG] debug-file - hvigorfile, binding system plugins null
[2026-06-02T17:47:47.050] [DEBUG] debug-file - Starting plugin build process
[2026-06-02T17:47:47.050] [DEBUG] debug-file - App plugin prepare start...
[2026-06-02T17:47:47.050] [DEBUG] debug-file - App plugin prepare end...
[2026-06-02T17:47:47.050] [DEBUG] debug-file - App plugin creating...
[2026-06-02T17:47:47.056] [DEBUG] debug-file - App plugin register hook start...
[2026-06-02T17:47:47.056] [DEBUG] debug-file - App plugin register hook end...
[2026-06-02T17:47:47.056] [DEBUG] debug-file - Plugin build process completed
[2026-06-02T17:47:47.056] [DEBUG] debug-file - Start initialize project's product build option map with build mode debug.
[2026-06-02T17:47:47.057] [DEBUG] debug-file - Picking option from product 'default' with build mode 'debug'.
[2026-06-02T17:47:47.057] [DEBUG] debug-file - Product 'default' build option initialized
[2026-06-02T17:47:47.057] [DEBUG] debug-file - End initialize project's product build option map with build mode 'debug'.
[2026-06-02T17:47:47.057] [DEBUG] debug-file - Obtain build option for product 'default'in this build.
[2026-06-02T17:47:47.058] [DEBUG] debug-file - No signingConfig found, initRemoteHspCache failed.
[2026-06-02T17:47:47.061] [DEBUG] debug-file - Start recording SDK configuration permission data.
[2026-06-02T17:47:47.094] [DEBUG] debug-file - Sdk init in 35 ms 
[2026-06-02T17:47:47.097] [DEBUG] debug-file - Project task initialization takes 3 ms 
[2026-06-02T17:47:47.098] [DEBUG] debug-file - hvigorfile, binding custom plugins []
[2026-06-02T17:47:47.098] [DEBUG] debug-file - hvigorfile, no custom plugins were found in C:\Users\27843\Downloads\RingtoneKit_Codelab_\hvigorfile.ts
[2026-06-02T17:47:47.098] [DEBUG] debug-file - hvigorfile, resolve finished C:\Users\27843\Downloads\RingtoneKit_Codelab_\hvigorfile.ts
[2026-06-02T17:47:47.098] [DEBUG] debug-file - hvigorfile, resolving C:\Users\27843\Downloads\RingtoneKit_Codelab_\entry\hvigorfile.ts
[2026-06-02T17:47:47.101] [DEBUG] debug-file - hvigorfile, require result:  { default: { plugins: [] } }
[2026-06-02T17:47:47.101] [DEBUG] debug-file - hvigorfile, binding system plugins null
[2026-06-02T17:47:47.101] [DEBUG] debug-file - Starting plugin build process
[2026-06-02T17:47:47.101] [DEBUG] debug-file - Hap plugin creating...
[2026-06-02T17:47:47.102] [DEBUG] debug-file - failed to load cangjie to dynamically generate schemas: Error: Cannot find module '@ohos/cangjie-build-support/index'
Require stack:
- C:\Program Files\Huawei\DevEco Studio\tools\hvigor\hvigor-ohos-plugin\src\plugin\hooks\cangjie-register.js
- C:\Program Files\Huawei\DevEco Studio\tools\hvigor\hvigor-ohos-plugin\src\plugin\strategy\stage-init-strategy.js
- C:\Program Files\Huawei\DevEco Studio\tools\hvigor\hvigor-ohos-plugin\src\plugin\builder\abstract-plugin-builder.js
- C:\Program Files\Huawei\DevEco Studio\tools\hvigor\hvigor-ohos-plugin\src\plugin\builder\app-plugin-builder.js
- C:\Program Files\Huawei\DevEco Studio\tools\hvigor\hvigor-ohos-plugin\src\plugin\factory\plugin-factory.js
- C:\Program Files\Huawei\DevEco Studio\tools\hvigor\hvigor-ohos-plugin\index.js
- C:\Users\27843\Downloads\RingtoneKit_Codelab_\hvigorfile.ts
- C:\Program Files\Huawei\DevEco Studio\tools\hvigor\hvigor\src\base\internal\lifecycle\configuration.js
- C:\Program Files\Huawei\DevEco Studio\tools\hvigor\hvigor\src\base\boot\index.js
- C:\Program Files\Huawei\DevEco Studio\tools\hvigor\hvigor\src\base\daemon\cluster\worker-process-lifecycle.js
- C:\Program Files\Huawei\DevEco Studio\tools\hvigor\hvigor\src\base\daemon\process\daemon-process-boot-script.js
[2026-06-02T17:47:47.104] [DEBUG] debug-file - Start initialize module-target build option map, moduleName=entry, buildMode=debug
[2026-06-02T17:47:47.104] [DEBUG] debug-file - Target 'default' config initialized
[2026-06-02T17:47:47.105] [DEBUG] debug-file - Module 'entry' target 'default' build option initialized
[2026-06-02T17:47:47.105] [DEBUG] debug-file - End initialize module-target build option map, moduleName=entry
[2026-06-02T17:47:47.105] [DEBUG] debug-file - Start initialize module-target build option map, moduleName=entry, buildMode=release
[2026-06-02T17:47:47.105] [DEBUG] debug-file - Target 'default' config initialized
[2026-06-02T17:47:47.106] [DEBUG] debug-file - Module 'entry' target 'default' build option initialized
[2026-06-02T17:47:47.106] [DEBUG] debug-file - End initialize module-target build option map, moduleName=entry
[2026-06-02T17:47:47.106] [DEBUG] debug-file - Start initialize module-target build option map, moduleName=entry, buildMode=debug
[2026-06-02T17:47:47.107] [DEBUG] debug-file - Target 'default' config initialized
[2026-06-02T17:47:47.107] [DEBUG] debug-file - Module 'entry' target 'default' build option initialized
[2026-06-02T17:47:47.107] [DEBUG] debug-file - End initialize module-target build option map, moduleName=entry
[2026-06-02T17:47:47.107] [DEBUG] debug-file - Obtain build option for module 'entry' target 'default'in this build.
[2026-06-02T17:47:47.109] [DEBUG] debug-file - Module entry task initialization takes 1 ms 
[2026-06-02T17:47:47.109] [DEBUG] debug-file - Hap plugin register hook start...
[2026-06-02T17:47:47.109] [DEBUG] debug-file - Hap plugin register hook end...
[2026-06-02T17:47:47.109] [DEBUG] debug-file - Plugin build process completed
[2026-06-02T17:47:47.109] [DEBUG] debug-file - hvigorfile, binding custom plugins []
[2026-06-02T17:47:47.109] [DEBUG] debug-file - hvigorfile, no custom plugins were found in C:\Users\27843\Downloads\RingtoneKit_Codelab_\entry\hvigorfile.ts
[2026-06-02T17:47:47.109] [DEBUG] debug-file - hvigorfile, resolve finished C:\Users\27843\Downloads\RingtoneKit_Codelab_\entry\hvigorfile.ts
[2026-06-02T17:47:47.188] [DEBUG] debug-file - hvigorfile, resolve hvigorfile dependencies in 79 ms 
[2026-06-02T17:47:47.188] [DEBUG] debug-file - project has submodules:entry
[2026-06-02T17:47:47.189] [DEBUG] debug-file - start to load updatedOhPackageInfo to the disk
[2026-06-02T17:47:47.199] [DEBUG] debug-file - load to the disk finished
[2026-06-02T17:47:47.200] [DEBUG] debug-file - Start to initialize dependency information.
[2026-06-02T17:47:47.201] [DEBUG] debug-file - Module RingtoneKit_Codelab_ Collected Dependency: 
[2026-06-02T17:47:47.201] [DEBUG] debug-file - Module RingtoneKit_Codelab_'s total dependency: 0
[2026-06-02T17:47:47.201] [DEBUG] debug-file - Start to initialize dependency information.
[2026-06-02T17:47:47.202] [DEBUG] debug-file - Module entry Collected Dependency: 
[2026-06-02T17:47:47.202] [DEBUG] debug-file - Module entry's total dependency: 0
[2026-06-02T17:47:47.204] [DEBUG] debug-file - Configuration phase cost:162 ms 
[2026-06-02T17:47:47.205] [DEBUG] debug-file - Configuration task cost before running: 170 ms 
[2026-06-02T17:47:47.208] [DEBUG] debug-file - Executing task :entry:default@PreBuild
[2026-06-02T17:47:47.209] [WARN] debug-file - The project has not explicitly set the 'targetSdkVersion' version at build-profile.json5. It is recommended to configure it. Reference: https://developer.huawei.com/consumer/cn/doc/harmonyos-guides/ide-hvigor-build-profile-app#section45865492619
[2026-06-02T17:47:47.209] [DEBUG] debug-file - Task 'entry:default@PreBuild' cost while wrapping incremental declarations: 1 ms 
[2026-06-02T17:47:47.215] [DEBUG] debug-file - Incremental task entry:default@PreBuild pre-execution cost: 5 ms .
[2026-06-02T17:47:47.215] [DEBUG] debug-file - entry : default@PreBuild cost memory 0.5558090209960938
[2026-06-02T17:47:47.217] [INFO] debug-file - UP-TO-DATE :entry:default@PreBuild...  
[2026-06-02T17:47:47.218] [DEBUG] debug-file - Executing task :entry:default@CreateModuleInfo
[2026-06-02T17:47:47.218] [DEBUG] debug-file - Task 'entry:default@CreateModuleInfo' cost while wrapping incremental declarations: 1 ms 
[2026-06-02T17:47:47.218] [DEBUG] debug-file - entry : default@CreateModuleInfo cost memory 0.03987884521484375
[2026-06-02T17:47:47.218] [DEBUG] debug-file - runTaskFromQueue task cost before running: 183 ms 
[2026-06-02T17:47:47.219] [INFO] debug-file - Finished :entry:default@CreateModuleInfo... after 1 ms 
[2026-06-02T17:47:47.220] [DEBUG] debug-file - Executing task :entry:default@GenerateMetadata
[2026-06-02T17:47:47.220] [DEBUG] debug-file - Task 'entry:default@GenerateMetadata' cost while wrapping incremental declarations: 1 ms 
[2026-06-02T17:47:47.221] [DEBUG] debug-file - Incremental task entry:default@GenerateMetadata pre-execution cost: 1 ms .
[2026-06-02T17:47:47.221] [DEBUG] debug-file - entry : default@GenerateMetadata cost memory 0.08182525634765625
[2026-06-02T17:47:47.221] [INFO] debug-file - UP-TO-DATE :entry:default@GenerateMetadata...  
[2026-06-02T17:47:47.222] [DEBUG] debug-file - Executing task :entry:default@ConfigureCmake
[2026-06-02T17:47:47.222] [DEBUG] debug-file - entry : default@ConfigureCmake cost memory 0.0140533447265625
[2026-06-02T17:47:47.222] [DEBUG] debug-file - runTaskFromQueue task cost before running: 187 ms 
[2026-06-02T17:47:47.222] [INFO] debug-file - Finished :entry:default@ConfigureCmake... after 1 ms 
[2026-06-02T17:47:47.223] [DEBUG] debug-file - Executing task :entry:default@MergeProfile
[2026-06-02T17:47:47.223] [DEBUG] debug-file - Task 'entry:default@MergeProfile' cost while wrapping incremental declarations: 1 ms 
[2026-06-02T17:47:47.225] [DEBUG] debug-file - Incremental task entry:default@MergeProfile pre-execution cost: 2 ms .
[2026-06-02T17:47:47.225] [DEBUG] debug-file - entry : default@MergeProfile cost memory 0.1202850341796875
[2026-06-02T17:47:47.225] [INFO] debug-file - UP-TO-DATE :entry:default@MergeProfile...  
[2026-06-02T17:47:47.226] [DEBUG] debug-file - Executing task :entry:default@CreateBuildProfile
[2026-06-02T17:47:47.226] [DEBUG] debug-file - Task 'entry:default@CreateBuildProfile' cost while wrapping incremental declarations: 1 ms 
[2026-06-02T17:47:47.227] [DEBUG] debug-file - Incremental task entry:default@CreateBuildProfile pre-execution cost: 1 ms .
[2026-06-02T17:47:47.227] [DEBUG] debug-file - entry : default@CreateBuildProfile cost memory 0.089202880859375
[2026-06-02T17:47:47.227] [INFO] debug-file - UP-TO-DATE :entry:default@CreateBuildProfile...  
[2026-06-02T17:47:47.228] [DEBUG] debug-file - Executing task :entry:default@PreCheckSyscap
[2026-06-02T17:47:47.228] [DEBUG] debug-file - entry : default@PreCheckSyscap cost memory 0.01427459716796875
[2026-06-02T17:47:47.228] [DEBUG] debug-file - runTaskFromQueue task cost before running: 194 ms 
[2026-06-02T17:47:47.229] [INFO] debug-file - Finished :entry:default@PreCheckSyscap... after 1 ms 
[2026-06-02T17:47:47.230] [DEBUG] debug-file - Executing task :entry:default@GeneratePkgContextInfo
[2026-06-02T17:47:47.234] [DEBUG] debug-file - Task 'entry:default@GeneratePkgContextInfo' cost while wrapping incremental declarations: 1 ms 
[2026-06-02T17:47:47.234] [DEBUG] debug-file - entry : default@GeneratePkgContextInfo cost memory 0.23050689697265625
[2026-06-02T17:47:47.234] [DEBUG] debug-file - runTaskFromQueue task cost before running: 199 ms 
[2026-06-02T17:47:47.234] [INFO] debug-file - Finished :entry:default@GeneratePkgContextInfo... after 5 ms 
[2026-06-02T17:47:47.236] [DEBUG] debug-file - Executing task :entry:default@ProcessIntegratedHsp
[2026-06-02T17:47:47.236] [DEBUG] debug-file - entry:default@ProcessIntegratedHsp is not up-to-date, since the output file 'C:\Users\27843\Downloads\RingtoneKit_Codelab_\build\cache\default\integrated_hsp\integratedHspCache.json' does not exist.
[2026-06-02T17:47:47.237] [DEBUG] debug-file - Incremental task entry:default@ProcessIntegratedHsp pre-execution cost: 1 ms .
[2026-06-02T17:47:47.237] [DEBUG] debug-file - entry : default@ProcessIntegratedHsp cost memory 0.05718994140625
[2026-06-02T17:47:47.237] [DEBUG] debug-file - runTaskFromQueue task cost before running: 202 ms 
[2026-06-02T17:47:47.237] [INFO] debug-file - Finished :entry:default@ProcessIntegratedHsp... after 1 ms 
[2026-06-02T17:47:47.238] [DEBUG] debug-file - Executing task :entry:default@BuildNativeWithCmake
[2026-06-02T17:47:47.238] [DEBUG] debug-file - entry : default@BuildNativeWithCmake cost memory 0.01407623291015625
[2026-06-02T17:47:47.238] [DEBUG] debug-file - runTaskFromQueue task cost before running: 203 ms 
[2026-06-02T17:47:47.238] [INFO] debug-file - Finished :entry:default@BuildNativeWithCmake... after 1 ms 
[2026-06-02T17:47:47.239] [DEBUG] debug-file - Executing task :entry:default@MakePackInfo
[2026-06-02T17:47:47.240] [DEBUG] debug-file - Incremental task entry:default@MakePackInfo pre-execution cost: 2 ms .
[2026-06-02T17:47:47.241] [DEBUG] debug-file - entry : default@MakePackInfo cost memory 0.101898193359375
[2026-06-02T17:47:47.241] [INFO] debug-file - UP-TO-DATE :entry:default@MakePackInfo...  
[2026-06-02T17:47:47.242] [DEBUG] debug-file - Executing task :entry:default@SyscapTransform
[2026-06-02T17:47:47.242] [DEBUG] debug-file - File: 'C:\Users\27843\Downloads\RingtoneKit_Codelab_\entry\src\main\syscap.json' from 'sysCapJsonPath' is not exists, just ignore.
[2026-06-02T17:47:47.242] [DEBUG] debug-file - Task 'entry:default@SyscapTransform' cost while wrapping incremental declarations: 1 ms 
[2026-06-02T17:47:47.244] [DEBUG] debug-file - entry:default@SyscapTransform is not up-to-date, since the output file 'C:\Users\27843\Downloads\RingtoneKit_Codelab_\entry\build\default\intermediates\syscap\default\rpcid.sc' does not exist.
[2026-06-02T17:47:47.244] [DEBUG] debug-file - Incremental task entry:default@SyscapTransform pre-execution cost: 2 ms .
[2026-06-02T17:47:47.244] [DEBUG] debug-file - entry : default@SyscapTransform cost memory 0.1457977294921875
[2026-06-02T17:47:47.244] [DEBUG] debug-file - runTaskFromQueue task cost before running: 209 ms 
[2026-06-02T17:47:47.247] [INFO] debug-file - Finished :entry:default@SyscapTransform... after 3 ms 
[2026-06-02T17:47:47.248] [DEBUG] debug-file - Executing task :entry:default@ProcessProfile
[2026-06-02T17:47:47.248] [DEBUG] debug-file - Task 'entry:default@ProcessProfile' cost while wrapping incremental declarations: 1 ms 
[2026-06-02T17:47:47.249] [DEBUG] debug-file - Incremental task entry:default@ProcessProfile pre-execution cost: 1 ms .
[2026-06-02T17:47:47.249] [DEBUG] debug-file - entry : default@ProcessProfile cost memory 0.121307373046875
[2026-06-02T17:47:47.249] [INFO] debug-file - UP-TO-DATE :entry:default@ProcessProfile...  
[2026-06-02T17:47:47.250] [DEBUG] debug-file - Executing task :entry:default@ProcessRouterMap
[2026-06-02T17:47:47.251] [DEBUG] debug-file - Incremental task entry:default@ProcessRouterMap pre-execution cost: 2 ms .
[2026-06-02T17:47:47.251] [DEBUG] debug-file - entry : default@ProcessRouterMap cost memory 0.13372039794921875
[2026-06-02T17:47:47.252] [INFO] debug-file - UP-TO-DATE :entry:default@ProcessRouterMap...  
[2026-06-02T17:47:47.253] [DEBUG] debug-file - Executing task :entry:default@ProcessShareConfig
[2026-06-02T17:47:47.254] [DEBUG] debug-file - Incremental task entry:default@ProcessShareConfig pre-execution cost: 2 ms .
[2026-06-02T17:47:47.254] [DEBUG] debug-file - entry : default@ProcessShareConfig cost memory 0.110595703125
[2026-06-02T17:47:47.255] [INFO] debug-file - UP-TO-DATE :entry:default@ProcessShareConfig...  
[2026-06-02T17:47:47.256] [DEBUG] debug-file - Executing task :entry:default@ProcessStartupConfig
[2026-06-02T17:47:47.256] [DEBUG] debug-file - Task 'entry:default@ProcessStartupConfig' cost while wrapping incremental declarations: 1 ms 
[2026-06-02T17:47:47.257] [DEBUG] debug-file - entry:default@ProcessStartupConfig is not up-to-date, since the output file 'C:\Users\27843\Downloads\RingtoneKit_Codelab_\entry\build\default\intermediates\startup\default\startup_config.json' does not exist.
[2026-06-02T17:47:47.257] [DEBUG] debug-file - Incremental task entry:default@ProcessStartupConfig pre-execution cost: 1 ms .
[2026-06-02T17:47:47.257] [DEBUG] debug-file - entry : default@ProcessStartupConfig cost memory 0.09581756591796875
[2026-06-02T17:47:47.257] [DEBUG] debug-file - runTaskFromQueue task cost before running: 222 ms 
[2026-06-02T17:47:47.257] [INFO] debug-file - Finished :entry:default@ProcessStartupConfig... after 2 ms 
[2026-06-02T17:47:47.258] [DEBUG] debug-file - Executing task :entry:default@BuildNativeWithNinja
[2026-06-02T17:47:47.259] [DEBUG] debug-file - entry : default@BuildNativeWithNinja cost memory 0.02111053466796875
[2026-06-02T17:47:47.259] [DEBUG] debug-file - runTaskFromQueue task cost before running: 224 ms 
[2026-06-02T17:47:47.259] [INFO] debug-file - Finished :entry:default@BuildNativeWithNinja... after 1 ms 
[2026-06-02T17:47:47.260] [DEBUG] debug-file - restool module names: entry; moduleName=entry, taskName=default@ProcessResource
[2026-06-02T17:47:47.261] [DEBUG] debug-file - Executing task :entry:default@ProcessResource
[2026-06-02T17:47:47.261] [DEBUG] debug-file - Task 'entry:default@ProcessResource' cost while wrapping incremental declarations: 1 ms 
[2026-06-02T17:47:47.262] [DEBUG] debug-file - Incremental task entry:default@ProcessResource pre-execution cost: 1 ms .
[2026-06-02T17:47:47.262] [DEBUG] debug-file - entry : default@ProcessResource cost memory 0.13411712646484375
[2026-06-02T17:47:47.263] [INFO] debug-file - UP-TO-DATE :entry:default@ProcessResource...  
[2026-06-02T17:47:47.264] [DEBUG] debug-file - Executing task :entry:default@GenerateLoaderJson
[2026-06-02T17:47:47.265] [DEBUG] debug-file - Task 'entry:default@GenerateLoaderJson' cost while wrapping incremental declarations: 1 ms 
[2026-06-02T17:47:47.270] [DEBUG] debug-file - Incremental task entry:default@GenerateLoaderJson pre-execution cost: 3 ms .
[2026-06-02T17:47:47.270] [DEBUG] debug-file - entry : default@GenerateLoaderJson cost memory 0.4843292236328125
[2026-06-02T17:47:47.272] [INFO] debug-file - UP-TO-DATE :entry:default@GenerateLoaderJson...  
[2026-06-02T17:47:47.273] [DEBUG] debug-file - Executing task :entry:default@ProcessLibs
[2026-06-02T17:47:47.275] [DEBUG] debug-file - Incremental task entry:default@ProcessLibs pre-execution cost: 2 ms .
[2026-06-02T17:47:47.275] [DEBUG] debug-file - entry : default@ProcessLibs cost memory 0.10457611083984375
[2026-06-02T17:47:47.276] [INFO] debug-file - UP-TO-DATE :entry:default@ProcessLibs...  
[2026-06-02T17:47:47.277] [DEBUG] debug-file - restool module names: entry; moduleName=entry, taskName=default@CompileResource
[2026-06-02T17:47:47.277] [DEBUG] debug-file - Executing task :entry:default@CompileResource
[2026-06-02T17:47:47.285] [DEBUG] debug-file - Incremental task entry:default@CompileResource pre-execution cost: 8 ms .
[2026-06-02T17:47:47.286] [DEBUG] debug-file - entry : default@CompileResource cost memory 0.573822021484375
[2026-06-02T17:47:47.286] [INFO] debug-file - UP-TO-DATE :entry:default@CompileResource...  
[2026-06-02T17:47:47.288] [DEBUG] debug-file - Executing task :entry:default@DoNativeStrip
[2026-06-02T17:47:47.288] [DEBUG] debug-file - Task 'entry:default@DoNativeStrip' cost while wrapping incremental declarations: 1 ms 
[2026-06-02T17:47:47.289] [DEBUG] debug-file - Incremental task entry:default@DoNativeStrip pre-execution cost: 1 ms .
[2026-06-02T17:47:47.289] [DEBUG] debug-file - entry : default@DoNativeStrip cost memory 0.075103759765625
[2026-06-02T17:47:47.289] [INFO] debug-file - UP-TO-DATE :entry:default@DoNativeStrip...  
[2026-06-02T17:47:47.290] [DEBUG] debug-file - Executing task :entry:default@CompileArkTS
[2026-06-02T17:47:47.290] [DEBUG] debug-file - obfuscationOptions: undefined
[2026-06-02T17:47:47.291] [DEBUG] debug-file - Task 'entry:default@CompileArkTS' cost while wrapping incremental declarations: 1 ms 
[2026-06-02T17:47:47.296] [DEBUG] debug-file - entry:default@CompileArkTS is not up-to-date, since the input file 'C:\Users\27843\Downloads\RingtoneKit_Codelab_\entry\src\main\ets' has been changed.
[2026-06-02T17:47:47.296] [DEBUG] debug-file - Incremental task entry:default@CompileArkTS pre-execution cost: 4 ms .
[2026-06-02T17:47:47.302] [DEBUG] debug-file - build config:
[2026-06-02T17:47:47.302] [DEBUG] debug-file - {
  moduleType: 'entry',
  perf: 0,
  targetName: '.default',
  packageManagerType: 'ohpm',
  localPropertiesPath: 'C:\\Users\\27843\\Downloads\\RingtoneKit_Codelab_\\local.properties',
  isPreview: false,
  isOhosTest: false,
  isLocalTest: false,
  buildMode: 'Debug',
  hotReloadBuild: undefined,
  watchMode: 'false',
  aceProfilePath: 'C:\\Users\\27843\\Downloads\\RingtoneKit_Codelab_\\entry\\build\\default\\intermediates\\res\\default\\resources\\base\\profile',
  etsLoaderPath: 'C:\\Program Files\\Huawei\\DevEco Studio\\sdk\\default\\openharmony\\ets\\build-tools\\ets-loader',
  modulePath: 'C:\\Users\\27843\\Downloads\\RingtoneKit_Codelab_\\entry',
  testFrameworkPar: {
    testMode: undefined,
    coveragePathFilter: undefined,
    coverageMode: undefined
  },
  needCoverageInsert: false,
  debugLine: false,
  projectTopDir: 'C:\\Users\\27843\\Downloads\\RingtoneKit_Codelab_',
  compileSdkVersion: 22,
  compatibleSdkVersion: 12,
  originCompatibleSdkVersion: '5.0.0(12)',
  compatibleSdkVersionStage: 'beta1',
  bundleName: 'c***n',
  etsLoaderVersion: '6.0.2.130',
  etsLoaderReleaseType: 'Release',
  aotCompileMode: 'type',
  apPath: 'C:\\Users\\27843\\Downloads\\RingtoneKit_Codelab_\\entry\\modules.ap',
  entryModuleName: 'entry',
  entryModuleVersion: '1.0.0',
  entryPackageName: 'entry',
  allModuleNameHash: 'db44f8a8a620383b923efb1105d6d0eb296559a94ef72a4510286f2511f87786',
  externalApiPaths: [
    'C:\\Program Files\\Huawei\\DevEco Studio\\sdk\\default\\hms\\ets'
  ],
  compilerTypes: [],
  isCrossplatform: false,
  hvigorPluginFile: undefined,
  compilePluginPath: undefined,
  buildGeneratedProfilePath: 'C:\\Users\\27843\\Downloads\\RingtoneKit_Codelab_\\entry\\build\\default\\generated\\profile\\default',
  bundleType: 'app',
  arkTSVersion: undefined,
  apiVersion: 22,
  needCompleteSourcesMap: false,
  isFaMode: false,
  buildDir: 'C:\\Users\\27843\\Downloads\\RingtoneKit_Codelab_\\entry\\build',
  deviceTypes: [ 'phone', 'tablet', 'wearable' ],
  pkgContextInfo: undefined,
  ohPackagePathMap: {},
  dependencyAliasMap: {},
  permission: { requestPermissions: undefined, definePermissions: undefined },
  useGetCurrentBundleName: false,
  projectArkOption: undefined,
  sourceMapDir: undefined,
  branchElimination: false,
  transformLib: undefined,
  tsImportSendable: false,
  resolveConflictMode: true,
  depName2RootPath: {},
  depName2DepInfo: {},
  rootPathSet: [ 'C:\\Users\\27843\\Downloads\\RingtoneKit_Codelab_' ],
  useNativeResolver: true,
  shouldEmitJs: true,
  useTscResolve: false,
  singleFileEmit: false,
  userProjectConfig: {
    autoLazyImport: false,
    allowEmptyBundleName: false,
    reExportCheckMode: 'noCheck',
    executionMode: 'memory',
    usePathPlaceholder: false,
    writeRollupCache: true,
    isExpandImportEnabled: false,
    expandImportExclude: '',
    lazyImportExclude: '',
    lazyImportInclude: '',
    ignoreCrossplatformCheck: false,
    isHarDeduplicateEnabled: false,
    skipOhModulesLint: false,
    enableStrictCheckOHModule: false,
    disableSendableCheckRules: [],
    useDeclarationFileSignature: false,
    customizedOptions: undefined,
    integratedHsp: false,
    isPreloadSoEnabled: false
  },
  executionMode: 'memory',
  arkCompileCachePath: 'C:\\Users\\27843\\Downloads\\RingtoneKit_Codelab_\\entry\\build\\default\\cache\\default\\default@CompileArkTS\\esmodule',
  autoLazyFilter: undefined,
  isHarDeduplicateEnabled: false,
  intermediateHarDuplicateDirPath: 'C:\\Users\\27843\\Downloads\\RingtoneKit_Codelab_\\entry\\build\\default\\intermediates\\har_duplicate\\default',
  autoLazyImport: false,
  allowEmptyBundleName: false,
  reExportCheckMode: 'noCheck',
  usePathPlaceholder: false,
  writeRollupCache: true,
  isExpandImportEnabled: false,
  expandImportExclude: '',
  lazyImportExclude: '',
  lazyImportInclude: '',
  ignoreCrossplatformCheck: false,
  skipOhModulesLint: false,
  enableStrictCheckOHModule: false,
  disableSendableCheckRules: [],
  useDeclarationFileSignature: false,
  customizedOptions: undefined,
  integratedHsp: false,
  isPreloadSoEnabled: false,
  strictMode: undefined,
  useNormalizedOHMUrl: false,
  caseSensitiveCheck: false,
  aceModuleJsonPath: 'C:\\Users\\27843\\Downloads\\RingtoneKit_Codelab_\\entry\\build\\default\\intermediates\\res\\default\\ark_module.json',
  appResource: 'C:\\Users\\27843\\Downloads\\RingtoneKit_Codelab_\\entry\\build\\default\\intermediates\\res\\default\\ResourceTable.txt',
  rawFileResource: 'C:\\Users\\27843\\Downloads\\RingtoneKit_Codelab_\\entry\\build\\default\\intermediates\\res\\default\\resources\\rawfile',
  resourceTableHash: '0a5e461b8cc472af07d60289bf2402599b7c63db39b7448590c7effc1f3dc134',
  runtimeOS: 'HarmonyOS',
  sdkInfo: 'false:22:6.0.2.130:Release',
  aceModuleRoot: 'C:\\Users\\27843\\Downloads\\RingtoneKit_Codelab_\\entry\\src\\main\\ets',
  compileMode: 'esmodule',
  aceSuperVisualPath: 'C:\\Users\\27843\\Downloads\\RingtoneKit_Codelab_\\entry\\src\\main\\supervisual',
  aceBuildJson: 'C:\\Users\\27843\\Downloads\\RingtoneKit_Codelab_\\entry\\build\\default\\intermediates\\loader\\default\\loader.json',
  cachePath: 'C:\\Users\\27843\\Downloads\\RingtoneKit_Codelab_\\entry\\build\\default\\cache\\default\\default@CompileArkTS\\esmodule\\debug',
  aceModuleBuild: 'C:\\Users\\27843\\Downloads\\RingtoneKit_Codelab_\\entry\\build\\default\\intermediates\\loader_out\\default\\ets',
  supportChunks: true,
  declaredFilesPath: undefined,
  shouldCollectDirectImportees: false,
  isByteCodeHarOptimize: false,
  expandImportPath: undefined,
  pkgNameToPkgBriefInfo: {
    entry: {
      pkgRoot: 'C:\\Users\\27843\\Downloads\\RingtoneKit_Codelab_\\entry',
      originalSourceRoots: undefined,
      sourceRoots: [Array],
      pkgName: 'entry'
    }
  },
  projectModel: {
    'C:\\Users\\27843\\Downloads\\RingtoneKit_Codelab_\\entry\\src\\main': {
      moduleName: 'entry',
      modulePkgPath: 'C:\\Users\\27843\\Downloads\\RingtoneKit_Codelab_\\entry',
      belongProjectPath: 'C:\\Users\\27843\\Downloads\\RingtoneKit_Codelab_'
    },
    'C:\\Users\\27843\\Downloads\\RingtoneKit_Codelab_\\entry': {
      moduleName: 'entry',
      modulePkgPath: 'C:\\Users\\27843\\Downloads\\RingtoneKit_Codelab_\\entry',
      belongProjectPath: 'C:\\Users\\27843\\Downloads\\RingtoneKit_Codelab_'
    },
    'C:\\Users\\27843\\Downloads\\RingtoneKit_Codelab_': {
      moduleName: 'RingtoneKit_Codelab_',
      modulePkgPath: 'C:\\Users\\27843\\Downloads\\RingtoneKit_Codelab_',
      belongProjectPath: 'C:\\Users\\27843\\Downloads\\RingtoneKit_Codelab_'
    }
  },
  pkgJsonFileHash: '2d3aabe892cb47a8d32dc51369771e7583ba0b181fb1299d8dac661ceb735d99',
  allModulePaths: [ 'C:\\Users\\27843\\Downloads\\RingtoneKit_Codelab_\\entry' ],
  routerMap: {},
  obfuscationOptions: undefined,
  byteCodeHarToDependencyKeys: undefined,
  compileBlockPkg: [],
  mockParams: {
    decorator: '@MockSetup',
    packageName: '@ohos/hamock',
    etsSourceRootPath: 'src/main/ets',
    mockConfigPath: undefined,
    mockConfigKey2ModuleInfo: {},
    source2ModuleIdMap: {}
  },
  copyCodeResourceEnable: true,
  copyCodeResourceExcludes: [],
  copyCodeResourceIncludes: undefined,
  uiTransformOptimization: false,
  sdkPath: 'C:/Program Files/Huawei/DevEco Studio/sdk',
  needPreloadSoFileSet: {},
  preloadSoFilePath: 'C:\\Users\\27843\\Downloads\\RingtoneKit_Codelab_\\entry\\build\\default\\intermediates\\preload\\default\\preload.json',
  useSourceHash: false,
  localModuleParamMap: {},
  otherPaths: {
    'entry/*': [
      '..\\*',
      '..\\..\\..\\build\\default\\generated\\profile\\default\\*'
    ]
  },
  collectImportersConfig: undefined
}
[2026-06-02T17:47:47.302] [DEBUG] debug-file - Compile arkts with external api path: C:\Program Files\Huawei\DevEco Studio\sdk\default\hms\ets
[2026-06-02T17:47:47.303] [DEBUG] debug-file - default@CompileArkTS work[8] is submitted.
[2026-06-02T17:47:47.303] [DEBUG] debug-file - default@CompileArkTS work[8] is pushed to ready queue.
[2026-06-02T17:47:47.304] [DEBUG] debug-file - A work dispatched to worker[31] failed because unable to get work from ready queue.
[2026-06-02T17:47:47.304] [DEBUG] debug-file - A work dispatched to worker[30] failed because unable to get work from ready queue.
[2026-06-02T17:47:47.304] [DEBUG] debug-file - A work dispatched to worker[29] failed because unable to get work from ready queue.
[2026-06-02T17:47:47.304] [DEBUG] debug-file - A work dispatched to worker[28] failed because unable to get work from ready queue.
[2026-06-02T17:47:47.304] [DEBUG] debug-file - A work dispatched to worker[27] failed because unable to get work from ready queue.
[2026-06-02T17:47:47.304] [DEBUG] debug-file - A work dispatched to worker[26] failed because unable to get work from ready queue.
[2026-06-02T17:47:47.304] [DEBUG] debug-file - A work dispatched to worker[25] failed because unable to get work from ready queue.
[2026-06-02T17:47:47.304] [DEBUG] debug-file - A work dispatched to worker[24] failed because unable to get work from ready queue.
[2026-06-02T17:47:47.304] [DEBUG] debug-file - A work dispatched to worker[23] failed because unable to get work from ready queue.
[2026-06-02T17:47:47.304] [DEBUG] debug-file - A work dispatched to worker[22] failed because unable to get work from ready queue.
[2026-06-02T17:47:47.304] [DEBUG] debug-file - A work dispatched to worker[21] failed because unable to get work from ready queue.
[2026-06-02T17:47:47.304] [DEBUG] debug-file - A work dispatched to worker[20] failed because unable to get work from ready queue.
[2026-06-02T17:47:47.304] [DEBUG] debug-file - A work dispatched to worker[19] failed because unable to get work from ready queue.
[2026-06-02T17:47:47.304] [DEBUG] debug-file - A work dispatched to worker[18] failed because unable to get work from ready queue.
[2026-06-02T17:47:47.304] [DEBUG] debug-file - A work dispatched to worker[17] failed because unable to get work from ready queue.
[2026-06-02T17:47:47.304] [DEBUG] debug-file - A work dispatched to worker[16] failed because unable to get work from ready queue.
[2026-06-02T17:47:47.304] [DEBUG] debug-file - A work dispatched to worker[15] failed because unable to get work from ready queue.
[2026-06-02T17:47:47.304] [DEBUG] debug-file - A work dispatched to worker[14] failed because unable to get work from ready queue.
[2026-06-02T17:47:47.304] [DEBUG] debug-file - A work dispatched to worker[13] failed because unable to get work from ready queue.
[2026-06-02T17:47:47.304] [DEBUG] debug-file - A work dispatched to worker[12] failed because unable to get work from ready queue.
[2026-06-02T17:47:47.304] [DEBUG] debug-file - A work dispatched to worker[11] failed because unable to get work from ready queue.
[2026-06-02T17:47:47.304] [DEBUG] debug-file - A work dispatched to worker[10] failed because unable to get work from ready queue.
[2026-06-02T17:47:47.304] [DEBUG] debug-file - A work dispatched to worker[9] failed because unable to get work from ready queue.
[2026-06-02T17:47:47.304] [DEBUG] debug-file - A work dispatched to worker[8] failed because unable to get work from ready queue.
[2026-06-02T17:47:47.304] [DEBUG] debug-file - A work dispatched to worker[7] failed because unable to get work from ready queue.
[2026-06-02T17:47:47.305] [DEBUG] debug-file - A work dispatched to worker[6] failed because unable to get work from ready queue.
[2026-06-02T17:47:47.305] [DEBUG] debug-file - A work dispatched to worker[5] failed because unable to get work from ready queue.
[2026-06-02T17:47:47.305] [DEBUG] debug-file - default@CompileArkTS work[8] has been dispatched to worker[4].
[2026-06-02T17:47:47.305] [DEBUG] debug-file - default@CompileArkTS work[8] is dispatched.
[2026-06-02T17:47:47.305] [DEBUG] debug-file - CopyResources startTime: 4970081503900
[2026-06-02T17:47:47.305] [DEBUG] debug-file - default@CompileArkTS work[9] is submitted.
[2026-06-02T17:47:47.305] [DEBUG] debug-file - default@CompileArkTS work[9] is pushed to ready queue.
[2026-06-02T17:47:47.305] [DEBUG] debug-file - A work dispatched to worker[31] failed because unable to get work from ready queue.
[2026-06-02T17:47:47.305] [DEBUG] debug-file - Create  resident worker with id: 30.
[2026-06-02T17:47:47.306] [DEBUG] debug-file - default@CompileArkTS work[9] has been dispatched to worker[30].
[2026-06-02T17:47:47.306] [DEBUG] debug-file - default@CompileArkTS work[9] is dispatched.
[2026-06-02T17:47:47.306] [DEBUG] debug-file - entry : default@CompileArkTS cost memory 1.5946273803710938
[2026-06-02T17:47:47.307] [DEBUG] debug-file - Executing task :entry:default@BuildJS
[2026-06-02T17:47:47.308] [DEBUG] debug-file - Task 'entry:default@BuildJS' cost while wrapping incremental declarations: 1 ms 
[2026-06-02T17:47:47.309] [DEBUG] debug-file - entry : default@BuildJS cost memory 0.1483306884765625
[2026-06-02T17:47:47.309] [DEBUG] debug-file - runTaskFromQueue task cost before running: 275 ms 
[2026-06-02T17:47:47.310] [INFO] debug-file - Finished :entry:default@BuildJS... after 3 ms 
[2026-06-02T17:47:47.311] [DEBUG] debug-file - Executing task :entry:default@CacheNativeLibs
[2026-06-02T17:47:47.311] [DEBUG] debug-file - Task 'entry:default@CacheNativeLibs' cost while wrapping incremental declarations: 1 ms 
[2026-06-02T17:47:47.312] [DEBUG] debug-file - Incremental task entry:default@CacheNativeLibs pre-execution cost: 1 ms .
[2026-06-02T17:47:47.312] [DEBUG] debug-file - entry : default@CacheNativeLibs cost memory 0.08861541748046875
[2026-06-02T17:47:47.312] [INFO] debug-file - UP-TO-DATE :entry:default@CacheNativeLibs...  
[2026-06-02T17:47:48.118] [WARN] debug-file - [33mWARN: [33m[33mArkTS:WARN File: C:/Users/27843/Downloads/RingtoneKit_Codelab_/entry/src/main/ets/pages/Index.ets:146:7
 Function may throw exceptions. Special handling is required.
[39m[39m
[33mWARN: [33m[33mArkTS:WARN File: C:/Users/27843/Downloads/RingtoneKit_Codelab_/entry/src/main/ets/pages/Index.ets:149:5
 Function may throw exceptions. Special handling is required.
[39m[39m
[33mWARN: [33m[33mArkTS:WARN File: C:/Users/27843/Downloads/RingtoneKit_Codelab_/entry/src/main/ets/pages/Index.ets:158:7
 Function may throw exceptions. Special handling is required.
[39m[39m
[33mWARN: [33m[33mArkTS:WARN File: C:/Users/27843/Downloads/RingtoneKit_Codelab_/entry/src/main/ets/pages/Index.ets:162:5
 The system capacity of this api 'ringtone' is not supported on all devices
[39m[39m
[33mWARN: [33m[33mArkTS:WARN File: C:/Users/27843/Downloads/RingtoneKit_Codelab_/entry/src/main/ets/pages/Index.ets:162:14
 The system capacity of this api 'startRingtoneSetting' is not supported on all devices
[39m[39m
[33mWARN: [33m[33mArkTS:WARN File: C:/Users/27843/Downloads/RingtoneKit_Codelab_/entry/src/main/ets/pages/Index.ets:167:24
 The system capacity of this api 'ringtone' is not supported on all devices
[39m[39m
[33mWARN: [33m[33mArkTS:WARN File: C:/Users/27843/Downloads/RingtoneKit_Codelab_/entry/src/main/ets/pages/Index.ets:167:33
 The system capacity of this api 'RingtoneErrors' is not supported on all devices
[39m[39m
[33mWARN: [33m[33mArkTS:WARN File: C:/Users/27843/Downloads/RingtoneKit_Codelab_/entry/src/main/ets/pages/Index.ets:167:48
 The system capacity of this api 'ERROR_FILE_NOT_FOUND' is not supported on all devices
[39m[39m

[2026-06-02T17:47:48.118] [DEBUG] debug-file - Ark compile task finished.finished time is 4970894955000
[2026-06-02T17:47:48.119] [DEBUG] debug-file - worker[4] has one work done.
[2026-06-02T17:47:48.120] [DEBUG] debug-file - default@CompileArkTS work[8] done.
[2026-06-02T17:47:48.120] [DEBUG] debug-file - A work dispatched to worker[4] failed because unable to get work from ready queue.
[2026-06-02T17:47:48.560] [DEBUG] debug-file - worker[30] has one work done.
[2026-06-02T17:47:48.560] [DEBUG] debug-file - CopyResources is end, endTime: 4971336528100
[2026-06-02T17:47:48.560] [DEBUG] debug-file - default@CompileArkTS work[9] done.
[2026-06-02T17:47:48.560] [DEBUG] debug-file - A work dispatched to worker[30] failed because unable to get work from ready queue.
[2026-06-02T17:47:48.562] [INFO] debug-file - Finished :entry:default@CompileArkTS... after 839 ms 
[2026-06-02T17:47:48.563] [DEBUG] debug-file - Executing task :entry:default@GeneratePkgModuleJson
[2026-06-02T17:47:48.564] [DEBUG] debug-file - File: 'C:\Users\27843\Downloads\RingtoneKit_Codelab_\entry\build\default\intermediates\preload\default\preload.json' from 'preloadSoJsonPath' is not exists, just ignore.
[2026-06-02T17:47:48.564] [DEBUG] debug-file - Error occurs while handling @Input 'shouldDeduplicateHar': The "data" argument must be of type string or an instance of Buffer, TypedArray, or DataView. Received undefined
[2026-06-02T17:47:48.564] [DEBUG] debug-file - Task 'entry:default@GeneratePkgModuleJson' cost while wrapping incremental declarations: 1 ms 
[2026-06-02T17:47:48.565] [DEBUG] debug-file - Incremental task entry:default@GeneratePkgModuleJson pre-execution cost: 1 ms .
[2026-06-02T17:47:48.565] [DEBUG] debug-file - entry : default@GeneratePkgModuleJson cost memory 0.10117340087890625
[2026-06-02T17:47:48.565] [INFO] debug-file - UP-TO-DATE :entry:default@GeneratePkgModuleJson...  
[2026-06-02T17:47:48.566] [DEBUG] debug-file - Executing task :entry:default@ProcessCompiledResources
[2026-06-02T17:47:48.566] [DEBUG] debug-file - File: 'C:\Users\27843\Downloads\RingtoneKit_Codelab_\entry\build\default\intermediates\preload\default\preload.json' from 'preloadSoJsonPath' is not exists, just ignore.
[2026-06-02T17:47:48.566] [DEBUG] debug-file - Task 'entry:default@ProcessCompiledResources' cost while wrapping incremental declarations: 1 ms 
[2026-06-02T17:47:48.566] [DEBUG] debug-file - entry : default@ProcessCompiledResources cost memory 0.1078643798828125
[2026-06-02T17:47:48.566] [DEBUG] debug-file - runTaskFromQueue task cost before running: 1 s 531 ms 
[2026-06-02T17:47:48.567] [INFO] debug-file - Finished :entry:default@ProcessCompiledResources... after 1 ms 
[2026-06-02T17:47:48.568] [DEBUG] debug-file - Executing task :entry:default@PackageHap
[2026-06-02T17:47:48.572] [DEBUG] debug-file - entry:default@PackageHap is not up-to-date, since the input file 'C:\Users\27843\Downloads\RingtoneKit_Codelab_\entry\build\default\intermediates\loader_out\default\ets' has been changed.
[2026-06-02T17:47:48.572] [DEBUG] debug-file - Incremental task entry:default@PackageHap pre-execution cost: 4 ms .
[2026-06-02T17:47:48.573] [DEBUG] debug-file - Use tool [C:\Program Files\Huawei\DevEco Studio\sdk\default\openharmony\toolchains\lib\app_packing_tool.jar]
 [
  'java',
  '-Dfile.encoding=GBK',
  '-jar',
  'C:\\Program Files\\Huawei\\DevEco Studio\\sdk\\default\\openharmony\\toolchains\\lib\\app_packing_tool.jar',
  '--mode',
  'hap',
  '--force',
  'true',
  '--lib-path',
  'C:\\Users\\27843\\Downloads\\RingtoneKit_Codelab_\\entry\\build\\default\\intermediates\\stripped_native_libs\\default',
  '--json-path',
  'C:\\Users\\27843\\Downloads\\RingtoneKit_Codelab_\\entry\\build\\default\\intermediates\\package\\default\\module.json',
  '--resources-path',
  'C:\\Users\\27843\\Downloads\\RingtoneKit_Codelab_\\entry\\build\\default\\intermediates\\res\\default\\resources',
  '--index-path',
  'C:\\Users\\27843\\Downloads\\RingtoneKit_Codelab_\\entry\\build\\default\\intermediates\\res\\default\\resources.index',
  '--pack-info-path',
  'C:\\Users\\27843\\Downloads\\RingtoneKit_Codelab_\\entry\\build\\default\\outputs\\default\\pack.info',
  '--out-path',
  'C:\\Users\\27843\\Downloads\\RingtoneKit_Codelab_\\entry\\build\\default\\outputs\\default\\entry-default-unsigned.hap',
  '--ets-path',
  'C:\\Users\\27843\\Downloads\\RingtoneKit_Codelab_\\entry\\build\\default\\intermediates\\loader_out\\default\\ets'
]
[2026-06-02T17:47:48.605] [DEBUG] debug-file - java daemon socket received message:{"code":0,"message":"pack success"}
[2026-06-02T17:47:48.609] [DEBUG] debug-file - entry : default@PackageHap cost memory 0.6224441528320312
[2026-06-02T17:47:48.609] [DEBUG] debug-file - runTaskFromQueue task cost before running: 1 s 574 ms 
[2026-06-02T17:47:48.610] [INFO] debug-file - Finished :entry:default@PackageHap... after 41 ms 
[2026-06-02T17:47:48.611] [DEBUG] debug-file - Executing task :entry:default@PackingCheck
[2026-06-02T17:47:48.616] [DEBUG] debug-file - entry : default@PackingCheck cost memory 0.38234710693359375
[2026-06-02T17:47:48.616] [DEBUG] debug-file - runTaskFromQueue task cost before running: 1 s 581 ms 
[2026-06-02T17:47:48.616] [INFO] debug-file - Finished :entry:default@PackingCheck... after 5 ms 
[2026-06-02T17:47:48.617] [DEBUG] debug-file - Executing task :entry:default@SignHap
[2026-06-02T17:47:48.617] [WARN] debug-file - Will skip sign 'hos_hap'. No signingConfigs profile is configured in current project.
             If needed, configure the signingConfigs in C:\Users\27843\Downloads\RingtoneKit_Codelab_\build-profile.json5.
[2026-06-02T17:47:48.617] [DEBUG] debug-file - entry:default@SignHap is not up-to-date, since the input file 'C:\Users\27843\Downloads\RingtoneKit_Codelab_\entry\build\default\outputs\default\entry-default-unsigned.hap' has been changed.
[2026-06-02T17:47:48.618] [DEBUG] debug-file - Incremental task entry:default@SignHap pre-execution cost: 1 ms .
[2026-06-02T17:47:48.618] [DEBUG] debug-file - entry : default@SignHap cost memory 0.087646484375
[2026-06-02T17:47:48.618] [DEBUG] debug-file - runTaskFromQueue task cost before running: 1 s 583 ms 
[2026-06-02T17:47:48.618] [INFO] debug-file - Finished :entry:default@SignHap... after 2 ms 
[2026-06-02T17:47:48.619] [DEBUG] debug-file - Executing task :entry:default@CollectDebugSymbol
[2026-06-02T17:47:48.620] [DEBUG] debug-file - entry : default@CollectDebugSymbol cost memory 0.09622955322265625
[2026-06-02T17:47:48.620] [DEBUG] debug-file - runTaskFromQueue task cost before running: 1 s 585 ms 
[2026-06-02T17:47:48.620] [INFO] debug-file - Finished :entry:default@CollectDebugSymbol... after 1 ms 
[2026-06-02T17:47:48.620] [DEBUG] debug-file - Executing task :entry:assembleHap
[2026-06-02T17:47:48.620] [DEBUG] debug-file - entry : assembleHap cost memory 0.0122528076171875
[2026-06-02T17:47:48.620] [DEBUG] debug-file - runTaskFromQueue task cost before running: 1 s 585 ms 
[2026-06-02T17:47:48.620] [INFO] debug-file - Finished :entry:assembleHap... after 1 ms 
[2026-06-02T17:47:48.658] [INFO] debug-file - BUILD SUCCESSFUL in 1 s 623 ms 
[2026-06-02T17:47:48.658] [DEBUG] debug-file - There is no need to refresh cache, since the incremental task entry:default@PreBuild is up-to-date.
[2026-06-02T17:47:48.658] [DEBUG] debug-file - Update task entry:default@CreateModuleInfo output file:C:\Users\27843\Downloads\RingtoneKit_Codelab_\entry\build\default\generated\profile\default\ModuleInfo.ts cache.
[2026-06-02T17:47:48.658] [DEBUG] debug-file - Incremental task entry:default@CreateModuleInfo post-execution cost:1 ms .
[2026-06-02T17:47:48.658] [DEBUG] debug-file - There is no need to refresh cache, since the incremental task entry:default@GenerateMetadata is up-to-date.
[2026-06-02T17:47:48.658] [DEBUG] debug-file - There is no need to refresh cache, since the incremental task entry:default@MergeProfile is up-to-date.
[2026-06-02T17:47:48.658] [DEBUG] debug-file - There is no need to refresh cache, since the incremental task entry:default@CreateBuildProfile is up-to-date.
[2026-06-02T17:47:48.659] [DEBUG] debug-file - Update task entry:default@GeneratePkgContextInfo output file:C:\Users\27843\Downloads\RingtoneKit_Codelab_\entry\build\default\intermediates\loader\default\pkgContextInfo.json cache.
[2026-06-02T17:47:48.659] [DEBUG] debug-file - Incremental task entry:default@GeneratePkgContextInfo post-execution cost:1 ms .
[2026-06-02T17:47:48.659] [DEBUG] debug-file - Update task entry:default@ProcessIntegratedHsp output file:C:\Users\27843\Downloads\RingtoneKit_Codelab_\build\cache\default\integrated_hsp\integratedHspCache.json cache.
[2026-06-02T17:47:48.659] [DEBUG] debug-file - Incremental task entry:default@ProcessIntegratedHsp post-execution cost:1 ms .
[2026-06-02T17:47:48.659] [DEBUG] debug-file - There is no need to refresh cache, since the incremental task entry:default@MakePackInfo is up-to-date.
[2026-06-02T17:47:48.659] [DEBUG] debug-file - Update task entry:default@SyscapTransform input file:C:\Program Files\Huawei\DevEco Studio\sdk\default\openharmony\toolchains\syscap_tool.exe cache by regenerate.
[2026-06-02T17:47:48.659] [DEBUG] debug-file - Update task entry:default@SyscapTransform input file:C:\Program Files\Huawei\DevEco Studio\sdk\default\openharmony\ets\api\device-define cache by regenerate.
[2026-06-02T17:47:48.660] [DEBUG] debug-file - Update task entry:default@SyscapTransform output file:C:\Users\27843\Downloads\RingtoneKit_Codelab_\entry\build\default\intermediates\syscap\default\rpcid.sc cache.
[2026-06-02T17:47:48.660] [DEBUG] debug-file - Incremental task entry:default@SyscapTransform post-execution cost:2 ms .
[2026-06-02T17:47:48.660] [DEBUG] debug-file - There is no need to refresh cache, since the incremental task entry:default@ProcessProfile is up-to-date.
[2026-06-02T17:47:48.660] [DEBUG] debug-file - There is no need to refresh cache, since the incremental task entry:default@ProcessRouterMap is up-to-date.
[2026-06-02T17:47:48.660] [DEBUG] debug-file - There is no need to refresh cache, since the incremental task entry:default@ProcessShareConfig is up-to-date.
[2026-06-02T17:47:48.661] [DEBUG] debug-file - Update task entry:default@ProcessStartupConfig output file:C:\Users\27843\Downloads\RingtoneKit_Codelab_\entry\build\default\intermediates\startup\default\startup_config.json cache.
[2026-06-02T17:47:48.661] [DEBUG] debug-file - Incremental task entry:default@ProcessStartupConfig post-execution cost:1 ms .
[2026-06-02T17:47:48.661] [DEBUG] debug-file - There is no need to refresh cache, since the incremental task entry:default@ProcessResource is up-to-date.
[2026-06-02T17:47:48.661] [DEBUG] debug-file - There is no need to refresh cache, since the incremental task entry:default@GenerateLoaderJson is up-to-date.
[2026-06-02T17:47:48.661] [DEBUG] debug-file - There is no need to refresh cache, since the incremental task entry:default@ProcessLibs is up-to-date.
[2026-06-02T17:47:48.661] [DEBUG] debug-file - There is no need to refresh cache, since the incremental task entry:default@CompileResource is up-to-date.
[2026-06-02T17:47:48.661] [DEBUG] debug-file - There is no need to refresh cache, since the incremental task entry:default@DoNativeStrip is up-to-date.
[2026-06-02T17:47:48.662] [DEBUG] debug-file - Update task entry:default@CompileArkTS input file:C:\Users\27843\Downloads\RingtoneKit_Codelab_\entry\build\default\intermediates\loader\default cache by regenerate.
[2026-06-02T17:47:48.663] [DEBUG] debug-file - Update task entry:default@CompileArkTS input file:C:\Users\27843\Downloads\RingtoneKit_Codelab_\entry\build\default\intermediates\res\default\ResourceTable.txt cache by regenerate.
[2026-06-02T17:47:48.663] [DEBUG] debug-file - Update task entry:default@CompileArkTS input file:C:\Users\27843\Downloads\RingtoneKit_Codelab_\entry\build\default\intermediates\res\default\ark_module.json cache by regenerate.
[2026-06-02T17:47:48.663] [DEBUG] debug-file - Update task entry:default@CompileArkTS input file:C:\Users\27843\Downloads\RingtoneKit_Codelab_\entry\build\default\intermediates\res\default\resources\base\profile cache by regenerate.
[2026-06-02T17:47:48.663] [DEBUG] debug-file - Update task entry:default@CompileArkTS input file:C:\Users\27843\Downloads\RingtoneKit_Codelab_\entry\src\main\ets cache from map.
[2026-06-02T17:47:48.664] [DEBUG] debug-file - Update task entry:default@CompileArkTS input file:C:\Users\27843\Downloads\RingtoneKit_Codelab_\entry\build\default\generated\profile\default\BuildProfile.ets cache by regenerate.
[2026-06-02T17:47:48.664] [DEBUG] debug-file - Update task entry:default@CompileArkTS output file:C:\Users\27843\Downloads\RingtoneKit_Codelab_\entry\build\default\intermediates\loader_out\default\ets cache.
[2026-06-02T17:47:48.665] [DEBUG] debug-file - Incremental task entry:default@CompileArkTS post-execution cost:4 ms .
[2026-06-02T17:47:48.665] [DEBUG] debug-file - Update task entry:default@BuildJS input file:C:\Users\27843\Downloads\RingtoneKit_Codelab_\entry\build\default\intermediates\loader\default cache by regenerate.
[2026-06-02T17:47:48.666] [DEBUG] debug-file - Update task entry:default@BuildJS input file:C:\Users\27843\Downloads\RingtoneKit_Codelab_\entry\build\default\intermediates\res\default\ResourceTable.txt cache by regenerate.
[2026-06-02T17:47:48.666] [DEBUG] debug-file - Update task entry:default@BuildJS input file:C:\Users\27843\Downloads\RingtoneKit_Codelab_\entry\build\default\intermediates\res\default\ark_module.json cache by regenerate.
[2026-06-02T17:47:48.666] [DEBUG] debug-file - Update task entry:default@BuildJS input file:C:\Users\27843\Downloads\RingtoneKit_Codelab_\entry\build\default\intermediates\res\default\resources\base\profile cache by regenerate.
[2026-06-02T17:47:48.667] [DEBUG] debug-file - Update task entry:default@BuildJS output file:C:\Users\27843\Downloads\RingtoneKit_Codelab_\entry\build\default\intermediates\loader_out\default\js cache.
[2026-06-02T17:47:48.667] [DEBUG] debug-file - Incremental task entry:default@BuildJS post-execution cost:3 ms .
[2026-06-02T17:47:48.667] [DEBUG] debug-file - There is no need to refresh cache, since the incremental task entry:default@CacheNativeLibs is up-to-date.
[2026-06-02T17:47:48.667] [DEBUG] debug-file - There is no need to refresh cache, since the incremental task entry:default@GeneratePkgModuleJson is up-to-date.
[2026-06-02T17:47:48.667] [DEBUG] debug-file - Incremental task entry:default@ProcessCompiledResources post-execution cost:1 ms .
[2026-06-02T17:47:48.667] [DEBUG] debug-file - Update task entry:default@PackageHap input file:C:\Users\27843\Downloads\RingtoneKit_Codelab_\entry\build\default\intermediates\stripped_native_libs\default cache by regenerate.
[2026-06-02T17:47:48.667] [DEBUG] debug-file - Update task entry:default@PackageHap input file:C:\Users\27843\Downloads\RingtoneKit_Codelab_\entry\build\default\intermediates\res\default\module.json cache by regenerate.
[2026-06-02T17:47:48.668] [DEBUG] debug-file - Update task entry:default@PackageHap input file:C:\Users\27843\Downloads\RingtoneKit_Codelab_\entry\build\default\intermediates\res\default\resources cache by regenerate.
[2026-06-02T17:47:48.669] [DEBUG] debug-file - Update task entry:default@PackageHap input file:C:\Users\27843\Downloads\RingtoneKit_Codelab_\entry\build\default\intermediates\res\default\resources.index cache by regenerate.
[2026-06-02T17:47:48.669] [DEBUG] debug-file - Update task entry:default@PackageHap input file:C:\Users\27843\Downloads\RingtoneKit_Codelab_\entry\build\default\outputs\default\pack.info cache by regenerate.
[2026-06-02T17:47:48.670] [DEBUG] debug-file - Update task entry:default@PackageHap input file:C:\Users\27843\Downloads\RingtoneKit_Codelab_\entry\build\default\intermediates\loader_out\default\ets cache from map.
[2026-06-02T17:47:48.670] [DEBUG] debug-file - Update task entry:default@PackageHap input file:C:\Users\27843\Downloads\RingtoneKit_Codelab_\entry\build\default\intermediates\loader_out\default\ets\sourceMaps.map cache by regenerate.
[2026-06-02T17:47:48.670] [DEBUG] debug-file - Update task entry:default@PackageHap input file:C:\Users\27843\Downloads\RingtoneKit_Codelab_\entry\build\default\generated\profile\default\BuildProfile.ets cache by regenerate.
[2026-06-02T17:47:48.670] [DEBUG] debug-file - Update task entry:default@PackageHap output file:C:\Users\27843\Downloads\RingtoneKit_Codelab_\entry\build\default\outputs\default\entry-default-unsigned.hap cache.
[2026-06-02T17:47:48.670] [DEBUG] debug-file - Update task entry:default@PackageHap output file:C:\Users\27843\Downloads\RingtoneKit_Codelab_\entry\build\default\intermediates\source_map\default\sourceMaps.map cache.
[2026-06-02T17:47:48.671] [DEBUG] debug-file - Update task entry:default@PackageHap output file:C:\Users\27843\Downloads\RingtoneKit_Codelab_\entry\build\default\outputs\default\mapping\sourceMaps.map cache.
[2026-06-02T17:47:48.671] [DEBUG] debug-file - Incremental task entry:default@PackageHap post-execution cost:4 ms .
[2026-06-02T17:47:48.671] [DEBUG] debug-file - Update task entry:default@SignHap input file:C:\Users\27843\Downloads\RingtoneKit_Codelab_\entry\build\default\outputs\default\entry-default-unsigned.hap cache from map.
[2026-06-02T17:47:48.671] [DEBUG] debug-file - Update task entry:default@SignHap output file:C:\Users\27843\Downloads\RingtoneKit_Codelab_\entry\build\default\outputs\default\entry-default-signed.hap cache.
[2026-06-02T17:47:48.671] [DEBUG] debug-file - Incremental task entry:default@SignHap post-execution cost:1 ms .
[2026-06-02T17:47:48.672] [DEBUG] debug-file - Update task entry:default@CollectDebugSymbol input file:C:\Users\27843\Downloads\RingtoneKit_Codelab_\entry\build\default\intermediates\loader_out\default\ets\sourceMaps.map cache by regenerate.
[2026-06-02T17:47:48.672] [DEBUG] debug-file - Update task entry:default@CollectDebugSymbol input file:C:\Users\27843\Downloads\RingtoneKit_Codelab_\entry\build\default\intermediates\libs\default cache by regenerate.
[2026-06-02T17:47:48.672] [DEBUG] debug-file - Update task entry:default@CollectDebugSymbol output file:C:\Users\27843\Downloads\RingtoneKit_Codelab_\entry\build\default\outputs\default\symbol cache.
[2026-06-02T17:47:48.673] [DEBUG] debug-file - Incremental task entry:default@CollectDebugSymbol post-execution cost:1 ms .
[2026-06-02T17:47:48.721] [DEBUG] debug-file - Cleanup worker 30.
[2026-06-02T17:47:48.721] [DEBUG] debug-file - Worker 30 has been cleaned up.
[2026-06-02T17:47:48.721] [DEBUG] debug-file - Current idle worker size: 1.
[2026-06-02T17:47:48.722] [DEBUG] debug-file - Current resident worker size: 2.
[2026-06-02T17:47:48.722] [DEBUG] debug-file - hvigor build process will be closed.
[2026-06-02T17:47:48.722] [DEBUG] debug-file - java daemon socket close code:1000 reason:close by user
[2026-06-02T17:47:48.725] [DEBUG] debug-file - session manager: send message to worker process.
[2026-06-02T17:47:48.725] [DEBUG] debug-file - session manager: send message to worker process.
[2026-06-02T17:47:48.725] [DEBUG] debug-file - watch worker: worker id should be larger than 0. Nothing will be sent to any worker thread.
[2026-06-02T17:47:48.725] [DEBUG] debug-file - watch worker: worker id should be larger than 0. Nothing will be sent to any worker thread.
[2026-06-02T17:47:48.731] [DEBUG] debug-file - worker[30] exits with exit code 1.
[2026-06-02T17:54:06.559] [DEBUG] debug-file - session manager: set active socket. socketId=eQi37dO-w2UIbAJuAAAR
[2026-06-02T17:54:06.563] [DEBUG] debug-file - watch worker: worker id should be larger than 0. Nothing will be sent to any worker thread.
[2026-06-02T17:54:06.566] [DEBUG] debug-file - Workers' log level updated to INFO
[2026-06-02T17:54:06.569] [DEBUG] debug-file - Hvigor init with startParameters:{
  hvigorfileTypeCheck: false,
  parallelExecution: true,
  incrementalExecution: true,
  printStackTrace: false,
  daemon: true,
  analyze: 0,
  logLevel: Level { level: 20000, levelStr: 'INFO', colour: 'green' },
  optimizationStrategy: 'memory',
  hotCompile: undefined,
  hotReloadBuild: undefined,
  customizedParam: undefined
}
[2026-06-02T17:54:06.574] [DEBUG] debug-file - Cache service initialization finished in 5 ms 
[2026-06-02T17:54:06.575] [DEBUG] debug-file - hvigorfile, resolving C:\Users\27843\Downloads\RingtoneKit_Codelab_\hvigorfile.ts
[2026-06-02T17:54:06.581] [DEBUG] debug-file - hvigorfile, require result:  { default: { plugins: [] } }
[2026-06-02T17:54:06.581] [DEBUG] debug-file - hvigorfile, binding system plugins null
[2026-06-02T17:54:06.582] [DEBUG] debug-file - Starting plugin build process
[2026-06-02T17:54:06.582] [DEBUG] debug-file - App plugin prepare start...
[2026-06-02T17:54:06.582] [DEBUG] debug-file - App plugin prepare end...
[2026-06-02T17:54:06.582] [DEBUG] debug-file - App plugin creating...
[2026-06-02T17:54:06.587] [DEBUG] debug-file - App plugin register hook start...
[2026-06-02T17:54:06.587] [DEBUG] debug-file - App plugin register hook end...
[2026-06-02T17:54:06.587] [DEBUG] debug-file - Plugin build process completed
[2026-06-02T17:54:06.587] [DEBUG] debug-file - Start initialize project's product build option map with build mode debug.
[2026-06-02T17:54:06.587] [DEBUG] debug-file - Picking option from product 'default' with build mode 'debug'.
[2026-06-02T17:54:06.587] [DEBUG] debug-file - Product 'default' build option initialized
[2026-06-02T17:54:06.588] [DEBUG] debug-file - End initialize project's product build option map with build mode 'debug'.
[2026-06-02T17:54:06.588] [DEBUG] debug-file - Obtain build option for product 'default'in this build.
[2026-06-02T17:54:06.590] [DEBUG] debug-file - No signingConfig found, initRemoteHspCache failed.
[2026-06-02T17:54:06.592] [DEBUG] debug-file - Start recording SDK configuration permission data.
[2026-06-02T17:54:06.621] [DEBUG] debug-file - Sdk init in 31 ms 
[2026-06-02T17:54:06.624] [DEBUG] debug-file - Project task initialization takes 3 ms 
[2026-06-02T17:54:06.624] [DEBUG] debug-file - hvigorfile, binding custom plugins []
[2026-06-02T17:54:06.624] [DEBUG] debug-file - hvigorfile, no custom plugins were found in C:\Users\27843\Downloads\RingtoneKit_Codelab_\hvigorfile.ts
[2026-06-02T17:54:06.624] [DEBUG] debug-file - hvigorfile, resolve finished C:\Users\27843\Downloads\RingtoneKit_Codelab_\hvigorfile.ts
[2026-06-02T17:54:06.625] [DEBUG] debug-file - hvigorfile, resolving C:\Users\27843\Downloads\RingtoneKit_Codelab_\entry\hvigorfile.ts
[2026-06-02T17:54:06.627] [DEBUG] debug-file - hvigorfile, require result:  { default: { plugins: [] } }
[2026-06-02T17:54:06.628] [DEBUG] debug-file - hvigorfile, binding system plugins null
[2026-06-02T17:54:06.628] [DEBUG] debug-file - Starting plugin build process
[2026-06-02T17:54:06.628] [DEBUG] debug-file - Hap plugin creating...
[2026-06-02T17:54:06.628] [DEBUG] debug-file - failed to load cangjie to dynamically generate schemas: Error: Cannot find module '@ohos/cangjie-build-support/index'
Require stack:
- C:\Program Files\Huawei\DevEco Studio\tools\hvigor\hvigor-ohos-plugin\src\plugin\hooks\cangjie-register.js
- C:\Program Files\Huawei\DevEco Studio\tools\hvigor\hvigor-ohos-plugin\src\plugin\strategy\stage-init-strategy.js
- C:\Program Files\Huawei\DevEco Studio\tools\hvigor\hvigor-ohos-plugin\src\plugin\builder\abstract-plugin-builder.js
- C:\Program Files\Huawei\DevEco Studio\tools\hvigor\hvigor-ohos-plugin\src\plugin\builder\app-plugin-builder.js
- C:\Program Files\Huawei\DevEco Studio\tools\hvigor\hvigor-ohos-plugin\src\plugin\factory\plugin-factory.js
- C:\Program Files\Huawei\DevEco Studio\tools\hvigor\hvigor-ohos-plugin\index.js
- C:\Users\27843\Downloads\RingtoneKit_Codelab_\hvigorfile.ts
- C:\Program Files\Huawei\DevEco Studio\tools\hvigor\hvigor\src\base\internal\lifecycle\configuration.js
- C:\Program Files\Huawei\DevEco Studio\tools\hvigor\hvigor\src\base\boot\index.js
- C:\Program Files\Huawei\DevEco Studio\tools\hvigor\hvigor\src\base\daemon\cluster\worker-process-lifecycle.js
- C:\Program Files\Huawei\DevEco Studio\tools\hvigor\hvigor\src\base\daemon\process\daemon-process-boot-script.js
[2026-06-02T17:54:06.631] [DEBUG] debug-file - Start initialize module-target build option map, moduleName=entry, buildMode=debug
[2026-06-02T17:54:06.631] [DEBUG] debug-file - Target 'default' config initialized
[2026-06-02T17:54:06.631] [DEBUG] debug-file - Module 'entry' target 'default' build option initialized
[2026-06-02T17:54:06.631] [DEBUG] debug-file - End initialize module-target build option map, moduleName=entry
[2026-06-02T17:54:06.631] [DEBUG] debug-file - Start initialize module-target build option map, moduleName=entry, buildMode=release
[2026-06-02T17:54:06.631] [DEBUG] debug-file - Target 'default' config initialized
[2026-06-02T17:54:06.631] [DEBUG] debug-file - Module 'entry' target 'default' build option initialized
[2026-06-02T17:54:06.631] [DEBUG] debug-file - End initialize module-target build option map, moduleName=entry
[2026-06-02T17:54:06.631] [DEBUG] debug-file - Start initialize module-target build option map, moduleName=entry, buildMode=debug
[2026-06-02T17:54:06.631] [DEBUG] debug-file - Target 'default' config initialized
[2026-06-02T17:54:06.631] [DEBUG] debug-file - Module 'entry' target 'default' build option initialized
[2026-06-02T17:54:06.631] [DEBUG] debug-file - End initialize module-target build option map, moduleName=entry
[2026-06-02T17:54:06.631] [DEBUG] debug-file - Obtain build option for module 'entry' target 'default'in this build.
[2026-06-02T17:54:06.634] [DEBUG] debug-file - Module entry task initialization takes 3 ms 
[2026-06-02T17:54:06.634] [DEBUG] debug-file - Hap plugin register hook start...
[2026-06-02T17:54:06.634] [DEBUG] debug-file - Hap plugin register hook end...
[2026-06-02T17:54:06.634] [DEBUG] debug-file - Plugin build process completed
[2026-06-02T17:54:06.634] [DEBUG] debug-file - hvigorfile, binding custom plugins []
[2026-06-02T17:54:06.634] [DEBUG] debug-file - hvigorfile, no custom plugins were found in C:\Users\27843\Downloads\RingtoneKit_Codelab_\entry\hvigorfile.ts
[2026-06-02T17:54:06.634] [DEBUG] debug-file - hvigorfile, resolve finished C:\Users\27843\Downloads\RingtoneKit_Codelab_\entry\hvigorfile.ts
[2026-06-02T17:54:06.705] [DEBUG] debug-file - hvigorfile, resolve hvigorfile dependencies in 70 ms 
[2026-06-02T17:54:06.705] [DEBUG] debug-file - project has submodules:entry
[2026-06-02T17:54:06.706] [DEBUG] debug-file - start to load updatedOhPackageInfo to the disk
[2026-06-02T17:54:06.716] [DEBUG] debug-file - load to the disk finished
[2026-06-02T17:54:06.717] [DEBUG] debug-file - Start to initialize dependency information.
[2026-06-02T17:54:06.718] [DEBUG] debug-file - Module RingtoneKit_Codelab_ Collected Dependency: 
[2026-06-02T17:54:06.718] [DEBUG] debug-file - Module RingtoneKit_Codelab_'s total dependency: 0
[2026-06-02T17:54:06.718] [DEBUG] debug-file - Start to initialize dependency information.
[2026-06-02T17:54:06.720] [DEBUG] debug-file - Module entry Collected Dependency: 
[2026-06-02T17:54:06.720] [DEBUG] debug-file - Module entry's total dependency: 0
[2026-06-02T17:54:06.722] [DEBUG] debug-file - Configuration phase cost:148 ms 
[2026-06-02T17:54:06.723] [DEBUG] debug-file - Configuration task cost before running: 156 ms 
[2026-06-02T17:54:06.725] [DEBUG] debug-file - Executing task :entry:default@PreBuild
[2026-06-02T17:54:06.726] [WARN] debug-file - The project has not explicitly set the 'targetSdkVersion' version at build-profile.json5. It is recommended to configure it. Reference: https://developer.huawei.com/consumer/cn/doc/harmonyos-guides/ide-hvigor-build-profile-app#section45865492619
[2026-06-02T17:54:06.727] [DEBUG] debug-file - Task 'entry:default@PreBuild' cost while wrapping incremental declarations: 1 ms 
[2026-06-02T17:54:06.732] [DEBUG] debug-file - Incremental task entry:default@PreBuild pre-execution cost: 4 ms .
[2026-06-02T17:54:06.732] [DEBUG] debug-file - entry : default@PreBuild cost memory 0.3230743408203125
[2026-06-02T17:54:06.733] [INFO] debug-file - UP-TO-DATE :entry:default@PreBuild...  
[2026-06-02T17:54:06.734] [DEBUG] debug-file - Executing task :entry:default@CreateModuleInfo
[2026-06-02T17:54:06.734] [DEBUG] debug-file - Task 'entry:default@CreateModuleInfo' cost while wrapping incremental declarations: 1 ms 
[2026-06-02T17:54:06.735] [DEBUG] debug-file - entry : default@CreateModuleInfo cost memory 0.0398101806640625
[2026-06-02T17:54:06.735] [DEBUG] debug-file - runTaskFromQueue task cost before running: 168 ms 
[2026-06-02T17:54:06.735] [INFO] debug-file - Finished :entry:default@CreateModuleInfo... after 1 ms 
[2026-06-02T17:54:06.736] [DEBUG] debug-file - Executing task :entry:default@GenerateMetadata
[2026-06-02T17:54:06.736] [DEBUG] debug-file - Task 'entry:default@GenerateMetadata' cost while wrapping incremental declarations: 1 ms 
[2026-06-02T17:54:06.737] [DEBUG] debug-file - Incremental task entry:default@GenerateMetadata pre-execution cost: 1 ms .
[2026-06-02T17:54:06.737] [DEBUG] debug-file - entry : default@GenerateMetadata cost memory 0.081329345703125
[2026-06-02T17:54:06.737] [INFO] debug-file - UP-TO-DATE :entry:default@GenerateMetadata...  
[2026-06-02T17:54:06.738] [DEBUG] debug-file - Executing task :entry:default@ConfigureCmake
[2026-06-02T17:54:06.738] [DEBUG] debug-file - entry : default@ConfigureCmake cost memory 0.0140533447265625
[2026-06-02T17:54:06.738] [DEBUG] debug-file - runTaskFromQueue task cost before running: 172 ms 
[2026-06-02T17:54:06.738] [INFO] debug-file - Finished :entry:default@ConfigureCmake... after 1 ms 
[2026-06-02T17:54:06.739] [DEBUG] debug-file - Executing task :entry:default@MergeProfile
[2026-06-02T17:54:06.739] [DEBUG] debug-file - Task 'entry:default@MergeProfile' cost while wrapping incremental declarations: 1 ms 
[2026-06-02T17:54:06.740] [DEBUG] debug-file - Incremental task entry:default@MergeProfile pre-execution cost: 2 ms .
[2026-06-02T17:54:06.741] [DEBUG] debug-file - entry : default@MergeProfile cost memory 0.1202850341796875
[2026-06-02T17:54:06.741] [INFO] debug-file - UP-TO-DATE :entry:default@MergeProfile...  
[2026-06-02T17:54:06.742] [DEBUG] debug-file - Executing task :entry:default@CreateBuildProfile
[2026-06-02T17:54:06.742] [DEBUG] debug-file - Task 'entry:default@CreateBuildProfile' cost while wrapping incremental declarations: 1 ms 
[2026-06-02T17:54:06.743] [DEBUG] debug-file - Incremental task entry:default@CreateBuildProfile pre-execution cost: 1 ms .
[2026-06-02T17:54:06.743] [DEBUG] debug-file - entry : default@CreateBuildProfile cost memory 0.089202880859375
[2026-06-02T17:54:06.744] [INFO] debug-file - UP-TO-DATE :entry:default@CreateBuildProfile...  
[2026-06-02T17:54:06.745] [DEBUG] debug-file - Executing task :entry:default@PreCheckSyscap
[2026-06-02T17:54:06.745] [DEBUG] debug-file - entry : default@PreCheckSyscap cost memory 0.01427459716796875
[2026-06-02T17:54:06.745] [DEBUG] debug-file - runTaskFromQueue task cost before running: 179 ms 
[2026-06-02T17:54:06.745] [INFO] debug-file - Finished :entry:default@PreCheckSyscap... after 1 ms 
[2026-06-02T17:54:06.746] [DEBUG] debug-file - Executing task :entry:default@GeneratePkgContextInfo
[2026-06-02T17:54:06.748] [DEBUG] debug-file - Task 'entry:default@GeneratePkgContextInfo' cost while wrapping incremental declarations: 1 ms 
[2026-06-02T17:54:06.748] [DEBUG] debug-file - entry : default@GeneratePkgContextInfo cost memory 0.168701171875
[2026-06-02T17:54:06.749] [DEBUG] debug-file - runTaskFromQueue task cost before running: 182 ms 
[2026-06-02T17:54:06.749] [INFO] debug-file - Finished :entry:default@GeneratePkgContextInfo... after 3 ms 
[2026-06-02T17:54:06.751] [DEBUG] debug-file - Executing task :entry:default@ProcessIntegratedHsp
[2026-06-02T17:54:06.751] [DEBUG] debug-file - entry:default@ProcessIntegratedHsp is not up-to-date, since the output file 'C:\Users\27843\Downloads\RingtoneKit_Codelab_\build\cache\default\integrated_hsp\integratedHspCache.json' does not exist.
[2026-06-02T17:54:06.751] [DEBUG] debug-file - Incremental task entry:default@ProcessIntegratedHsp pre-execution cost: 1 ms .
[2026-06-02T17:54:06.751] [DEBUG] debug-file - entry : default@ProcessIntegratedHsp cost memory 0.0568695068359375
[2026-06-02T17:54:06.751] [DEBUG] debug-file - runTaskFromQueue task cost before running: 185 ms 
[2026-06-02T17:54:06.751] [INFO] debug-file - Finished :entry:default@ProcessIntegratedHsp... after 1 ms 
[2026-06-02T17:54:06.752] [DEBUG] debug-file - Executing task :entry:default@BuildNativeWithCmake
[2026-06-02T17:54:06.752] [DEBUG] debug-file - entry : default@BuildNativeWithCmake cost memory 0.013946533203125
[2026-06-02T17:54:06.752] [DEBUG] debug-file - runTaskFromQueue task cost before running: 186 ms 
[2026-06-02T17:54:06.752] [INFO] debug-file - Finished :entry:default@BuildNativeWithCmake... after 1 ms 
[2026-06-02T17:54:06.753] [DEBUG] debug-file - Executing task :entry:default@MakePackInfo
[2026-06-02T17:54:06.754] [DEBUG] debug-file - Incremental task entry:default@MakePackInfo pre-execution cost: 1 ms .
[2026-06-02T17:54:06.754] [DEBUG] debug-file - entry : default@MakePackInfo cost memory 0.098846435546875
[2026-06-02T17:54:06.755] [INFO] debug-file - UP-TO-DATE :entry:default@MakePackInfo...  
[2026-06-02T17:54:06.755] [DEBUG] debug-file - Executing task :entry:default@SyscapTransform
[2026-06-02T17:54:06.755] [DEBUG] debug-file - File: 'C:\Users\27843\Downloads\RingtoneKit_Codelab_\entry\src\main\syscap.json' from 'sysCapJsonPath' is not exists, just ignore.
[2026-06-02T17:54:06.756] [DEBUG] debug-file - Task 'entry:default@SyscapTransform' cost while wrapping incremental declarations: 1 ms 
[2026-06-02T17:54:06.757] [DEBUG] debug-file - entry:default@SyscapTransform is not up-to-date, since the output file 'C:\Users\27843\Downloads\RingtoneKit_Codelab_\entry\build\default\intermediates\syscap\default\rpcid.sc' does not exist.
[2026-06-02T17:54:06.757] [DEBUG] debug-file - Incremental task entry:default@SyscapTransform pre-execution cost: 2 ms .
[2026-06-02T17:54:06.757] [DEBUG] debug-file - entry : default@SyscapTransform cost memory 0.14475250244140625
[2026-06-02T17:54:06.758] [DEBUG] debug-file - runTaskFromQueue task cost before running: 191 ms 
[2026-06-02T17:54:06.758] [INFO] debug-file - Finished :entry:default@SyscapTransform... after 3 ms 
[2026-06-02T17:54:06.759] [DEBUG] debug-file - Executing task :entry:default@ProcessProfile
[2026-06-02T17:54:06.760] [DEBUG] debug-file - Task 'entry:default@ProcessProfile' cost while wrapping incremental declarations: 1 ms 
[2026-06-02T17:54:06.761] [DEBUG] debug-file - Incremental task entry:default@ProcessProfile pre-execution cost: 1 ms .
[2026-06-02T17:54:06.761] [DEBUG] debug-file - entry : default@ProcessProfile cost memory 0.12143707275390625
[2026-06-02T17:54:06.761] [INFO] debug-file - UP-TO-DATE :entry:default@ProcessProfile...  
[2026-06-02T17:54:06.762] [DEBUG] debug-file - Executing task :entry:default@ProcessRouterMap
[2026-06-02T17:54:06.763] [DEBUG] debug-file - Incremental task entry:default@ProcessRouterMap pre-execution cost: 2 ms .
[2026-06-02T17:54:06.763] [DEBUG] debug-file - entry : default@ProcessRouterMap cost memory 0.1334991455078125
[2026-06-02T17:54:06.764] [INFO] debug-file - UP-TO-DATE :entry:default@ProcessRouterMap...  
[2026-06-02T17:54:06.764] [DEBUG] debug-file - Executing task :entry:default@ProcessShareConfig
[2026-06-02T17:54:06.765] [DEBUG] debug-file - Incremental task entry:default@ProcessShareConfig pre-execution cost: 1 ms .
[2026-06-02T17:54:06.766] [DEBUG] debug-file - entry : default@ProcessShareConfig cost memory 0.1070404052734375
[2026-06-02T17:54:06.766] [INFO] debug-file - UP-TO-DATE :entry:default@ProcessShareConfig...  
[2026-06-02T17:54:06.767] [DEBUG] debug-file - Executing task :entry:default@ProcessStartupConfig
[2026-06-02T17:54:06.767] [DEBUG] debug-file - Task 'entry:default@ProcessStartupConfig' cost while wrapping incremental declarations: 1 ms 
[2026-06-02T17:54:06.767] [DEBUG] debug-file - entry:default@ProcessStartupConfig is not up-to-date, since the output file 'C:\Users\27843\Downloads\RingtoneKit_Codelab_\entry\build\default\intermediates\startup\default\startup_config.json' does not exist.
[2026-06-02T17:54:06.767] [DEBUG] debug-file - Incremental task entry:default@ProcessStartupConfig pre-execution cost: 1 ms .
[2026-06-02T17:54:06.767] [DEBUG] debug-file - entry : default@ProcessStartupConfig cost memory 0.0949859619140625
[2026-06-02T17:54:06.767] [DEBUG] debug-file - runTaskFromQueue task cost before running: 201 ms 
[2026-06-02T17:54:06.768] [INFO] debug-file - Finished :entry:default@ProcessStartupConfig... after 1 ms 
[2026-06-02T17:54:06.769] [DEBUG] debug-file - Executing task :entry:default@BuildNativeWithNinja
[2026-06-02T17:54:06.769] [DEBUG] debug-file - entry : default@BuildNativeWithNinja cost memory 0.02100372314453125
[2026-06-02T17:54:06.769] [DEBUG] debug-file - runTaskFromQueue task cost before running: 203 ms 
[2026-06-02T17:54:06.769] [INFO] debug-file - Finished :entry:default@BuildNativeWithNinja... after 1 ms 
[2026-06-02T17:54:06.770] [DEBUG] debug-file - restool module names: entry; moduleName=entry, taskName=default@ProcessResource
[2026-06-02T17:54:06.771] [DEBUG] debug-file - Executing task :entry:default@ProcessResource
[2026-06-02T17:54:06.771] [DEBUG] debug-file - Task 'entry:default@ProcessResource' cost while wrapping incremental declarations: 1 ms 
[2026-06-02T17:54:06.772] [DEBUG] debug-file - Incremental task entry:default@ProcessResource pre-execution cost: 1 ms .
[2026-06-02T17:54:06.772] [DEBUG] debug-file - entry : default@ProcessResource cost memory 0.1330718994140625
[2026-06-02T17:54:06.773] [INFO] debug-file - UP-TO-DATE :entry:default@ProcessResource...  
[2026-06-02T17:54:06.777] [DEBUG] debug-file - Executing task :entry:default@GenerateLoaderJson
[2026-06-02T17:54:06.777] [DEBUG] debug-file - Task 'entry:default@GenerateLoaderJson' cost while wrapping incremental declarations: 1 ms 
[2026-06-02T17:54:06.783] [DEBUG] debug-file - Incremental task entry:default@GenerateLoaderJson pre-execution cost: 4 ms .
[2026-06-02T17:54:06.783] [DEBUG] debug-file - entry : default@GenerateLoaderJson cost memory 0.7079849243164062
[2026-06-02T17:54:06.785] [INFO] debug-file - UP-TO-DATE :entry:default@GenerateLoaderJson...  
[2026-06-02T17:54:06.786] [DEBUG] debug-file - Executing task :entry:default@ProcessLibs
[2026-06-02T17:54:06.788] [DEBUG] debug-file - Incremental task entry:default@ProcessLibs pre-execution cost: 2 ms .
[2026-06-02T17:54:06.788] [DEBUG] debug-file - entry : default@ProcessLibs cost memory 0.1040802001953125
[2026-06-02T17:54:06.788] [INFO] debug-file - UP-TO-DATE :entry:default@ProcessLibs...  
[2026-06-02T17:54:06.789] [DEBUG] debug-file - restool module names: entry; moduleName=entry, taskName=default@CompileResource
[2026-06-02T17:54:06.790] [DEBUG] debug-file - Executing task :entry:default@CompileResource
[2026-06-02T17:54:06.799] [DEBUG] debug-file - Incremental task entry:default@CompileResource pre-execution cost: 8 ms .
[2026-06-02T17:54:06.799] [DEBUG] debug-file - entry : default@CompileResource cost memory 0.5733795166015625
[2026-06-02T17:54:06.800] [INFO] debug-file - UP-TO-DATE :entry:default@CompileResource...  
[2026-06-02T17:54:06.801] [DEBUG] debug-file - Executing task :entry:default@DoNativeStrip
[2026-06-02T17:54:06.801] [DEBUG] debug-file - Task 'entry:default@DoNativeStrip' cost while wrapping incremental declarations: 1 ms 
[2026-06-02T17:54:06.802] [DEBUG] debug-file - Incremental task entry:default@DoNativeStrip pre-execution cost: 1 ms .
[2026-06-02T17:54:06.802] [DEBUG] debug-file - entry : default@DoNativeStrip cost memory 0.07465362548828125
[2026-06-02T17:54:06.802] [INFO] debug-file - UP-TO-DATE :entry:default@DoNativeStrip...  
[2026-06-02T17:54:06.803] [DEBUG] debug-file - Executing task :entry:default@CompileArkTS
[2026-06-02T17:54:06.803] [DEBUG] debug-file - obfuscationOptions: undefined
[2026-06-02T17:54:06.804] [DEBUG] debug-file - Task 'entry:default@CompileArkTS' cost while wrapping incremental declarations: 1 ms 
[2026-06-02T17:54:06.809] [DEBUG] debug-file - entry:default@CompileArkTS is not up-to-date, since the input file 'C:\Users\27843\Downloads\RingtoneKit_Codelab_\entry\src\main\ets' has been changed.
[2026-06-02T17:54:06.809] [DEBUG] debug-file - Incremental task entry:default@CompileArkTS pre-execution cost: 5 ms .
[2026-06-02T17:54:06.817] [DEBUG] debug-file - build config:
[2026-06-02T17:54:06.817] [DEBUG] debug-file - {
  moduleType: 'entry',
  perf: 0,
  targetName: '.default',
  packageManagerType: 'ohpm',
  localPropertiesPath: 'C:\\Users\\27843\\Downloads\\RingtoneKit_Codelab_\\local.properties',
  isPreview: false,
  isOhosTest: false,
  isLocalTest: false,
  buildMode: 'Debug',
  hotReloadBuild: undefined,
  watchMode: 'false',
  aceProfilePath: 'C:\\Users\\27843\\Downloads\\RingtoneKit_Codelab_\\entry\\build\\default\\intermediates\\res\\default\\resources\\base\\profile',
  etsLoaderPath: 'C:\\Program Files\\Huawei\\DevEco Studio\\sdk\\default\\openharmony\\ets\\build-tools\\ets-loader',
  modulePath: 'C:\\Users\\27843\\Downloads\\RingtoneKit_Codelab_\\entry',
  testFrameworkPar: {
    testMode: undefined,
    coveragePathFilter: undefined,
    coverageMode: undefined
  },
  needCoverageInsert: false,
  debugLine: false,
  projectTopDir: 'C:\\Users\\27843\\Downloads\\RingtoneKit_Codelab_',
  compileSdkVersion: 22,
  compatibleSdkVersion: 12,
  originCompatibleSdkVersion: '5.0.0(12)',
  compatibleSdkVersionStage: 'beta1',
  bundleName: 'c***n',
  etsLoaderVersion: '6.0.2.130',
  etsLoaderReleaseType: 'Release',
  aotCompileMode: 'type',
  apPath: 'C:\\Users\\27843\\Downloads\\RingtoneKit_Codelab_\\entry\\modules.ap',
  entryModuleName: 'entry',
  entryModuleVersion: '1.0.0',
  entryPackageName: 'entry',
  allModuleNameHash: 'db44f8a8a620383b923efb1105d6d0eb296559a94ef72a4510286f2511f87786',
  externalApiPaths: [
    'C:\\Program Files\\Huawei\\DevEco Studio\\sdk\\default\\hms\\ets'
  ],
  compilerTypes: [],
  isCrossplatform: false,
  hvigorPluginFile: undefined,
  compilePluginPath: undefined,
  buildGeneratedProfilePath: 'C:\\Users\\27843\\Downloads\\RingtoneKit_Codelab_\\entry\\build\\default\\generated\\profile\\default',
  bundleType: 'app',
  arkTSVersion: undefined,
  apiVersion: 22,
  needCompleteSourcesMap: false,
  isFaMode: false,
  buildDir: 'C:\\Users\\27843\\Downloads\\RingtoneKit_Codelab_\\entry\\build',
  deviceTypes: [ 'phone', 'tablet', 'wearable' ],
  pkgContextInfo: undefined,
  ohPackagePathMap: {},
  dependencyAliasMap: {},
  permission: { requestPermissions: undefined, definePermissions: undefined },
  useGetCurrentBundleName: false,
  projectArkOption: undefined,
  sourceMapDir: undefined,
  branchElimination: false,
  transformLib: undefined,
  tsImportSendable: false,
  resolveConflictMode: true,
  depName2RootPath: {},
  depName2DepInfo: {},
  rootPathSet: [ 'C:\\Users\\27843\\Downloads\\RingtoneKit_Codelab_' ],
  useNativeResolver: true,
  shouldEmitJs: true,
  useTscResolve: false,
  singleFileEmit: false,
  userProjectConfig: {
    autoLazyImport: false,
    allowEmptyBundleName: false,
    reExportCheckMode: 'noCheck',
    executionMode: 'memory',
    usePathPlaceholder: false,
    writeRollupCache: true,
    isExpandImportEnabled: false,
    expandImportExclude: '',
    lazyImportExclude: '',
    lazyImportInclude: '',
    ignoreCrossplatformCheck: false,
    isHarDeduplicateEnabled: false,
    skipOhModulesLint: false,
    enableStrictCheckOHModule: false,
    disableSendableCheckRules: [],
    useDeclarationFileSignature: false,
    customizedOptions: undefined,
    integratedHsp: false,
    isPreloadSoEnabled: false
  },
  executionMode: 'memory',
  arkCompileCachePath: 'C:\\Users\\27843\\Downloads\\RingtoneKit_Codelab_\\entry\\build\\default\\cache\\default\\default@CompileArkTS\\esmodule',
  autoLazyFilter: undefined,
  isHarDeduplicateEnabled: false,
  intermediateHarDuplicateDirPath: 'C:\\Users\\27843\\Downloads\\RingtoneKit_Codelab_\\entry\\build\\default\\intermediates\\har_duplicate\\default',
  autoLazyImport: false,
  allowEmptyBundleName: false,
  reExportCheckMode: 'noCheck',
  usePathPlaceholder: false,
  writeRollupCache: true,
  isExpandImportEnabled: false,
  expandImportExclude: '',
  lazyImportExclude: '',
  lazyImportInclude: '',
  ignoreCrossplatformCheck: false,
  skipOhModulesLint: false,
  enableStrictCheckOHModule: false,
  disableSendableCheckRules: [],
  useDeclarationFileSignature: false,
  customizedOptions: undefined,
  integratedHsp: false,
  isPreloadSoEnabled: false,
  strictMode: undefined,
  useNormalizedOHMUrl: false,
  caseSensitiveCheck: false,
  aceModuleJsonPath: 'C:\\Users\\27843\\Downloads\\RingtoneKit_Codelab_\\entry\\build\\default\\intermediates\\res\\default\\ark_module.json',
  appResource: 'C:\\Users\\27843\\Downloads\\RingtoneKit_Codelab_\\entry\\build\\default\\intermediates\\res\\default\\ResourceTable.txt',
  rawFileResource: 'C:\\Users\\27843\\Downloads\\RingtoneKit_Codelab_\\entry\\build\\default\\intermediates\\res\\default\\resources\\rawfile',
  resourceTableHash: '0a5e461b8cc472af07d60289bf2402599b7c63db39b7448590c7effc1f3dc134',
  runtimeOS: 'HarmonyOS',
  sdkInfo: 'false:22:6.0.2.130:Release',
  aceModuleRoot: 'C:\\Users\\27843\\Downloads\\RingtoneKit_Codelab_\\entry\\src\\main\\ets',
  compileMode: 'esmodule',
  aceSuperVisualPath: 'C:\\Users\\27843\\Downloads\\RingtoneKit_Codelab_\\entry\\src\\main\\supervisual',
  aceBuildJson: 'C:\\Users\\27843\\Downloads\\RingtoneKit_Codelab_\\entry\\build\\default\\intermediates\\loader\\default\\loader.json',
  cachePath: 'C:\\Users\\27843\\Downloads\\RingtoneKit_Codelab_\\entry\\build\\default\\cache\\default\\default@CompileArkTS\\esmodule\\debug',
  aceModuleBuild: 'C:\\Users\\27843\\Downloads\\RingtoneKit_Codelab_\\entry\\build\\default\\intermediates\\loader_out\\default\\ets',
  supportChunks: true,
  declaredFilesPath: undefined,
  shouldCollectDirectImportees: false,
  isByteCodeHarOptimize: false,
  expandImportPath: undefined,
  pkgNameToPkgBriefInfo: {
    entry: {
      pkgRoot: 'C:\\Users\\27843\\Downloads\\RingtoneKit_Codelab_\\entry',
      originalSourceRoots: undefined,
      sourceRoots: [Array],
      pkgName: 'entry'
    }
  },
  projectModel: {
    'C:\\Users\\27843\\Downloads\\RingtoneKit_Codelab_\\entry\\src\\main': {
      moduleName: 'entry',
      modulePkgPath: 'C:\\Users\\27843\\Downloads\\RingtoneKit_Codelab_\\entry',
      belongProjectPath: 'C:\\Users\\27843\\Downloads\\RingtoneKit_Codelab_'
    },
    'C:\\Users\\27843\\Downloads\\RingtoneKit_Codelab_\\entry': {
      moduleName: 'entry',
      modulePkgPath: 'C:\\Users\\27843\\Downloads\\RingtoneKit_Codelab_\\entry',
      belongProjectPath: 'C:\\Users\\27843\\Downloads\\RingtoneKit_Codelab_'
    },
    'C:\\Users\\27843\\Downloads\\RingtoneKit_Codelab_': {
      moduleName: 'RingtoneKit_Codelab_',
      modulePkgPath: 'C:\\Users\\27843\\Downloads\\RingtoneKit_Codelab_',
      belongProjectPath: 'C:\\Users\\27843\\Downloads\\RingtoneKit_Codelab_'
    }
  },
  pkgJsonFileHash: '2d3aabe892cb47a8d32dc51369771e7583ba0b181fb1299d8dac661ceb735d99',
  allModulePaths: [ 'C:\\Users\\27843\\Downloads\\RingtoneKit_Codelab_\\entry' ],
  routerMap: {},
  obfuscationOptions: undefined,
  byteCodeHarToDependencyKeys: undefined,
  compileBlockPkg: [],
  mockParams: {
    decorator: '@MockSetup',
    packageName: '@ohos/hamock',
    etsSourceRootPath: 'src/main/ets',
    mockConfigPath: undefined,
    mockConfigKey2ModuleInfo: {},
    source2ModuleIdMap: {}
  },
  copyCodeResourceEnable: true,
  copyCodeResourceExcludes: [],
  copyCodeResourceIncludes: undefined,
  uiTransformOptimization: false,
  sdkPath: 'C:/Program Files/Huawei/DevEco Studio/sdk',
  needPreloadSoFileSet: {},
  preloadSoFilePath: 'C:\\Users\\27843\\Downloads\\RingtoneKit_Codelab_\\entry\\build\\default\\intermediates\\preload\\default\\preload.json',
  useSourceHash: false,
  localModuleParamMap: {},
  otherPaths: {
    'entry/*': [
      '..\\*',
      '..\\..\\..\\build\\default\\generated\\profile\\default\\*'
    ]
  },
  collectImportersConfig: undefined
}
[2026-06-02T17:54:06.817] [DEBUG] debug-file - Compile arkts with external api path: C:\Program Files\Huawei\DevEco Studio\sdk\default\hms\ets
[2026-06-02T17:54:06.818] [DEBUG] debug-file - default@CompileArkTS work[10] is submitted.
[2026-06-02T17:54:06.818] [DEBUG] debug-file - default@CompileArkTS work[10] is pushed to ready queue.
[2026-06-02T17:54:06.818] [DEBUG] debug-file - A work dispatched to worker[31] failed because unable to get work from ready queue.
[2026-06-02T17:54:06.819] [DEBUG] debug-file - A work dispatched to worker[30] failed because unable to get work from ready queue.
[2026-06-02T17:54:06.819] [DEBUG] debug-file - A work dispatched to worker[29] failed because unable to get work from ready queue.
[2026-06-02T17:54:06.819] [DEBUG] debug-file - A work dispatched to worker[28] failed because unable to get work from ready queue.
[2026-06-02T17:54:06.819] [DEBUG] debug-file - A work dispatched to worker[27] failed because unable to get work from ready queue.
[2026-06-02T17:54:06.819] [DEBUG] debug-file - A work dispatched to worker[26] failed because unable to get work from ready queue.
[2026-06-02T17:54:06.819] [DEBUG] debug-file - A work dispatched to worker[25] failed because unable to get work from ready queue.
[2026-06-02T17:54:06.819] [DEBUG] debug-file - A work dispatched to worker[24] failed because unable to get work from ready queue.
[2026-06-02T17:54:06.819] [DEBUG] debug-file - A work dispatched to worker[23] failed because unable to get work from ready queue.
[2026-06-02T17:54:06.819] [DEBUG] debug-file - A work dispatched to worker[22] failed because unable to get work from ready queue.
[2026-06-02T17:54:06.819] [DEBUG] debug-file - A work dispatched to worker[21] failed because unable to get work from ready queue.
[2026-06-02T17:54:06.819] [DEBUG] debug-file - A work dispatched to worker[20] failed because unable to get work from ready queue.
[2026-06-02T17:54:06.819] [DEBUG] debug-file - A work dispatched to worker[19] failed because unable to get work from ready queue.
[2026-06-02T17:54:06.819] [DEBUG] debug-file - A work dispatched to worker[18] failed because unable to get work from ready queue.
[2026-06-02T17:54:06.819] [DEBUG] debug-file - A work dispatched to worker[17] failed because unable to get work from ready queue.
[2026-06-02T17:54:06.819] [DEBUG] debug-file - A work dispatched to worker[16] failed because unable to get work from ready queue.
[2026-06-02T17:54:06.819] [DEBUG] debug-file - A work dispatched to worker[15] failed because unable to get work from ready queue.
[2026-06-02T17:54:06.819] [DEBUG] debug-file - A work dispatched to worker[14] failed because unable to get work from ready queue.
[2026-06-02T17:54:06.819] [DEBUG] debug-file - A work dispatched to worker[13] failed because unable to get work from ready queue.
[2026-06-02T17:54:06.819] [DEBUG] debug-file - A work dispatched to worker[12] failed because unable to get work from ready queue.
[2026-06-02T17:54:06.819] [DEBUG] debug-file - A work dispatched to worker[11] failed because unable to get work from ready queue.
[2026-06-02T17:54:06.819] [DEBUG] debug-file - A work dispatched to worker[10] failed because unable to get work from ready queue.
[2026-06-02T17:54:06.819] [DEBUG] debug-file - A work dispatched to worker[9] failed because unable to get work from ready queue.
[2026-06-02T17:54:06.820] [DEBUG] debug-file - A work dispatched to worker[8] failed because unable to get work from ready queue.
[2026-06-02T17:54:06.820] [DEBUG] debug-file - A work dispatched to worker[7] failed because unable to get work from ready queue.
[2026-06-02T17:54:06.820] [DEBUG] debug-file - A work dispatched to worker[6] failed because unable to get work from ready queue.
[2026-06-02T17:54:06.820] [DEBUG] debug-file - A work dispatched to worker[5] failed because unable to get work from ready queue.
[2026-06-02T17:54:06.820] [DEBUG] debug-file - default@CompileArkTS work[10] has been dispatched to worker[4].
[2026-06-02T17:54:06.820] [DEBUG] debug-file - default@CompileArkTS work[10] is dispatched.
[2026-06-02T17:54:06.820] [DEBUG] debug-file - CopyResources startTime: 5349597265200
[2026-06-02T17:54:06.820] [DEBUG] debug-file - default@CompileArkTS work[11] is submitted.
[2026-06-02T17:54:06.820] [DEBUG] debug-file - default@CompileArkTS work[11] is pushed to ready queue.
[2026-06-02T17:54:06.820] [DEBUG] debug-file - A work dispatched to worker[31] failed because unable to get work from ready queue.
[2026-06-02T17:54:06.820] [DEBUG] debug-file - Create  resident worker with id: 30.
[2026-06-02T17:54:06.821] [DEBUG] debug-file - default@CompileArkTS work[11] has been dispatched to worker[30].
[2026-06-02T17:54:06.822] [DEBUG] debug-file - default@CompileArkTS work[11] is dispatched.
[2026-06-02T17:54:06.822] [DEBUG] debug-file - entry : default@CompileArkTS cost memory 1.4600296020507812
[2026-06-02T17:54:06.823] [DEBUG] debug-file - Executing task :entry:default@BuildJS
[2026-06-02T17:54:06.823] [DEBUG] debug-file - Task 'entry:default@BuildJS' cost while wrapping incremental declarations: 1 ms 
[2026-06-02T17:54:06.825] [DEBUG] debug-file - entry : default@BuildJS cost memory 0.147918701171875
[2026-06-02T17:54:06.825] [DEBUG] debug-file - runTaskFromQueue task cost before running: 259 ms 
[2026-06-02T17:54:06.825] [INFO] debug-file - Finished :entry:default@BuildJS... after 3 ms 
[2026-06-02T17:54:06.826] [DEBUG] debug-file - Executing task :entry:default@CacheNativeLibs
[2026-06-02T17:54:06.826] [DEBUG] debug-file - Task 'entry:default@CacheNativeLibs' cost while wrapping incremental declarations: 1 ms 
[2026-06-02T17:54:06.827] [DEBUG] debug-file - Incremental task entry:default@CacheNativeLibs pre-execution cost: 1 ms .
[2026-06-02T17:54:06.827] [DEBUG] debug-file - entry : default@CacheNativeLibs cost memory 0.08829498291015625
[2026-06-02T17:54:06.827] [INFO] debug-file - UP-TO-DATE :entry:default@CacheNativeLibs...  
[2026-06-02T17:54:07.973] [WARN] debug-file - [33mWARN: [33m[33mArkTS:WARN File: C:/Users/27843/Downloads/RingtoneKit_Codelab_/entry/src/main/ets/pages/Index.ets:185:7
 Function may throw exceptions. Special handling is required.
[39m[39m
[33mWARN: [33m[33mArkTS:WARN File: C:/Users/27843/Downloads/RingtoneKit_Codelab_/entry/src/main/ets/pages/Index.ets:189:5
 Function may throw exceptions. Special handling is required.
[39m[39m
[33mWARN: [33m[33mArkTS:WARN File: C:/Users/27843/Downloads/RingtoneKit_Codelab_/entry/src/main/ets/pages/Index.ets:198:7
 Function may throw exceptions. Special handling is required.
[39m[39m
[33mWARN: [33m[33mArkTS:WARN File: C:/Users/27843/Downloads/RingtoneKit_Codelab_/entry/src/main/ets/pages/Index.ets:202:5
 The system capacity of this api 'ringtone' is not supported on all devices
[39m[39m
[33mWARN: [33m[33mArkTS:WARN File: C:/Users/27843/Downloads/RingtoneKit_Codelab_/entry/src/main/ets/pages/Index.ets:202:14
 The system capacity of this api 'startRingtoneSetting' is not supported on all devices
[39m[39m
[33mWARN: [33m[33mArkTS:WARN File: C:/Users/27843/Downloads/RingtoneKit_Codelab_/entry/src/main/ets/pages/Index.ets:207:24
 The system capacity of this api 'ringtone' is not supported on all devices
[39m[39m
[33mWARN: [33m[33mArkTS:WARN File: C:/Users/27843/Downloads/RingtoneKit_Codelab_/entry/src/main/ets/pages/Index.ets:207:33
 The system capacity of this api 'RingtoneErrors' is not supported on all devices
[39m[39m
[33mWARN: [33m[33mArkTS:WARN File: C:/Users/27843/Downloads/RingtoneKit_Codelab_/entry/src/main/ets/pages/Index.ets:207:48
 The system capacity of this api 'ERROR_FILE_NOT_FOUND' is not supported on all devices
[39m[39m

[2026-06-02T17:54:07.973] [DEBUG] debug-file - Ark compile task finished.finished time is 5350750731900
[2026-06-02T17:54:07.974] [DEBUG] debug-file - worker[4] has one work done.
[2026-06-02T17:54:07.976] [DEBUG] debug-file - default@CompileArkTS work[10] done.
[2026-06-02T17:54:07.976] [DEBUG] debug-file - A work dispatched to worker[4] failed because unable to get work from ready queue.
[2026-06-02T17:54:08.384] [DEBUG] debug-file - worker[30] has one work done.
[2026-06-02T17:54:08.384] [DEBUG] debug-file - CopyResources is end, endTime: 5351161649800
[2026-06-02T17:54:08.385] [DEBUG] debug-file - default@CompileArkTS work[11] done.
[2026-06-02T17:54:08.385] [DEBUG] debug-file - A work dispatched to worker[30] failed because unable to get work from ready queue.
[2026-06-02T17:54:08.386] [INFO] debug-file - Finished :entry:default@CompileArkTS... after 1 s 182 ms 
[2026-06-02T17:54:08.387] [DEBUG] debug-file - Executing task :entry:default@GeneratePkgModuleJson
[2026-06-02T17:54:08.388] [DEBUG] debug-file - File: 'C:\Users\27843\Downloads\RingtoneKit_Codelab_\entry\build\default\intermediates\preload\default\preload.json' from 'preloadSoJsonPath' is not exists, just ignore.
[2026-06-02T17:54:08.388] [DEBUG] debug-file - Error occurs while handling @Input 'shouldDeduplicateHar': The "data" argument must be of type string or an instance of Buffer, TypedArray, or DataView. Received undefined
[2026-06-02T17:54:08.388] [DEBUG] debug-file - Task 'entry:default@GeneratePkgModuleJson' cost while wrapping incremental declarations: 1 ms 
[2026-06-02T17:54:08.389] [DEBUG] debug-file - Incremental task entry:default@GeneratePkgModuleJson pre-execution cost: 1 ms .
[2026-06-02T17:54:08.389] [DEBUG] debug-file - entry : default@GeneratePkgModuleJson cost memory 0.1098480224609375
[2026-06-02T17:54:08.389] [INFO] debug-file - UP-TO-DATE :entry:default@GeneratePkgModuleJson...  
[2026-06-02T17:54:08.390] [DEBUG] debug-file - Executing task :entry:default@ProcessCompiledResources
[2026-06-02T17:54:08.390] [DEBUG] debug-file - File: 'C:\Users\27843\Downloads\RingtoneKit_Codelab_\entry\build\default\intermediates\preload\default\preload.json' from 'preloadSoJsonPath' is not exists, just ignore.
[2026-06-02T17:54:08.390] [DEBUG] debug-file - Task 'entry:default@ProcessCompiledResources' cost while wrapping incremental declarations: 1 ms 
[2026-06-02T17:54:08.390] [DEBUG] debug-file - entry : default@ProcessCompiledResources cost memory 0.05854034423828125
[2026-06-02T17:54:08.390] [DEBUG] debug-file - runTaskFromQueue task cost before running: 1 s 824 ms 
[2026-06-02T17:54:08.390] [INFO] debug-file - Finished :entry:default@ProcessCompiledResources... after 1 ms 
[2026-06-02T17:54:08.392] [DEBUG] debug-file - Executing task :entry:default@PackageHap
[2026-06-02T17:54:08.396] [DEBUG] debug-file - entry:default@PackageHap is not up-to-date, since the input file 'C:\Users\27843\Downloads\RingtoneKit_Codelab_\entry\build\default\intermediates\loader_out\default\ets' has been changed.
[2026-06-02T17:54:08.397] [DEBUG] debug-file - Incremental task entry:default@PackageHap pre-execution cost: 4 ms .
[2026-06-02T17:54:08.397] [DEBUG] debug-file - Use tool [C:\Program Files\Huawei\DevEco Studio\sdk\default\openharmony\toolchains\lib\app_packing_tool.jar]
 [
  'java',
  '-Dfile.encoding=GBK',
  '-jar',
  'C:\\Program Files\\Huawei\\DevEco Studio\\sdk\\default\\openharmony\\toolchains\\lib\\app_packing_tool.jar',
  '--mode',
  'hap',
  '--force',
  'true',
  '--lib-path',
  'C:\\Users\\27843\\Downloads\\RingtoneKit_Codelab_\\entry\\build\\default\\intermediates\\stripped_native_libs\\default',
  '--json-path',
  'C:\\Users\\27843\\Downloads\\RingtoneKit_Codelab_\\entry\\build\\default\\intermediates\\package\\default\\module.json',
  '--resources-path',
  'C:\\Users\\27843\\Downloads\\RingtoneKit_Codelab_\\entry\\build\\default\\intermediates\\res\\default\\resources',
  '--index-path',
  'C:\\Users\\27843\\Downloads\\RingtoneKit_Codelab_\\entry\\build\\default\\intermediates\\res\\default\\resources.index',
  '--pack-info-path',
  'C:\\Users\\27843\\Downloads\\RingtoneKit_Codelab_\\entry\\build\\default\\outputs\\default\\pack.info',
  '--out-path',
  'C:\\Users\\27843\\Downloads\\RingtoneKit_Codelab_\\entry\\build\\default\\outputs\\default\\entry-default-unsigned.hap',
  '--ets-path',
  'C:\\Users\\27843\\Downloads\\RingtoneKit_Codelab_\\entry\\build\\default\\intermediates\\loader_out\\default\\ets'
]
[2026-06-02T17:54:08.426] [DEBUG] debug-file - java daemon socket received message:{"code":0,"message":"pack success"}
[2026-06-02T17:54:08.428] [DEBUG] debug-file - entry : default@PackageHap cost memory 0.81756591796875
[2026-06-02T17:54:08.429] [DEBUG] debug-file - runTaskFromQueue task cost before running: 1 s 862 ms 
[2026-06-02T17:54:08.429] [INFO] debug-file - Finished :entry:default@PackageHap... after 37 ms 
[2026-06-02T17:54:08.430] [DEBUG] debug-file - Executing task :entry:default@PackingCheck
[2026-06-02T17:54:08.434] [DEBUG] debug-file - entry : default@PackingCheck cost memory 0.3825836181640625
[2026-06-02T17:54:08.434] [DEBUG] debug-file - runTaskFromQueue task cost before running: 1 s 868 ms 
[2026-06-02T17:54:08.434] [INFO] debug-file - Finished :entry:default@PackingCheck... after 4 ms 
[2026-06-02T17:54:08.435] [DEBUG] debug-file - Executing task :entry:default@SignHap
[2026-06-02T17:54:08.435] [WARN] debug-file - Will skip sign 'hos_hap'. No signingConfigs profile is configured in current project.
             If needed, configure the signingConfigs in C:\Users\27843\Downloads\RingtoneKit_Codelab_\build-profile.json5.
[2026-06-02T17:54:08.435] [DEBUG] debug-file - entry:default@SignHap is not up-to-date, since the input file 'C:\Users\27843\Downloads\RingtoneKit_Codelab_\entry\build\default\outputs\default\entry-default-unsigned.hap' has been changed.
[2026-06-02T17:54:08.436] [DEBUG] debug-file - Incremental task entry:default@SignHap pre-execution cost: 1 ms .
[2026-06-02T17:54:08.436] [DEBUG] debug-file - entry : default@SignHap cost memory 0.08770751953125
[2026-06-02T17:54:08.436] [DEBUG] debug-file - runTaskFromQueue task cost before running: 1 s 870 ms 
[2026-06-02T17:54:08.436] [INFO] debug-file - Finished :entry:default@SignHap... after 2 ms 
[2026-06-02T17:54:08.437] [DEBUG] debug-file - Executing task :entry:default@CollectDebugSymbol
[2026-06-02T17:54:08.438] [DEBUG] debug-file - entry : default@CollectDebugSymbol cost memory 0.0961151123046875
[2026-06-02T17:54:08.438] [DEBUG] debug-file - runTaskFromQueue task cost before running: 1 s 872 ms 
[2026-06-02T17:54:08.438] [INFO] debug-file - Finished :entry:default@CollectDebugSymbol... after 2 ms 
[2026-06-02T17:54:08.438] [DEBUG] debug-file - Executing task :entry:assembleHap
[2026-06-02T17:54:08.438] [DEBUG] debug-file - entry : assembleHap cost memory 0.01214599609375
[2026-06-02T17:54:08.438] [DEBUG] debug-file - runTaskFromQueue task cost before running: 1 s 872 ms 
[2026-06-02T17:54:08.439] [INFO] debug-file - Finished :entry:assembleHap... after 1 ms 
[2026-06-02T17:54:08.519] [INFO] debug-file - BUILD SUCCESSFUL in 1 s 953 ms 
[2026-06-02T17:54:08.520] [DEBUG] debug-file - There is no need to refresh cache, since the incremental task entry:default@PreBuild is up-to-date.
[2026-06-02T17:54:08.520] [DEBUG] debug-file - Update task entry:default@CreateModuleInfo output file:C:\Users\27843\Downloads\RingtoneKit_Codelab_\entry\build\default\generated\profile\default\ModuleInfo.ts cache.
[2026-06-02T17:54:08.520] [DEBUG] debug-file - Incremental task entry:default@CreateModuleInfo post-execution cost:1 ms .
[2026-06-02T17:54:08.520] [DEBUG] debug-file - There is no need to refresh cache, since the incremental task entry:default@GenerateMetadata is up-to-date.
[2026-06-02T17:54:08.520] [DEBUG] debug-file - There is no need to refresh cache, since the incremental task entry:default@MergeProfile is up-to-date.
[2026-06-02T17:54:08.520] [DEBUG] debug-file - There is no need to refresh cache, since the incremental task entry:default@CreateBuildProfile is up-to-date.
[2026-06-02T17:54:08.520] [DEBUG] debug-file - Update task entry:default@GeneratePkgContextInfo output file:C:\Users\27843\Downloads\RingtoneKit_Codelab_\entry\build\default\intermediates\loader\default\pkgContextInfo.json cache.
[2026-06-02T17:54:08.520] [DEBUG] debug-file - Incremental task entry:default@GeneratePkgContextInfo post-execution cost:1 ms .
[2026-06-02T17:54:08.520] [DEBUG] debug-file - Update task entry:default@ProcessIntegratedHsp output file:C:\Users\27843\Downloads\RingtoneKit_Codelab_\build\cache\default\integrated_hsp\integratedHspCache.json cache.
[2026-06-02T17:54:08.521] [DEBUG] debug-file - Incremental task entry:default@ProcessIntegratedHsp post-execution cost:1 ms .
[2026-06-02T17:54:08.521] [DEBUG] debug-file - There is no need to refresh cache, since the incremental task entry:default@MakePackInfo is up-to-date.
[2026-06-02T17:54:08.521] [DEBUG] debug-file - Update task entry:default@SyscapTransform input file:C:\Program Files\Huawei\DevEco Studio\sdk\default\openharmony\toolchains\syscap_tool.exe cache by regenerate.
[2026-06-02T17:54:08.521] [DEBUG] debug-file - Update task entry:default@SyscapTransform input file:C:\Program Files\Huawei\DevEco Studio\sdk\default\openharmony\ets\api\device-define cache by regenerate.
[2026-06-02T17:54:08.522] [DEBUG] debug-file - Update task entry:default@SyscapTransform output file:C:\Users\27843\Downloads\RingtoneKit_Codelab_\entry\build\default\intermediates\syscap\default\rpcid.sc cache.
[2026-06-02T17:54:08.522] [DEBUG] debug-file - Incremental task entry:default@SyscapTransform post-execution cost:2 ms .
[2026-06-02T17:54:08.522] [DEBUG] debug-file - There is no need to refresh cache, since the incremental task entry:default@ProcessProfile is up-to-date.
[2026-06-02T17:54:08.522] [DEBUG] debug-file - There is no need to refresh cache, since the incremental task entry:default@ProcessRouterMap is up-to-date.
[2026-06-02T17:54:08.522] [DEBUG] debug-file - There is no need to refresh cache, since the incremental task entry:default@ProcessShareConfig is up-to-date.
[2026-06-02T17:54:08.522] [DEBUG] debug-file - Update task entry:default@ProcessStartupConfig output file:C:\Users\27843\Downloads\RingtoneKit_Codelab_\entry\build\default\intermediates\startup\default\startup_config.json cache.
[2026-06-02T17:54:08.523] [DEBUG] debug-file - Incremental task entry:default@ProcessStartupConfig post-execution cost:1 ms .
[2026-06-02T17:54:08.523] [DEBUG] debug-file - There is no need to refresh cache, since the incremental task entry:default@ProcessResource is up-to-date.
[2026-06-02T17:54:08.523] [DEBUG] debug-file - There is no need to refresh cache, since the incremental task entry:default@GenerateLoaderJson is up-to-date.
[2026-06-02T17:54:08.523] [DEBUG] debug-file - There is no need to refresh cache, since the incremental task entry:default@ProcessLibs is up-to-date.
[2026-06-02T17:54:08.523] [DEBUG] debug-file - There is no need to refresh cache, since the incremental task entry:default@CompileResource is up-to-date.
[2026-06-02T17:54:08.523] [DEBUG] debug-file - There is no need to refresh cache, since the incremental task entry:default@DoNativeStrip is up-to-date.
[2026-06-02T17:54:08.524] [DEBUG] debug-file - Update task entry:default@CompileArkTS input file:C:\Users\27843\Downloads\RingtoneKit_Codelab_\entry\build\default\intermediates\loader\default cache by regenerate.
[2026-06-02T17:54:08.525] [DEBUG] debug-file - Update task entry:default@CompileArkTS input file:C:\Users\27843\Downloads\RingtoneKit_Codelab_\entry\build\default\intermediates\res\default\ResourceTable.txt cache by regenerate.
[2026-06-02T17:54:08.525] [DEBUG] debug-file - Update task entry:default@CompileArkTS input file:C:\Users\27843\Downloads\RingtoneKit_Codelab_\entry\build\default\intermediates\res\default\ark_module.json cache by regenerate.
[2026-06-02T17:54:08.525] [DEBUG] debug-file - Update task entry:default@CompileArkTS input file:C:\Users\27843\Downloads\RingtoneKit_Codelab_\entry\build\default\intermediates\res\default\resources\base\profile cache by regenerate.
[2026-06-02T17:54:08.526] [DEBUG] debug-file - Update task entry:default@CompileArkTS input file:C:\Users\27843\Downloads\RingtoneKit_Codelab_\entry\src\main\ets cache from map.
[2026-06-02T17:54:08.526] [DEBUG] debug-file - Update task entry:default@CompileArkTS input file:C:\Users\27843\Downloads\RingtoneKit_Codelab_\entry\build\default\generated\profile\default\BuildProfile.ets cache by regenerate.
[2026-06-02T17:54:08.526] [DEBUG] debug-file - Update task entry:default@CompileArkTS output file:C:\Users\27843\Downloads\RingtoneKit_Codelab_\entry\build\default\intermediates\loader_out\default\ets cache.
[2026-06-02T17:54:08.527] [DEBUG] debug-file - Incremental task entry:default@CompileArkTS post-execution cost:4 ms .
[2026-06-02T17:54:08.528] [DEBUG] debug-file - Update task entry:default@BuildJS input file:C:\Users\27843\Downloads\RingtoneKit_Codelab_\entry\build\default\intermediates\loader\default cache by regenerate.
[2026-06-02T17:54:08.528] [DEBUG] debug-file - Update task entry:default@BuildJS input file:C:\Users\27843\Downloads\RingtoneKit_Codelab_\entry\build\default\intermediates\res\default\ResourceTable.txt cache by regenerate.
[2026-06-02T17:54:08.528] [DEBUG] debug-file - Update task entry:default@BuildJS input file:C:\Users\27843\Downloads\RingtoneKit_Codelab_\entry\build\default\intermediates\res\default\ark_module.json cache by regenerate.
[2026-06-02T17:54:08.529] [DEBUG] debug-file - Update task entry:default@BuildJS input file:C:\Users\27843\Downloads\RingtoneKit_Codelab_\entry\build\default\intermediates\res\default\resources\base\profile cache by regenerate.
[2026-06-02T17:54:08.529] [DEBUG] debug-file - Update task entry:default@BuildJS output file:C:\Users\27843\Downloads\RingtoneKit_Codelab_\entry\build\default\intermediates\loader_out\default\js cache.
[2026-06-02T17:54:08.529] [DEBUG] debug-file - Incremental task entry:default@BuildJS post-execution cost:3 ms .
[2026-06-02T17:54:08.529] [DEBUG] debug-file - There is no need to refresh cache, since the incremental task entry:default@CacheNativeLibs is up-to-date.
[2026-06-02T17:54:08.529] [DEBUG] debug-file - There is no need to refresh cache, since the incremental task entry:default@GeneratePkgModuleJson is up-to-date.
[2026-06-02T17:54:08.529] [DEBUG] debug-file - Incremental task entry:default@ProcessCompiledResources post-execution cost:1 ms .
[2026-06-02T17:54:08.530] [DEBUG] debug-file - Update task entry:default@PackageHap input file:C:\Users\27843\Downloads\RingtoneKit_Codelab_\entry\build\default\intermediates\stripped_native_libs\default cache by regenerate.
[2026-06-02T17:54:08.530] [DEBUG] debug-file - Update task entry:default@PackageHap input file:C:\Users\27843\Downloads\RingtoneKit_Codelab_\entry\build\default\intermediates\res\default\module.json cache by regenerate.
[2026-06-02T17:54:08.530] [DEBUG] debug-file - Update task entry:default@PackageHap input file:C:\Users\27843\Downloads\RingtoneKit_Codelab_\entry\build\default\intermediates\res\default\resources cache by regenerate.
[2026-06-02T17:54:08.532] [DEBUG] debug-file - Update task entry:default@PackageHap input file:C:\Users\27843\Downloads\RingtoneKit_Codelab_\entry\build\default\intermediates\res\default\resources.index cache by regenerate.
[2026-06-02T17:54:08.532] [DEBUG] debug-file - Update task entry:default@PackageHap input file:C:\Users\27843\Downloads\RingtoneKit_Codelab_\entry\build\default\outputs\default\pack.info cache by regenerate.
[2026-06-02T17:54:08.532] [DEBUG] debug-file - Update task entry:default@PackageHap input file:C:\Users\27843\Downloads\RingtoneKit_Codelab_\entry\build\default\intermediates\loader_out\default\ets cache from map.
[2026-06-02T17:54:08.532] [DEBUG] debug-file - Update task entry:default@PackageHap input file:C:\Users\27843\Downloads\RingtoneKit_Codelab_\entry\build\default\intermediates\loader_out\default\ets\sourceMaps.map cache by regenerate.
[2026-06-02T17:54:08.532] [DEBUG] debug-file - Update task entry:default@PackageHap input file:C:\Users\27843\Downloads\RingtoneKit_Codelab_\entry\build\default\generated\profile\default\BuildProfile.ets cache by regenerate.
[2026-06-02T17:54:08.533] [DEBUG] debug-file - Update task entry:default@PackageHap output file:C:\Users\27843\Downloads\RingtoneKit_Codelab_\entry\build\default\outputs\default\entry-default-unsigned.hap cache.
[2026-06-02T17:54:08.533] [DEBUG] debug-file - Update task entry:default@PackageHap output file:C:\Users\27843\Downloads\RingtoneKit_Codelab_\entry\build\default\intermediates\source_map\default\sourceMaps.map cache.
[2026-06-02T17:54:08.533] [DEBUG] debug-file - Update task entry:default@PackageHap output file:C:\Users\27843\Downloads\RingtoneKit_Codelab_\entry\build\default\outputs\default\mapping\sourceMaps.map cache.
[2026-06-02T17:54:08.533] [DEBUG] debug-file - Incremental task entry:default@PackageHap post-execution cost:4 ms .
[2026-06-02T17:54:08.534] [DEBUG] debug-file - Update task entry:default@SignHap input file:C:\Users\27843\Downloads\RingtoneKit_Codelab_\entry\build\default\outputs\default\entry-default-unsigned.hap cache from map.
[2026-06-02T17:54:08.534] [DEBUG] debug-file - Update task entry:default@SignHap output file:C:\Users\27843\Downloads\RingtoneKit_Codelab_\entry\build\default\outputs\default\entry-default-signed.hap cache.
[2026-06-02T17:54:08.534] [DEBUG] debug-file - Incremental task entry:default@SignHap post-execution cost:1 ms .
[2026-06-02T17:54:08.534] [DEBUG] debug-file - Update task entry:default@CollectDebugSymbol input file:C:\Users\27843\Downloads\RingtoneKit_Codelab_\entry\build\default\intermediates\loader_out\default\ets\sourceMaps.map cache by regenerate.
[2026-06-02T17:54:08.534] [DEBUG] debug-file - Update task entry:default@CollectDebugSymbol input file:C:\Users\27843\Downloads\RingtoneKit_Codelab_\entry\build\default\intermediates\libs\default cache by regenerate.
[2026-06-02T17:54:08.535] [DEBUG] debug-file - Update task entry:default@CollectDebugSymbol output file:C:\Users\27843\Downloads\RingtoneKit_Codelab_\entry\build\default\outputs\default\symbol cache.
[2026-06-02T17:54:08.535] [DEBUG] debug-file - Incremental task entry:default@CollectDebugSymbol post-execution cost:1 ms .
[2026-06-02T17:54:08.596] [DEBUG] debug-file - Cleanup worker 30.
[2026-06-02T17:54:08.596] [DEBUG] debug-file - Worker 30 has been cleaned up.
[2026-06-02T17:54:08.596] [DEBUG] debug-file - Current idle worker size: 1.
[2026-06-02T17:54:08.596] [DEBUG] debug-file - Current resident worker size: 2.
[2026-06-02T17:54:08.597] [DEBUG] debug-file - hvigor build process will be closed.
[2026-06-02T17:54:08.598] [DEBUG] debug-file - java daemon socket close code:1000 reason:close by user
[2026-06-02T17:54:08.603] [DEBUG] debug-file - session manager: send message to worker process.
[2026-06-02T17:54:08.604] [DEBUG] debug-file - session manager: send message to worker process.
[2026-06-02T17:54:08.604] [DEBUG] debug-file - watch worker: worker id should be larger than 0. Nothing will be sent to any worker thread.
[2026-06-02T17:54:08.604] [DEBUG] debug-file - watch worker: worker id should be larger than 0. Nothing will be sent to any worker thread.
[2026-06-02T17:54:08.607] [DEBUG] debug-file - worker[30] exits with exit code 1.
[2026-06-02T17:55:04.636] [DEBUG] debug-file - session manager: set active socket. socketId=rW3NBNEjyExMY9qoAAAT
[2026-06-02T17:55:04.640] [DEBUG] debug-file - watch worker: worker id should be larger than 0. Nothing will be sent to any worker thread.
[2026-06-02T17:55:04.643] [DEBUG] debug-file - Workers' log level updated to INFO
[2026-06-02T17:55:04.646] [DEBUG] debug-file - Hvigor init with startParameters:{
  hvigorfileTypeCheck: false,
  parallelExecution: true,
  incrementalExecution: true,
  printStackTrace: false,
  daemon: true,
  analyze: 0,
  logLevel: Level { level: 20000, levelStr: 'INFO', colour: 'green' },
  optimizationStrategy: 'memory',
  hotCompile: undefined,
  hotReloadBuild: undefined,
  customizedParam: undefined
}
[2026-06-02T17:55:04.650] [DEBUG] debug-file - Cache service initialization finished in 4 ms 
[2026-06-02T17:55:04.652] [DEBUG] debug-file - hvigorfile, resolving C:\Users\27843\Downloads\RingtoneKit_Codelab_\hvigorfile.ts
[2026-06-02T17:55:04.657] [DEBUG] debug-file - hvigorfile, require result:  { default: { plugins: [] } }
[2026-06-02T17:55:04.658] [DEBUG] debug-file - hvigorfile, binding system plugins null
[2026-06-02T17:55:04.660] [DEBUG] debug-file - Starting plugin build process
[2026-06-02T17:55:04.660] [DEBUG] debug-file - App plugin prepare start...
[2026-06-02T17:55:04.660] [DEBUG] debug-file - App plugin prepare end...
[2026-06-02T17:55:04.660] [DEBUG] debug-file - App plugin creating...
[2026-06-02T17:55:04.664] [DEBUG] debug-file - App plugin register hook start...
[2026-06-02T17:55:04.664] [DEBUG] debug-file - App plugin register hook end...
[2026-06-02T17:55:04.664] [DEBUG] debug-file - Plugin build process completed
[2026-06-02T17:55:04.665] [DEBUG] debug-file - Start initialize project's product build option map with build mode debug.
[2026-06-02T17:55:04.665] [DEBUG] debug-file - Picking option from product 'default' with build mode 'debug'.
[2026-06-02T17:55:04.665] [DEBUG] debug-file - Product 'default' build option initialized
[2026-06-02T17:55:04.665] [DEBUG] debug-file - End initialize project's product build option map with build mode 'debug'.
[2026-06-02T17:55:04.666] [DEBUG] debug-file - Obtain build option for product 'default'in this build.
[2026-06-02T17:55:04.667] [DEBUG] debug-file - No signingConfig found, initRemoteHspCache failed.
[2026-06-02T17:55:04.672] [DEBUG] debug-file - Start recording SDK configuration permission data.
[2026-06-02T17:55:04.706] [DEBUG] debug-file - Sdk init in 39 ms 
[2026-06-02T17:55:04.709] [DEBUG] debug-file - Project task initialization takes 3 ms 
[2026-06-02T17:55:04.709] [DEBUG] debug-file - hvigorfile, binding custom plugins []
[2026-06-02T17:55:04.709] [DEBUG] debug-file - hvigorfile, no custom plugins were found in C:\Users\27843\Downloads\RingtoneKit_Codelab_\hvigorfile.ts
[2026-06-02T17:55:04.709] [DEBUG] debug-file - hvigorfile, resolve finished C:\Users\27843\Downloads\RingtoneKit_Codelab_\hvigorfile.ts
[2026-06-02T17:55:04.709] [DEBUG] debug-file - hvigorfile, resolving C:\Users\27843\Downloads\RingtoneKit_Codelab_\entry\hvigorfile.ts
[2026-06-02T17:55:04.712] [DEBUG] debug-file - hvigorfile, require result:  { default: { plugins: [] } }
[2026-06-02T17:55:04.713] [DEBUG] debug-file - hvigorfile, binding system plugins null
[2026-06-02T17:55:04.713] [DEBUG] debug-file - Starting plugin build process
[2026-06-02T17:55:04.713] [DEBUG] debug-file - Hap plugin creating...
[2026-06-02T17:55:04.714] [DEBUG] debug-file - failed to load cangjie to dynamically generate schemas: Error: Cannot find module '@ohos/cangjie-build-support/index'
Require stack:
- C:\Program Files\Huawei\DevEco Studio\tools\hvigor\hvigor-ohos-plugin\src\plugin\hooks\cangjie-register.js
- C:\Program Files\Huawei\DevEco Studio\tools\hvigor\hvigor-ohos-plugin\src\plugin\strategy\stage-init-strategy.js
- C:\Program Files\Huawei\DevEco Studio\tools\hvigor\hvigor-ohos-plugin\src\plugin\builder\abstract-plugin-builder.js
- C:\Program Files\Huawei\DevEco Studio\tools\hvigor\hvigor-ohos-plugin\src\plugin\builder\app-plugin-builder.js
- C:\Program Files\Huawei\DevEco Studio\tools\hvigor\hvigor-ohos-plugin\src\plugin\factory\plugin-factory.js
- C:\Program Files\Huawei\DevEco Studio\tools\hvigor\hvigor-ohos-plugin\index.js
- C:\Users\27843\Downloads\RingtoneKit_Codelab_\hvigorfile.ts
- C:\Program Files\Huawei\DevEco Studio\tools\hvigor\hvigor\src\base\internal\lifecycle\configuration.js
- C:\Program Files\Huawei\DevEco Studio\tools\hvigor\hvigor\src\base\boot\index.js
- C:\Program Files\Huawei\DevEco Studio\tools\hvigor\hvigor\src\base\daemon\cluster\worker-process-lifecycle.js
- C:\Program Files\Huawei\DevEco Studio\tools\hvigor\hvigor\src\base\daemon\process\daemon-process-boot-script.js
[2026-06-02T17:55:04.717] [DEBUG] debug-file - Start initialize module-target build option map, moduleName=entry, buildMode=debug
[2026-06-02T17:55:04.717] [DEBUG] debug-file - Target 'default' config initialized
[2026-06-02T17:55:04.717] [DEBUG] debug-file - Module 'entry' target 'default' build option initialized
[2026-06-02T17:55:04.717] [DEBUG] debug-file - End initialize module-target build option map, moduleName=entry
[2026-06-02T17:55:04.717] [DEBUG] debug-file - Start initialize module-target build option map, moduleName=entry, buildMode=release
[2026-06-02T17:55:04.718] [DEBUG] debug-file - Target 'default' config initialized
[2026-06-02T17:55:04.718] [DEBUG] debug-file - Module 'entry' target 'default' build option initialized
[2026-06-02T17:55:04.718] [DEBUG] debug-file - End initialize module-target build option map, moduleName=entry
[2026-06-02T17:55:04.718] [DEBUG] debug-file - Start initialize module-target build option map, moduleName=entry, buildMode=debug
[2026-06-02T17:55:04.718] [DEBUG] debug-file - Target 'default' config initialized
[2026-06-02T17:55:04.718] [DEBUG] debug-file - Module 'entry' target 'default' build option initialized
[2026-06-02T17:55:04.718] [DEBUG] debug-file - End initialize module-target build option map, moduleName=entry
[2026-06-02T17:55:04.718] [DEBUG] debug-file - Obtain build option for module 'entry' target 'default'in this build.
[2026-06-02T17:55:04.719] [DEBUG] debug-file - Module entry task initialization takes 1 ms 
[2026-06-02T17:55:04.719] [DEBUG] debug-file - Hap plugin register hook start...
[2026-06-02T17:55:04.719] [DEBUG] debug-file - Hap plugin register hook end...
[2026-06-02T17:55:04.719] [DEBUG] debug-file - Plugin build process completed
[2026-06-02T17:55:04.720] [DEBUG] debug-file - hvigorfile, binding custom plugins []
[2026-06-02T17:55:04.720] [DEBUG] debug-file - hvigorfile, no custom plugins were found in C:\Users\27843\Downloads\RingtoneKit_Codelab_\entry\hvigorfile.ts
[2026-06-02T17:55:04.720] [DEBUG] debug-file - hvigorfile, resolve finished C:\Users\27843\Downloads\RingtoneKit_Codelab_\entry\hvigorfile.ts
[2026-06-02T17:55:04.796] [DEBUG] debug-file - hvigorfile, resolve hvigorfile dependencies in 76 ms 
[2026-06-02T17:55:04.796] [DEBUG] debug-file - project has submodules:entry
[2026-06-02T17:55:04.797] [DEBUG] debug-file - start to load updatedOhPackageInfo to the disk
[2026-06-02T17:55:04.801] [DEBUG] debug-file - load to the disk finished
[2026-06-02T17:55:04.801] [DEBUG] debug-file - Start to initialize dependency information.
[2026-06-02T17:55:04.802] [DEBUG] debug-file - Module RingtoneKit_Codelab_ Collected Dependency: 
[2026-06-02T17:55:04.802] [DEBUG] debug-file - Module RingtoneKit_Codelab_'s total dependency: 0
[2026-06-02T17:55:04.802] [DEBUG] debug-file - Start to initialize dependency information.
[2026-06-02T17:55:04.803] [DEBUG] debug-file - Module entry Collected Dependency: 
[2026-06-02T17:55:04.803] [DEBUG] debug-file - Module entry's total dependency: 0
[2026-06-02T17:55:04.805] [DEBUG] debug-file - Configuration phase cost:154 ms 
[2026-06-02T17:55:04.806] [DEBUG] debug-file - Configuration task cost before running: 162 ms 
[2026-06-02T17:55:04.808] [DEBUG] debug-file - Executing task :entry:default@PreBuild
[2026-06-02T17:55:04.809] [WARN] debug-file - The project has not explicitly set the 'targetSdkVersion' version at build-profile.json5. It is recommended to configure it. Reference: https://developer.huawei.com/consumer/cn/doc/harmonyos-guides/ide-hvigor-build-profile-app#section45865492619
[2026-06-02T17:55:04.809] [DEBUG] debug-file - Task 'entry:default@PreBuild' cost while wrapping incremental declarations: 1 ms 
[2026-06-02T17:55:04.814] [DEBUG] debug-file - Incremental task entry:default@PreBuild pre-execution cost: 4 ms .
[2026-06-02T17:55:04.814] [DEBUG] debug-file - entry : default@PreBuild cost memory 0.32097625732421875
[2026-06-02T17:55:04.816] [INFO] debug-file - UP-TO-DATE :entry:default@PreBuild...  
[2026-06-02T17:55:04.816] [DEBUG] debug-file - Executing task :entry:default@CreateModuleInfo
[2026-06-02T17:55:04.817] [DEBUG] debug-file - Task 'entry:default@CreateModuleInfo' cost while wrapping incremental declarations: 1 ms 
[2026-06-02T17:55:04.817] [DEBUG] debug-file - entry : default@CreateModuleInfo cost memory 0.03955078125
[2026-06-02T17:55:04.817] [DEBUG] debug-file - runTaskFromQueue task cost before running: 174 ms 
[2026-06-02T17:55:04.817] [INFO] debug-file - Finished :entry:default@CreateModuleInfo... after 1 ms 
[2026-06-02T17:55:04.818] [DEBUG] debug-file - Executing task :entry:default@GenerateMetadata
[2026-06-02T17:55:04.818] [DEBUG] debug-file - Task 'entry:default@GenerateMetadata' cost while wrapping incremental declarations: 1 ms 
[2026-06-02T17:55:04.819] [DEBUG] debug-file - Incremental task entry:default@GenerateMetadata pre-execution cost: 1 ms .
[2026-06-02T17:55:04.819] [DEBUG] debug-file - entry : default@GenerateMetadata cost memory 0.08136749267578125
[2026-06-02T17:55:04.819] [INFO] debug-file - UP-TO-DATE :entry:default@GenerateMetadata...  
[2026-06-02T17:55:04.819] [DEBUG] debug-file - Executing task :entry:default@ConfigureCmake
[2026-06-02T17:55:04.820] [DEBUG] debug-file - entry : default@ConfigureCmake cost memory 0.0139007568359375
[2026-06-02T17:55:04.820] [DEBUG] debug-file - runTaskFromQueue task cost before running: 176 ms 
[2026-06-02T17:55:04.820] [INFO] debug-file - Finished :entry:default@ConfigureCmake... after 1 ms 
[2026-06-02T17:55:04.820] [DEBUG] debug-file - Executing task :entry:default@MergeProfile
[2026-06-02T17:55:04.820] [DEBUG] debug-file - Task 'entry:default@MergeProfile' cost while wrapping incremental declarations: 1 ms 
[2026-06-02T17:55:04.822] [DEBUG] debug-file - Incremental task entry:default@MergeProfile pre-execution cost: 1 ms .
[2026-06-02T17:55:04.822] [DEBUG] debug-file - entry : default@MergeProfile cost memory 0.116607666015625
[2026-06-02T17:55:04.822] [INFO] debug-file - UP-TO-DATE :entry:default@MergeProfile...  
[2026-06-02T17:55:04.822] [DEBUG] debug-file - Executing task :entry:default@CreateBuildProfile
[2026-06-02T17:55:04.823] [DEBUG] debug-file - Task 'entry:default@CreateBuildProfile' cost while wrapping incremental declarations: 1 ms 
[2026-06-02T17:55:04.824] [DEBUG] debug-file - Incremental task entry:default@CreateBuildProfile pre-execution cost: 1 ms .
[2026-06-02T17:55:04.824] [DEBUG] debug-file - entry : default@CreateBuildProfile cost memory 0.08882904052734375
[2026-06-02T17:55:04.824] [INFO] debug-file - UP-TO-DATE :entry:default@CreateBuildProfile...  
[2026-06-02T17:55:04.825] [DEBUG] debug-file - Executing task :entry:default@PreCheckSyscap
[2026-06-02T17:55:04.825] [DEBUG] debug-file - entry : default@PreCheckSyscap cost memory 0.19542694091796875
[2026-06-02T17:55:04.825] [DEBUG] debug-file - runTaskFromQueue task cost before running: 182 ms 
[2026-06-02T17:55:04.825] [INFO] debug-file - Finished :entry:default@PreCheckSyscap... after 1 ms 
[2026-06-02T17:55:04.826] [DEBUG] debug-file - Executing task :entry:default@GeneratePkgContextInfo
[2026-06-02T17:55:04.829] [DEBUG] debug-file - Task 'entry:default@GeneratePkgContextInfo' cost while wrapping incremental declarations: 1 ms 
[2026-06-02T17:55:04.829] [DEBUG] debug-file - entry : default@GeneratePkgContextInfo cost memory 0.2256317138671875
[2026-06-02T17:55:04.829] [DEBUG] debug-file - runTaskFromQueue task cost before running: 186 ms 
[2026-06-02T17:55:04.829] [INFO] debug-file - Finished :entry:default@GeneratePkgContextInfo... after 4 ms 
[2026-06-02T17:55:04.832] [DEBUG] debug-file - Executing task :entry:default@ProcessIntegratedHsp
[2026-06-02T17:55:04.832] [DEBUG] debug-file - entry:default@ProcessIntegratedHsp is not up-to-date, since the output file 'C:\Users\27843\Downloads\RingtoneKit_Codelab_\build\cache\default\integrated_hsp\integratedHspCache.json' does not exist.
[2026-06-02T17:55:04.832] [DEBUG] debug-file - Incremental task entry:default@ProcessIntegratedHsp pre-execution cost: 1 ms .
[2026-06-02T17:55:04.832] [DEBUG] debug-file - entry : default@ProcessIntegratedHsp cost memory 0.056488037109375
[2026-06-02T17:55:04.832] [DEBUG] debug-file - runTaskFromQueue task cost before running: 189 ms 
[2026-06-02T17:55:04.832] [INFO] debug-file - Finished :entry:default@ProcessIntegratedHsp... after 1 ms 
[2026-06-02T17:55:04.833] [DEBUG] debug-file - Executing task :entry:default@BuildNativeWithCmake
[2026-06-02T17:55:04.833] [DEBUG] debug-file - entry : default@BuildNativeWithCmake cost memory 0.0139007568359375
[2026-06-02T17:55:04.833] [DEBUG] debug-file - runTaskFromQueue task cost before running: 190 ms 
[2026-06-02T17:55:04.833] [INFO] debug-file - Finished :entry:default@BuildNativeWithCmake... after 1 ms 
[2026-06-02T17:55:04.834] [DEBUG] debug-file - Executing task :entry:default@MakePackInfo
[2026-06-02T17:55:04.835] [DEBUG] debug-file - Incremental task entry:default@MakePackInfo pre-execution cost: 2 ms .
[2026-06-02T17:55:04.836] [DEBUG] debug-file - entry : default@MakePackInfo cost memory 0.10195159912109375
[2026-06-02T17:55:04.836] [INFO] debug-file - UP-TO-DATE :entry:default@MakePackInfo...  
[2026-06-02T17:55:04.837] [DEBUG] debug-file - Executing task :entry:default@SyscapTransform
[2026-06-02T17:55:04.837] [DEBUG] debug-file - File: 'C:\Users\27843\Downloads\RingtoneKit_Codelab_\entry\src\main\syscap.json' from 'sysCapJsonPath' is not exists, just ignore.
[2026-06-02T17:55:04.837] [DEBUG] debug-file - Task 'entry:default@SyscapTransform' cost while wrapping incremental declarations: 1 ms 
[2026-06-02T17:55:04.839] [DEBUG] debug-file - entry:default@SyscapTransform is not up-to-date, since the output file 'C:\Users\27843\Downloads\RingtoneKit_Codelab_\entry\build\default\intermediates\syscap\default\rpcid.sc' does not exist.
[2026-06-02T17:55:04.839] [DEBUG] debug-file - Incremental task entry:default@SyscapTransform pre-execution cost: 2 ms .
[2026-06-02T17:55:04.839] [DEBUG] debug-file - entry : default@SyscapTransform cost memory 0.14510345458984375
[2026-06-02T17:55:04.839] [DEBUG] debug-file - runTaskFromQueue task cost before running: 196 ms 
[2026-06-02T17:55:04.839] [INFO] debug-file - Finished :entry:default@SyscapTransform... after 3 ms 
[2026-06-02T17:55:04.841] [DEBUG] debug-file - Executing task :entry:default@ProcessProfile
[2026-06-02T17:55:04.841] [DEBUG] debug-file - Task 'entry:default@ProcessProfile' cost while wrapping incremental declarations: 1 ms 
[2026-06-02T17:55:04.842] [DEBUG] debug-file - Incremental task entry:default@ProcessProfile pre-execution cost: 1 ms .
[2026-06-02T17:55:04.842] [DEBUG] debug-file - entry : default@ProcessProfile cost memory 0.1253509521484375
[2026-06-02T17:55:04.842] [INFO] debug-file - UP-TO-DATE :entry:default@ProcessProfile...  
[2026-06-02T17:55:04.843] [DEBUG] debug-file - Executing task :entry:default@ProcessRouterMap
[2026-06-02T17:55:04.845] [DEBUG] debug-file - Incremental task entry:default@ProcessRouterMap pre-execution cost: 2 ms .
[2026-06-02T17:55:04.846] [DEBUG] debug-file - entry : default@ProcessRouterMap cost memory 0.1346893310546875
[2026-06-02T17:55:04.846] [INFO] debug-file - UP-TO-DATE :entry:default@ProcessRouterMap...  
[2026-06-02T17:55:04.847] [DEBUG] debug-file - Executing task :entry:default@ProcessShareConfig
[2026-06-02T17:55:04.849] [DEBUG] debug-file - Incremental task entry:default@ProcessShareConfig pre-execution cost: 2 ms .
[2026-06-02T17:55:04.849] [DEBUG] debug-file - entry : default@ProcessShareConfig cost memory 0.110137939453125
[2026-06-02T17:55:04.849] [INFO] debug-file - UP-TO-DATE :entry:default@ProcessShareConfig...  
[2026-06-02T17:55:04.850] [DEBUG] debug-file - Executing task :entry:default@ProcessStartupConfig
[2026-06-02T17:55:04.850] [DEBUG] debug-file - Task 'entry:default@ProcessStartupConfig' cost while wrapping incremental declarations: 1 ms 
[2026-06-02T17:55:04.850] [DEBUG] debug-file - entry:default@ProcessStartupConfig is not up-to-date, since the output file 'C:\Users\27843\Downloads\RingtoneKit_Codelab_\entry\build\default\intermediates\startup\default\startup_config.json' does not exist.
[2026-06-02T17:55:04.850] [DEBUG] debug-file - Incremental task entry:default@ProcessStartupConfig pre-execution cost: 1 ms .
[2026-06-02T17:55:04.850] [DEBUG] debug-file - entry : default@ProcessStartupConfig cost memory 0.0950775146484375
[2026-06-02T17:55:04.850] [DEBUG] debug-file - runTaskFromQueue task cost before running: 207 ms 
[2026-06-02T17:55:04.851] [INFO] debug-file - Finished :entry:default@ProcessStartupConfig... after 1 ms 
[2026-06-02T17:55:04.851] [DEBUG] debug-file - Executing task :entry:default@BuildNativeWithNinja
[2026-06-02T17:55:04.852] [DEBUG] debug-file - entry : default@BuildNativeWithNinja cost memory 0.02095794677734375
[2026-06-02T17:55:04.852] [DEBUG] debug-file - runTaskFromQueue task cost before running: 208 ms 
[2026-06-02T17:55:04.852] [INFO] debug-file - Finished :entry:default@BuildNativeWithNinja... after 1 ms 
[2026-06-02T17:55:04.853] [DEBUG] debug-file - restool module names: entry; moduleName=entry, taskName=default@ProcessResource
[2026-06-02T17:55:04.853] [DEBUG] debug-file - Executing task :entry:default@ProcessResource
[2026-06-02T17:55:04.853] [DEBUG] debug-file - Task 'entry:default@ProcessResource' cost while wrapping incremental declarations: 1 ms 
[2026-06-02T17:55:04.857] [DEBUG] debug-file - Incremental task entry:default@ProcessResource pre-execution cost: 4 ms .
[2026-06-02T17:55:04.858] [DEBUG] debug-file - entry : default@ProcessResource cost memory -4.307769775390625
[2026-06-02T17:55:04.859] [INFO] debug-file - UP-TO-DATE :entry:default@ProcessResource...  
[2026-06-02T17:55:04.861] [DEBUG] debug-file - Executing task :entry:default@GenerateLoaderJson
[2026-06-02T17:55:04.861] [DEBUG] debug-file - Task 'entry:default@GenerateLoaderJson' cost while wrapping incremental declarations: 1 ms 
[2026-06-02T17:55:04.866] [DEBUG] debug-file - Incremental task entry:default@GenerateLoaderJson pre-execution cost: 4 ms .
[2026-06-02T17:55:04.866] [DEBUG] debug-file - entry : default@GenerateLoaderJson cost memory 0.47393798828125
[2026-06-02T17:55:04.868] [INFO] debug-file - UP-TO-DATE :entry:default@GenerateLoaderJson...  
[2026-06-02T17:55:04.869] [DEBUG] debug-file - Executing task :entry:default@ProcessLibs
[2026-06-02T17:55:04.871] [DEBUG] debug-file - Incremental task entry:default@ProcessLibs pre-execution cost: 2 ms .
[2026-06-02T17:55:04.871] [DEBUG] debug-file - entry : default@ProcessLibs cost memory 0.106231689453125
[2026-06-02T17:55:04.872] [INFO] debug-file - UP-TO-DATE :entry:default@ProcessLibs...  
[2026-06-02T17:55:04.872] [DEBUG] debug-file - restool module names: entry; moduleName=entry, taskName=default@CompileResource
[2026-06-02T17:55:04.873] [DEBUG] debug-file - Executing task :entry:default@CompileResource
[2026-06-02T17:55:04.880] [DEBUG] debug-file - Incremental task entry:default@CompileResource pre-execution cost: 7 ms .
[2026-06-02T17:55:04.880] [DEBUG] debug-file - entry : default@CompileResource cost memory 0.57354736328125
[2026-06-02T17:55:04.881] [INFO] debug-file - UP-TO-DATE :entry:default@CompileResource...  
[2026-06-02T17:55:04.882] [DEBUG] debug-file - Executing task :entry:default@DoNativeStrip
[2026-06-02T17:55:04.882] [DEBUG] debug-file - Task 'entry:default@DoNativeStrip' cost while wrapping incremental declarations: 1 ms 
[2026-06-02T17:55:04.883] [DEBUG] debug-file - Incremental task entry:default@DoNativeStrip pre-execution cost: 1 ms .
[2026-06-02T17:55:04.883] [DEBUG] debug-file - entry : default@DoNativeStrip cost memory 0.07437896728515625
[2026-06-02T17:55:04.883] [INFO] debug-file - UP-TO-DATE :entry:default@DoNativeStrip...  
[2026-06-02T17:55:04.884] [DEBUG] debug-file - Executing task :entry:default@CompileArkTS
[2026-06-02T17:55:04.884] [DEBUG] debug-file - obfuscationOptions: undefined
[2026-06-02T17:55:04.885] [DEBUG] debug-file - Task 'entry:default@CompileArkTS' cost while wrapping incremental declarations: 1 ms 
[2026-06-02T17:55:04.891] [DEBUG] debug-file - Incremental task entry:default@CompileArkTS pre-execution cost: 5 ms .
[2026-06-02T17:55:04.891] [DEBUG] debug-file - entry : default@CompileArkTS cost memory 0.46842193603515625
[2026-06-02T17:55:04.892] [INFO] debug-file - UP-TO-DATE :entry:default@CompileArkTS...  
[2026-06-02T17:55:04.893] [DEBUG] debug-file - Executing task :entry:default@BuildJS
[2026-06-02T17:55:04.893] [DEBUG] debug-file - Task 'entry:default@BuildJS' cost while wrapping incremental declarations: 1 ms 
[2026-06-02T17:55:04.895] [DEBUG] debug-file - entry : default@BuildJS cost memory 0.14783477783203125
[2026-06-02T17:55:04.895] [DEBUG] debug-file - runTaskFromQueue task cost before running: 252 ms 
[2026-06-02T17:55:04.895] [INFO] debug-file - Finished :entry:default@BuildJS... after 2 ms 
[2026-06-02T17:55:04.896] [DEBUG] debug-file - Executing task :entry:default@CacheNativeLibs
[2026-06-02T17:55:04.897] [DEBUG] debug-file - Task 'entry:default@CacheNativeLibs' cost while wrapping incremental declarations: 1 ms 
[2026-06-02T17:55:04.898] [DEBUG] debug-file - Incremental task entry:default@CacheNativeLibs pre-execution cost: 1 ms .
[2026-06-02T17:55:04.898] [DEBUG] debug-file - entry : default@CacheNativeLibs cost memory 0.08815765380859375
[2026-06-02T17:55:04.898] [INFO] debug-file - UP-TO-DATE :entry:default@CacheNativeLibs...  
[2026-06-02T17:55:04.899] [DEBUG] debug-file - Executing task :entry:default@GeneratePkgModuleJson
[2026-06-02T17:55:04.899] [DEBUG] debug-file - File: 'C:\Users\27843\Downloads\RingtoneKit_Codelab_\entry\build\default\intermediates\preload\default\preload.json' from 'preloadSoJsonPath' is not exists, just ignore.
[2026-06-02T17:55:04.899] [DEBUG] debug-file - Error occurs while handling @Input 'shouldDeduplicateHar': The "data" argument must be of type string or an instance of Buffer, TypedArray, or DataView. Received undefined
[2026-06-02T17:55:04.899] [DEBUG] debug-file - Task 'entry:default@GeneratePkgModuleJson' cost while wrapping incremental declarations: 1 ms 
[2026-06-02T17:55:04.900] [DEBUG] debug-file - Incremental task entry:default@GeneratePkgModuleJson pre-execution cost: 1 ms .
[2026-06-02T17:55:04.900] [DEBUG] debug-file - entry : default@GeneratePkgModuleJson cost memory 0.10174560546875
[2026-06-02T17:55:04.900] [INFO] debug-file - UP-TO-DATE :entry:default@GeneratePkgModuleJson...  
[2026-06-02T17:55:04.901] [DEBUG] debug-file - Executing task :entry:default@ProcessCompiledResources
[2026-06-02T17:55:04.901] [DEBUG] debug-file - File: 'C:\Users\27843\Downloads\RingtoneKit_Codelab_\entry\build\default\intermediates\preload\default\preload.json' from 'preloadSoJsonPath' is not exists, just ignore.
[2026-06-02T17:55:04.901] [DEBUG] debug-file - Task 'entry:default@ProcessCompiledResources' cost while wrapping incremental declarations: 1 ms 
[2026-06-02T17:55:04.901] [DEBUG] debug-file - entry : default@ProcessCompiledResources cost memory 0.05809783935546875
[2026-06-02T17:55:04.901] [DEBUG] debug-file - runTaskFromQueue task cost before running: 258 ms 
[2026-06-02T17:55:04.901] [INFO] debug-file - Finished :entry:default@ProcessCompiledResources... after 1 ms 
[2026-06-02T17:55:04.903] [DEBUG] debug-file - Executing task :entry:default@PackageHap
[2026-06-02T17:55:04.907] [DEBUG] debug-file - Incremental task entry:default@PackageHap pre-execution cost: 4 ms .
[2026-06-02T17:55:04.907] [DEBUG] debug-file - entry : default@PackageHap cost memory 0.395843505859375
[2026-06-02T17:55:04.908] [INFO] debug-file - UP-TO-DATE :entry:default@PackageHap...  
[2026-06-02T17:55:04.909] [DEBUG] debug-file - Executing task :entry:default@PackingCheck
[2026-06-02T17:55:04.912] [DEBUG] debug-file - entry : default@PackingCheck cost memory 0.3230743408203125
[2026-06-02T17:55:04.912] [DEBUG] debug-file - runTaskFromQueue task cost before running: 269 ms 
[2026-06-02T17:55:04.912] [INFO] debug-file - Finished :entry:default@PackingCheck... after 4 ms 
[2026-06-02T17:55:04.913] [DEBUG] debug-file - Executing task :entry:default@SignHap
[2026-06-02T17:55:04.913] [WARN] debug-file - Will skip sign 'hos_hap'. No signingConfigs profile is configured in current project.
             If needed, configure the signingConfigs in C:\Users\27843\Downloads\RingtoneKit_Codelab_\build-profile.json5.
[2026-06-02T17:55:04.914] [DEBUG] debug-file - entry:default@SignHap is not up-to-date, since the output file 'C:\Users\27843\Downloads\RingtoneKit_Codelab_\entry\build\default\outputs\default\entry-default-signed.hap' does not exist.
[2026-06-02T17:55:04.914] [DEBUG] debug-file - Incremental task entry:default@SignHap pre-execution cost: 1 ms .
[2026-06-02T17:55:04.914] [DEBUG] debug-file - entry : default@SignHap cost memory 0.0900421142578125
[2026-06-02T17:55:04.914] [DEBUG] debug-file - runTaskFromQueue task cost before running: 271 ms 
[2026-06-02T17:55:04.915] [INFO] debug-file - Finished :entry:default@SignHap... after 2 ms 
[2026-06-02T17:55:04.915] [DEBUG] debug-file - Executing task :entry:default@CollectDebugSymbol
[2026-06-02T17:55:04.916] [DEBUG] debug-file - entry : default@CollectDebugSymbol cost memory 0.0960540771484375
[2026-06-02T17:55:04.916] [DEBUG] debug-file - runTaskFromQueue task cost before running: 273 ms 
[2026-06-02T17:55:04.916] [INFO] debug-file - Finished :entry:default@CollectDebugSymbol... after 1 ms 
[2026-06-02T17:55:04.916] [DEBUG] debug-file - Executing task :entry:assembleHap
[2026-06-02T17:55:04.917] [DEBUG] debug-file - entry : assembleHap cost memory 0.0121002197265625
[2026-06-02T17:55:04.917] [DEBUG] debug-file - runTaskFromQueue task cost before running: 274 ms 
[2026-06-02T17:55:04.917] [INFO] debug-file - Finished :entry:assembleHap... after 1 ms 
[2026-06-02T17:55:04.965] [INFO] debug-file - BUILD SUCCESSFUL in 321 ms 
[2026-06-02T17:55:04.965] [DEBUG] debug-file - There is no need to refresh cache, since the incremental task entry:default@PreBuild is up-to-date.
[2026-06-02T17:55:04.965] [DEBUG] debug-file - Update task entry:default@CreateModuleInfo output file:C:\Users\27843\Downloads\RingtoneKit_Codelab_\entry\build\default\generated\profile\default\ModuleInfo.ts cache.
[2026-06-02T17:55:04.965] [DEBUG] debug-file - Incremental task entry:default@CreateModuleInfo post-execution cost:1 ms .
[2026-06-02T17:55:04.965] [DEBUG] debug-file - There is no need to refresh cache, since the incremental task entry:default@GenerateMetadata is up-to-date.
[2026-06-02T17:55:04.965] [DEBUG] debug-file - There is no need to refresh cache, since the incremental task entry:default@MergeProfile is up-to-date.
[2026-06-02T17:55:04.965] [DEBUG] debug-file - There is no need to refresh cache, since the incremental task entry:default@CreateBuildProfile is up-to-date.
[2026-06-02T17:55:04.965] [DEBUG] debug-file - Update task entry:default@GeneratePkgContextInfo output file:C:\Users\27843\Downloads\RingtoneKit_Codelab_\entry\build\default\intermediates\loader\default\pkgContextInfo.json cache.
[2026-06-02T17:55:04.966] [DEBUG] debug-file - Incremental task entry:default@GeneratePkgContextInfo post-execution cost:1 ms .
[2026-06-02T17:55:04.966] [DEBUG] debug-file - Update task entry:default@ProcessIntegratedHsp output file:C:\Users\27843\Downloads\RingtoneKit_Codelab_\build\cache\default\integrated_hsp\integratedHspCache.json cache.
[2026-06-02T17:55:04.966] [DEBUG] debug-file - Incremental task entry:default@ProcessIntegratedHsp post-execution cost:1 ms .
[2026-06-02T17:55:04.966] [DEBUG] debug-file - There is no need to refresh cache, since the incremental task entry:default@MakePackInfo is up-to-date.
[2026-06-02T17:55:04.966] [DEBUG] debug-file - Update task entry:default@SyscapTransform input file:C:\Program Files\Huawei\DevEco Studio\sdk\default\openharmony\toolchains\syscap_tool.exe cache by regenerate.
[2026-06-02T17:55:04.966] [DEBUG] debug-file - Update task entry:default@SyscapTransform input file:C:\Program Files\Huawei\DevEco Studio\sdk\default\openharmony\ets\api\device-define cache by regenerate.
[2026-06-02T17:55:04.967] [DEBUG] debug-file - Update task entry:default@SyscapTransform output file:C:\Users\27843\Downloads\RingtoneKit_Codelab_\entry\build\default\intermediates\syscap\default\rpcid.sc cache.
[2026-06-02T17:55:04.967] [DEBUG] debug-file - Incremental task entry:default@SyscapTransform post-execution cost:2 ms .
[2026-06-02T17:55:04.967] [DEBUG] debug-file - There is no need to refresh cache, since the incremental task entry:default@ProcessProfile is up-to-date.
[2026-06-02T17:55:04.967] [DEBUG] debug-file - There is no need to refresh cache, since the incremental task entry:default@ProcessRouterMap is up-to-date.
[2026-06-02T17:55:04.967] [DEBUG] debug-file - There is no need to refresh cache, since the incremental task entry:default@ProcessShareConfig is up-to-date.
[2026-06-02T17:55:04.967] [DEBUG] debug-file - Update task entry:default@ProcessStartupConfig output file:C:\Users\27843\Downloads\RingtoneKit_Codelab_\entry\build\default\intermediates\startup\default\startup_config.json cache.
[2026-06-02T17:55:04.967] [DEBUG] debug-file - Incremental task entry:default@ProcessStartupConfig post-execution cost:1 ms .
[2026-06-02T17:55:04.968] [DEBUG] debug-file - There is no need to refresh cache, since the incremental task entry:default@ProcessResource is up-to-date.
[2026-06-02T17:55:04.968] [DEBUG] debug-file - There is no need to refresh cache, since the incremental task entry:default@GenerateLoaderJson is up-to-date.
[2026-06-02T17:55:04.968] [DEBUG] debug-file - There is no need to refresh cache, since the incremental task entry:default@ProcessLibs is up-to-date.
[2026-06-02T17:55:04.968] [DEBUG] debug-file - There is no need to refresh cache, since the incremental task entry:default@CompileResource is up-to-date.
[2026-06-02T17:55:04.968] [DEBUG] debug-file - There is no need to refresh cache, since the incremental task entry:default@DoNativeStrip is up-to-date.
[2026-06-02T17:55:04.968] [DEBUG] debug-file - There is no need to refresh cache, since the incremental task entry:default@CompileArkTS is up-to-date.
[2026-06-02T17:55:04.968] [DEBUG] debug-file - Update task entry:default@BuildJS input file:C:\Users\27843\Downloads\RingtoneKit_Codelab_\entry\build\default\intermediates\loader\default cache by regenerate.
[2026-06-02T17:55:04.969] [DEBUG] debug-file - Update task entry:default@BuildJS input file:C:\Users\27843\Downloads\RingtoneKit_Codelab_\entry\build\default\intermediates\res\default\ResourceTable.txt cache by regenerate.
[2026-06-02T17:55:04.969] [DEBUG] debug-file - Update task entry:default@BuildJS input file:C:\Users\27843\Downloads\RingtoneKit_Codelab_\entry\build\default\intermediates\res\default\ark_module.json cache by regenerate.
[2026-06-02T17:55:04.969] [DEBUG] debug-file - Update task entry:default@BuildJS input file:C:\Users\27843\Downloads\RingtoneKit_Codelab_\entry\build\default\intermediates\res\default\resources\base\profile cache by regenerate.
[2026-06-02T17:55:04.969] [DEBUG] debug-file - Update task entry:default@BuildJS output file:C:\Users\27843\Downloads\RingtoneKit_Codelab_\entry\build\default\intermediates\loader_out\default\js cache.
[2026-06-02T17:55:04.969] [DEBUG] debug-file - Incremental task entry:default@BuildJS post-execution cost:2 ms .
[2026-06-02T17:55:04.970] [DEBUG] debug-file - There is no need to refresh cache, since the incremental task entry:default@CacheNativeLibs is up-to-date.
[2026-06-02T17:55:04.970] [DEBUG] debug-file - There is no need to refresh cache, since the incremental task entry:default@GeneratePkgModuleJson is up-to-date.
[2026-06-02T17:55:04.970] [DEBUG] debug-file - Incremental task entry:default@ProcessCompiledResources post-execution cost:1 ms .
[2026-06-02T17:55:04.970] [DEBUG] debug-file - There is no need to refresh cache, since the incremental task entry:default@PackageHap is up-to-date.
[2026-06-02T17:55:04.970] [DEBUG] debug-file - Update task entry:default@SignHap input file:C:\Users\27843\Downloads\RingtoneKit_Codelab_\entry\build\default\outputs\default\entry-default-unsigned.hap cache by regenerate.
[2026-06-02T17:55:04.970] [DEBUG] debug-file - Update task entry:default@SignHap output file:C:\Users\27843\Downloads\RingtoneKit_Codelab_\entry\build\default\outputs\default\entry-default-signed.hap cache.
[2026-06-02T17:55:04.970] [DEBUG] debug-file - Incremental task entry:default@SignHap post-execution cost:1 ms .
[2026-06-02T17:55:04.971] [DEBUG] debug-file - Update task entry:default@CollectDebugSymbol input file:C:\Users\27843\Downloads\RingtoneKit_Codelab_\entry\build\default\intermediates\loader_out\default\ets\sourceMaps.map cache by regenerate.
[2026-06-02T17:55:04.971] [DEBUG] debug-file - Update task entry:default@CollectDebugSymbol input file:C:\Users\27843\Downloads\RingtoneKit_Codelab_\entry\build\default\intermediates\libs\default cache by regenerate.
[2026-06-02T17:55:04.971] [DEBUG] debug-file - Update task entry:default@CollectDebugSymbol output file:C:\Users\27843\Downloads\RingtoneKit_Codelab_\entry\build\default\outputs\default\symbol cache.
[2026-06-02T17:55:04.971] [DEBUG] debug-file - Incremental task entry:default@CollectDebugSymbol post-execution cost:1 ms .
[2026-06-02T17:55:05.030] [DEBUG] debug-file - hvigor build process will be closed.
[2026-06-02T17:55:05.037] [DEBUG] debug-file - session manager: send message to worker process.
[2026-06-02T17:55:05.037] [DEBUG] debug-file - session manager: send message to worker process.
[2026-06-02T17:55:05.102] [DEBUG] debug-file - watch worker: worker id should be larger than 0. Nothing will be sent to any worker thread.
[2026-06-02T17:55:05.102] [DEBUG] debug-file - watch worker: worker id should be larger than 0. Nothing will be sent to any worker thread.
[2026-06-02T17:56:53.921] [DEBUG] debug-file - session manager: set active socket. socketId=7Xr_RmuNcr3mhrMcAAAV
[2026-06-02T17:56:53.927] [DEBUG] debug-file - watch worker: worker id should be larger than 0. Nothing will be sent to any worker thread.
[2026-06-02T17:56:53.931] [DEBUG] debug-file - Workers' log level updated to INFO
[2026-06-02T17:56:53.937] [DEBUG] debug-file - Hvigor init with startParameters:{
  hvigorfileTypeCheck: false,
  parallelExecution: true,
  incrementalExecution: true,
  printStackTrace: false,
  daemon: true,
  analyze: 0,
  logLevel: Level { level: 20000, levelStr: 'INFO', colour: 'green' },
  optimizationStrategy: 'memory',
  hotCompile: undefined,
  hotReloadBuild: undefined,
  customizedParam: undefined
}
[2026-06-02T17:56:53.943] [DEBUG] debug-file - Cache service initialization finished in 7 ms 
[2026-06-02T17:56:53.945] [DEBUG] debug-file - hvigorfile, resolving C:\Users\27843\Downloads\RingtoneKit_Codelab_\hvigorfile.ts
[2026-06-02T17:56:53.951] [DEBUG] debug-file - hvigorfile, require result:  { default: { plugins: [] } }
[2026-06-02T17:56:53.952] [DEBUG] debug-file - hvigorfile, binding system plugins null
[2026-06-02T17:56:53.952] [DEBUG] debug-file - Starting plugin build process
[2026-06-02T17:56:53.952] [DEBUG] debug-file - App plugin prepare start...
[2026-06-02T17:56:53.953] [DEBUG] debug-file - App plugin prepare end...
[2026-06-02T17:56:53.953] [DEBUG] debug-file - App plugin creating...
[2026-06-02T17:56:53.958] [DEBUG] debug-file - App plugin register hook start...
[2026-06-02T17:56:53.959] [DEBUG] debug-file - App plugin register hook end...
[2026-06-02T17:56:53.959] [DEBUG] debug-file - Plugin build process completed
[2026-06-02T17:56:53.959] [DEBUG] debug-file - Start initialize project's product build option map with build mode debug.
[2026-06-02T17:56:53.959] [DEBUG] debug-file - Picking option from product 'default' with build mode 'debug'.
[2026-06-02T17:56:53.959] [DEBUG] debug-file - Product 'default' build option initialized
[2026-06-02T17:56:53.959] [DEBUG] debug-file - End initialize project's product build option map with build mode 'debug'.
[2026-06-02T17:56:53.960] [DEBUG] debug-file - Obtain build option for product 'default'in this build.
[2026-06-02T17:56:53.961] [DEBUG] debug-file - No signingConfig found, initRemoteHspCache failed.
[2026-06-02T17:56:53.964] [DEBUG] debug-file - Start recording SDK configuration permission data.
[2026-06-02T17:56:54.010] [DEBUG] debug-file - Sdk init in 49 ms 
[2026-06-02T17:56:54.015] [DEBUG] debug-file - Project task initialization takes 5 ms 
[2026-06-02T17:56:54.016] [DEBUG] debug-file - hvigorfile, binding custom plugins []
[2026-06-02T17:56:54.016] [DEBUG] debug-file - hvigorfile, no custom plugins were found in C:\Users\27843\Downloads\RingtoneKit_Codelab_\hvigorfile.ts
[2026-06-02T17:56:54.016] [DEBUG] debug-file - hvigorfile, resolve finished C:\Users\27843\Downloads\RingtoneKit_Codelab_\hvigorfile.ts
[2026-06-02T17:56:54.017] [DEBUG] debug-file - hvigorfile, resolving C:\Users\27843\Downloads\RingtoneKit_Codelab_\entry\hvigorfile.ts
[2026-06-02T17:56:54.023] [DEBUG] debug-file - hvigorfile, require result:  { default: { plugins: [] } }
[2026-06-02T17:56:54.023] [DEBUG] debug-file - hvigorfile, binding system plugins null
[2026-06-02T17:56:54.023] [DEBUG] debug-file - Starting plugin build process
[2026-06-02T17:56:54.023] [DEBUG] debug-file - Hap plugin creating...
[2026-06-02T17:56:54.025] [DEBUG] debug-file - failed to load cangjie to dynamically generate schemas: Error: Cannot find module '@ohos/cangjie-build-support/index'
Require stack:
- C:\Program Files\Huawei\DevEco Studio\tools\hvigor\hvigor-ohos-plugin\src\plugin\hooks\cangjie-register.js
- C:\Program Files\Huawei\DevEco Studio\tools\hvigor\hvigor-ohos-plugin\src\plugin\strategy\stage-init-strategy.js
- C:\Program Files\Huawei\DevEco Studio\tools\hvigor\hvigor-ohos-plugin\src\plugin\builder\abstract-plugin-builder.js
- C:\Program Files\Huawei\DevEco Studio\tools\hvigor\hvigor-ohos-plugin\src\plugin\builder\app-plugin-builder.js
- C:\Program Files\Huawei\DevEco Studio\tools\hvigor\hvigor-ohos-plugin\src\plugin\factory\plugin-factory.js
- C:\Program Files\Huawei\DevEco Studio\tools\hvigor\hvigor-ohos-plugin\index.js
- C:\Users\27843\Downloads\RingtoneKit_Codelab_\hvigorfile.ts
- C:\Program Files\Huawei\DevEco Studio\tools\hvigor\hvigor\src\base\internal\lifecycle\configuration.js
- C:\Program Files\Huawei\DevEco Studio\tools\hvigor\hvigor\src\base\boot\index.js
- C:\Program Files\Huawei\DevEco Studio\tools\hvigor\hvigor\src\base\daemon\cluster\worker-process-lifecycle.js
- C:\Program Files\Huawei\DevEco Studio\tools\hvigor\hvigor\src\base\daemon\process\daemon-process-boot-script.js
[2026-06-02T17:56:54.029] [DEBUG] debug-file - Start initialize module-target build option map, moduleName=entry, buildMode=debug
[2026-06-02T17:56:54.029] [DEBUG] debug-file - Target 'default' config initialized
[2026-06-02T17:56:54.029] [DEBUG] debug-file - Module 'entry' target 'default' build option initialized
[2026-06-02T17:56:54.029] [DEBUG] debug-file - End initialize module-target build option map, moduleName=entry
[2026-06-02T17:56:54.029] [DEBUG] debug-file - Start initialize module-target build option map, moduleName=entry, buildMode=release
[2026-06-02T17:56:54.029] [DEBUG] debug-file - Target 'default' config initialized
[2026-06-02T17:56:54.030] [DEBUG] debug-file - Module 'entry' target 'default' build option initialized
[2026-06-02T17:56:54.030] [DEBUG] debug-file - End initialize module-target build option map, moduleName=entry
[2026-06-02T17:56:54.030] [DEBUG] debug-file - Start initialize module-target build option map, moduleName=entry, buildMode=debug
[2026-06-02T17:56:54.030] [DEBUG] debug-file - Target 'default' config initialized
[2026-06-02T17:56:54.030] [DEBUG] debug-file - Module 'entry' target 'default' build option initialized
[2026-06-02T17:56:54.030] [DEBUG] debug-file - End initialize module-target build option map, moduleName=entry
[2026-06-02T17:56:54.030] [DEBUG] debug-file - Obtain build option for module 'entry' target 'default'in this build.
[2026-06-02T17:56:54.034] [DEBUG] debug-file - Module entry task initialization takes 3 ms 
[2026-06-02T17:56:54.034] [DEBUG] debug-file - Hap plugin register hook start...
[2026-06-02T17:56:54.034] [DEBUG] debug-file - Hap plugin register hook end...
[2026-06-02T17:56:54.034] [DEBUG] debug-file - Plugin build process completed
[2026-06-02T17:56:54.034] [DEBUG] debug-file - hvigorfile, binding custom plugins []
[2026-06-02T17:56:54.034] [DEBUG] debug-file - hvigorfile, no custom plugins were found in C:\Users\27843\Downloads\RingtoneKit_Codelab_\entry\hvigorfile.ts
[2026-06-02T17:56:54.034] [DEBUG] debug-file - hvigorfile, resolve finished C:\Users\27843\Downloads\RingtoneKit_Codelab_\entry\hvigorfile.ts
[2026-06-02T17:56:54.142] [DEBUG] debug-file - hvigorfile, resolve hvigorfile dependencies in 107 ms 
[2026-06-02T17:56:54.142] [DEBUG] debug-file - project has submodules:entry
[2026-06-02T17:56:54.144] [DEBUG] debug-file - start to load updatedOhPackageInfo to the disk
[2026-06-02T17:56:54.149] [DEBUG] debug-file - load to the disk finished
[2026-06-02T17:56:54.150] [DEBUG] debug-file - Start to initialize dependency information.
[2026-06-02T17:56:54.151] [DEBUG] debug-file - Module RingtoneKit_Codelab_ Collected Dependency: 
[2026-06-02T17:56:54.151] [DEBUG] debug-file - Module RingtoneKit_Codelab_'s total dependency: 0
[2026-06-02T17:56:54.152] [DEBUG] debug-file - Start to initialize dependency information.
[2026-06-02T17:56:54.154] [DEBUG] debug-file - Module entry Collected Dependency: 
[2026-06-02T17:56:54.154] [DEBUG] debug-file - Module entry's total dependency: 0
[2026-06-02T17:56:54.155] [DEBUG] debug-file - Configuration phase cost:213 ms 
[2026-06-02T17:56:54.156] [DEBUG] debug-file - Configuration task cost before running: 226 ms 
[2026-06-02T17:56:54.161] [DEBUG] debug-file - Executing task :entry:default@PreBuild
[2026-06-02T17:56:54.161] [WARN] debug-file - The project has not explicitly set the 'targetSdkVersion' version at build-profile.json5. It is recommended to configure it. Reference: https://developer.huawei.com/consumer/cn/doc/harmonyos-guides/ide-hvigor-build-profile-app#section45865492619
[2026-06-02T17:56:54.162] [DEBUG] debug-file - Task 'entry:default@PreBuild' cost while wrapping incremental declarations: 1 ms 
[2026-06-02T17:56:54.170] [DEBUG] debug-file - Incremental task entry:default@PreBuild pre-execution cost: 6 ms .
[2026-06-02T17:56:54.170] [DEBUG] debug-file - entry : default@PreBuild cost memory 0.3227691650390625
[2026-06-02T17:56:54.172] [INFO] debug-file - UP-TO-DATE :entry:default@PreBuild...  
[2026-06-02T17:56:54.174] [DEBUG] debug-file - Executing task :entry:default@CreateModuleInfo
[2026-06-02T17:56:54.174] [DEBUG] debug-file - Task 'entry:default@CreateModuleInfo' cost while wrapping incremental declarations: 1 ms 
[2026-06-02T17:56:54.174] [DEBUG] debug-file - entry : default@CreateModuleInfo cost memory 0.03957366943359375
[2026-06-02T17:56:54.175] [DEBUG] debug-file - runTaskFromQueue task cost before running: 244 ms 
[2026-06-02T17:56:54.175] [INFO] debug-file - Finished :entry:default@CreateModuleInfo... after 1 ms 
[2026-06-02T17:56:54.176] [DEBUG] debug-file - Executing task :entry:default@GenerateMetadata
[2026-06-02T17:56:54.177] [DEBUG] debug-file - Task 'entry:default@GenerateMetadata' cost while wrapping incremental declarations: 1 ms 
[2026-06-02T17:56:54.178] [DEBUG] debug-file - Incremental task entry:default@GenerateMetadata pre-execution cost: 1 ms .
[2026-06-02T17:56:54.178] [DEBUG] debug-file - entry : default@GenerateMetadata cost memory 0.0814666748046875
[2026-06-02T17:56:54.178] [INFO] debug-file - UP-TO-DATE :entry:default@GenerateMetadata...  
[2026-06-02T17:56:54.180] [DEBUG] debug-file - Executing task :entry:default@ConfigureCmake
[2026-06-02T17:56:54.180] [DEBUG] debug-file - entry : default@ConfigureCmake cost memory 0.0139007568359375
[2026-06-02T17:56:54.180] [DEBUG] debug-file - runTaskFromQueue task cost before running: 249 ms 
[2026-06-02T17:56:54.180] [INFO] debug-file - Finished :entry:default@ConfigureCmake... after 1 ms 
[2026-06-02T17:56:54.181] [DEBUG] debug-file - Executing task :entry:default@MergeProfile
[2026-06-02T17:56:54.182] [DEBUG] debug-file - Task 'entry:default@MergeProfile' cost while wrapping incremental declarations: 1 ms 
[2026-06-02T17:56:54.184] [DEBUG] debug-file - Incremental task entry:default@MergeProfile pre-execution cost: 3 ms .
[2026-06-02T17:56:54.185] [DEBUG] debug-file - entry : default@MergeProfile cost memory 0.12071990966796875
[2026-06-02T17:56:54.185] [INFO] debug-file - UP-TO-DATE :entry:default@MergeProfile...  
[2026-06-02T17:56:54.186] [DEBUG] debug-file - Executing task :entry:default@CreateBuildProfile
[2026-06-02T17:56:54.186] [DEBUG] debug-file - Task 'entry:default@CreateBuildProfile' cost while wrapping incremental declarations: 1 ms 
[2026-06-02T17:56:54.188] [DEBUG] debug-file - Incremental task entry:default@CreateBuildProfile pre-execution cost: 2 ms .
[2026-06-02T17:56:54.188] [DEBUG] debug-file - entry : default@CreateBuildProfile cost memory 0.09197235107421875
[2026-06-02T17:56:54.188] [INFO] debug-file - UP-TO-DATE :entry:default@CreateBuildProfile...  
[2026-06-02T17:56:54.190] [DEBUG] debug-file - Executing task :entry:default@PreCheckSyscap
[2026-06-02T17:56:54.190] [DEBUG] debug-file - entry : default@PreCheckSyscap cost memory 0.01412200927734375
[2026-06-02T17:56:54.190] [DEBUG] debug-file - runTaskFromQueue task cost before running: 259 ms 
[2026-06-02T17:56:54.190] [INFO] debug-file - Finished :entry:default@PreCheckSyscap... after 1 ms 
[2026-06-02T17:56:54.192] [DEBUG] debug-file - Executing task :entry:default@GeneratePkgContextInfo
[2026-06-02T17:56:54.197] [DEBUG] debug-file - Task 'entry:default@GeneratePkgContextInfo' cost while wrapping incremental declarations: 1 ms 
[2026-06-02T17:56:54.198] [DEBUG] debug-file - entry : default@GeneratePkgContextInfo cost memory 0.46321868896484375
[2026-06-02T17:56:54.198] [DEBUG] debug-file - runTaskFromQueue task cost before running: 267 ms 
[2026-06-02T17:56:54.198] [INFO] debug-file - Finished :entry:default@GeneratePkgContextInfo... after 7 ms 
[2026-06-02T17:56:54.202] [DEBUG] debug-file - Executing task :entry:default@ProcessIntegratedHsp
[2026-06-02T17:56:54.202] [DEBUG] debug-file - entry:default@ProcessIntegratedHsp is not up-to-date, since the output file 'C:\Users\27843\Downloads\RingtoneKit_Codelab_\build\cache\default\integrated_hsp\integratedHspCache.json' does not exist.
[2026-06-02T17:56:54.203] [DEBUG] debug-file - Incremental task entry:default@ProcessIntegratedHsp pre-execution cost: 1 ms .
[2026-06-02T17:56:54.203] [DEBUG] debug-file - entry : default@ProcessIntegratedHsp cost memory 0.056732177734375
[2026-06-02T17:56:54.203] [DEBUG] debug-file - runTaskFromQueue task cost before running: 272 ms 
[2026-06-02T17:56:54.203] [INFO] debug-file - Finished :entry:default@ProcessIntegratedHsp... after 1 ms 
[2026-06-02T17:56:54.205] [DEBUG] debug-file - Executing task :entry:default@BuildNativeWithCmake
[2026-06-02T17:56:54.205] [DEBUG] debug-file - entry : default@BuildNativeWithCmake cost memory 0.0139007568359375
[2026-06-02T17:56:54.205] [DEBUG] debug-file - runTaskFromQueue task cost before running: 274 ms 
[2026-06-02T17:56:54.205] [INFO] debug-file - Finished :entry:default@BuildNativeWithCmake... after 1 ms 
[2026-06-02T17:56:54.207] [DEBUG] debug-file - Executing task :entry:default@MakePackInfo
[2026-06-02T17:56:54.209] [DEBUG] debug-file - Incremental task entry:default@MakePackInfo pre-execution cost: 2 ms .
[2026-06-02T17:56:54.209] [DEBUG] debug-file - entry : default@MakePackInfo cost memory 0.10272216796875
[2026-06-02T17:56:54.209] [INFO] debug-file - UP-TO-DATE :entry:default@MakePackInfo...  
[2026-06-02T17:56:54.211] [DEBUG] debug-file - Executing task :entry:default@SyscapTransform
[2026-06-02T17:56:54.211] [DEBUG] debug-file - File: 'C:\Users\27843\Downloads\RingtoneKit_Codelab_\entry\src\main\syscap.json' from 'sysCapJsonPath' is not exists, just ignore.
[2026-06-02T17:56:54.212] [DEBUG] debug-file - Task 'entry:default@SyscapTransform' cost while wrapping incremental declarations: 1 ms 
[2026-06-02T17:56:54.214] [DEBUG] debug-file - entry:default@SyscapTransform is not up-to-date, since the output file 'C:\Users\27843\Downloads\RingtoneKit_Codelab_\entry\build\default\intermediates\syscap\default\rpcid.sc' does not exist.
[2026-06-02T17:56:54.215] [DEBUG] debug-file - Incremental task entry:default@SyscapTransform pre-execution cost: 3 ms .
[2026-06-02T17:56:54.215] [DEBUG] debug-file - entry : default@SyscapTransform cost memory 0.1450653076171875
[2026-06-02T17:56:54.215] [DEBUG] debug-file - runTaskFromQueue task cost before running: 284 ms 
[2026-06-02T17:56:54.215] [INFO] debug-file - Finished :entry:default@SyscapTransform... after 5 ms 
[2026-06-02T17:56:54.217] [DEBUG] debug-file - Executing task :entry:default@ProcessProfile
[2026-06-02T17:56:54.218] [DEBUG] debug-file - Task 'entry:default@ProcessProfile' cost while wrapping incremental declarations: 1 ms 
[2026-06-02T17:56:54.219] [DEBUG] debug-file - Incremental task entry:default@ProcessProfile pre-execution cost: 1 ms .
[2026-06-02T17:56:54.219] [DEBUG] debug-file - entry : default@ProcessProfile cost memory 0.120635986328125
[2026-06-02T17:56:54.219] [INFO] debug-file - UP-TO-DATE :entry:default@ProcessProfile...  
[2026-06-02T17:56:54.221] [DEBUG] debug-file - Executing task :entry:default@ProcessRouterMap
[2026-06-02T17:56:54.223] [DEBUG] debug-file - Incremental task entry:default@ProcessRouterMap pre-execution cost: 2 ms .
[2026-06-02T17:56:54.223] [DEBUG] debug-file - entry : default@ProcessRouterMap cost memory 0.1334075927734375
[2026-06-02T17:56:54.224] [INFO] debug-file - UP-TO-DATE :entry:default@ProcessRouterMap...  
[2026-06-02T17:56:54.229] [DEBUG] debug-file - Executing task :entry:default@ProcessShareConfig
[2026-06-02T17:56:54.231] [DEBUG] debug-file - Incremental task entry:default@ProcessShareConfig pre-execution cost: 2 ms .
[2026-06-02T17:56:54.231] [DEBUG] debug-file - entry : default@ProcessShareConfig cost memory 0.11028289794921875
[2026-06-02T17:56:54.232] [INFO] debug-file - UP-TO-DATE :entry:default@ProcessShareConfig...  
[2026-06-02T17:56:54.233] [DEBUG] debug-file - Executing task :entry:default@ProcessStartupConfig
[2026-06-02T17:56:54.233] [DEBUG] debug-file - Task 'entry:default@ProcessStartupConfig' cost while wrapping incremental declarations: 1 ms 
[2026-06-02T17:56:54.234] [DEBUG] debug-file - entry:default@ProcessStartupConfig is not up-to-date, since the output file 'C:\Users\27843\Downloads\RingtoneKit_Codelab_\entry\build\default\intermediates\startup\default\startup_config.json' does not exist.
[2026-06-02T17:56:54.234] [DEBUG] debug-file - Incremental task entry:default@ProcessStartupConfig pre-execution cost: 1 ms .
[2026-06-02T17:56:54.235] [DEBUG] debug-file - entry : default@ProcessStartupConfig cost memory 0.095062255859375
[2026-06-02T17:56:54.235] [DEBUG] debug-file - runTaskFromQueue task cost before running: 304 ms 
[2026-06-02T17:56:54.235] [INFO] debug-file - Finished :entry:default@ProcessStartupConfig... after 2 ms 
[2026-06-02T17:56:54.237] [DEBUG] debug-file - Executing task :entry:default@BuildNativeWithNinja
[2026-06-02T17:56:54.237] [DEBUG] debug-file - entry : default@BuildNativeWithNinja cost memory 0.02095794677734375
[2026-06-02T17:56:54.237] [DEBUG] debug-file - runTaskFromQueue task cost before running: 307 ms 
[2026-06-02T17:56:54.238] [INFO] debug-file - Finished :entry:default@BuildNativeWithNinja... after 1 ms 
[2026-06-02T17:56:54.239] [DEBUG] debug-file - restool module names: entry; moduleName=entry, taskName=default@ProcessResource
[2026-06-02T17:56:54.240] [DEBUG] debug-file - Executing task :entry:default@ProcessResource
[2026-06-02T17:56:54.240] [DEBUG] debug-file - Task 'entry:default@ProcessResource' cost while wrapping incremental declarations: 1 ms 
[2026-06-02T17:56:54.241] [DEBUG] debug-file - Incremental task entry:default@ProcessResource pre-execution cost: 1 ms .
[2026-06-02T17:56:54.241] [DEBUG] debug-file - entry : default@ProcessResource cost memory 0.13294219970703125
[2026-06-02T17:56:54.243] [INFO] debug-file - UP-TO-DATE :entry:default@ProcessResource...  
[2026-06-02T17:56:54.245] [DEBUG] debug-file - Executing task :entry:default@GenerateLoaderJson
[2026-06-02T17:56:54.245] [DEBUG] debug-file - Task 'entry:default@GenerateLoaderJson' cost while wrapping incremental declarations: 1 ms 
[2026-06-02T17:56:54.255] [DEBUG] debug-file - Incremental task entry:default@GenerateLoaderJson pre-execution cost: 6 ms .
[2026-06-02T17:56:54.255] [DEBUG] debug-file - entry : default@GenerateLoaderJson cost memory 0.4782257080078125
[2026-06-02T17:56:54.259] [INFO] debug-file - UP-TO-DATE :entry:default@GenerateLoaderJson...  
[2026-06-02T17:56:54.260] [DEBUG] debug-file - Executing task :entry:default@ProcessLibs
[2026-06-02T17:56:54.263] [DEBUG] debug-file - Incremental task entry:default@ProcessLibs pre-execution cost: 2 ms .
[2026-06-02T17:56:54.263] [DEBUG] debug-file - entry : default@ProcessLibs cost memory 0.10424041748046875
[2026-06-02T17:56:54.264] [INFO] debug-file - UP-TO-DATE :entry:default@ProcessLibs...  
[2026-06-02T17:56:54.265] [DEBUG] debug-file - restool module names: entry; moduleName=entry, taskName=default@CompileResource
[2026-06-02T17:56:54.266] [DEBUG] debug-file - Executing task :entry:default@CompileResource
[2026-06-02T17:56:54.280] [DEBUG] debug-file - Incremental task entry:default@CompileResource pre-execution cost: 12 ms .
[2026-06-02T17:56:54.280] [DEBUG] debug-file - entry : default@CompileResource cost memory 0.573577880859375
[2026-06-02T17:56:54.281] [INFO] debug-file - UP-TO-DATE :entry:default@CompileResource...  
[2026-06-02T17:56:54.283] [DEBUG] debug-file - Executing task :entry:default@DoNativeStrip
[2026-06-02T17:56:54.284] [DEBUG] debug-file - Task 'entry:default@DoNativeStrip' cost while wrapping incremental declarations: 1 ms 
[2026-06-02T17:56:54.285] [DEBUG] debug-file - Incremental task entry:default@DoNativeStrip pre-execution cost: 1 ms .
[2026-06-02T17:56:54.285] [DEBUG] debug-file - entry : default@DoNativeStrip cost memory 0.07437896728515625
[2026-06-02T17:56:54.285] [INFO] debug-file - UP-TO-DATE :entry:default@DoNativeStrip...  
[2026-06-02T17:56:54.286] [DEBUG] debug-file - Executing task :entry:default@CompileArkTS
[2026-06-02T17:56:54.287] [DEBUG] debug-file - obfuscationOptions: undefined
[2026-06-02T17:56:54.288] [DEBUG] debug-file - Task 'entry:default@CompileArkTS' cost while wrapping incremental declarations: 1 ms 
[2026-06-02T17:56:54.295] [DEBUG] debug-file - entry:default@CompileArkTS is not up-to-date, since the input file 'C:\Users\27843\Downloads\RingtoneKit_Codelab_\entry\src\main\ets' has been changed.
[2026-06-02T17:56:54.295] [DEBUG] debug-file - Incremental task entry:default@CompileArkTS pre-execution cost: 6 ms .
[2026-06-02T17:56:54.307] [DEBUG] debug-file - build config:
[2026-06-02T17:56:54.307] [DEBUG] debug-file - {
  moduleType: 'entry',
  perf: 0,
  targetName: '.default',
  packageManagerType: 'ohpm',
  localPropertiesPath: 'C:\\Users\\27843\\Downloads\\RingtoneKit_Codelab_\\local.properties',
  isPreview: false,
  isOhosTest: false,
  isLocalTest: false,
  buildMode: 'Debug',
  hotReloadBuild: undefined,
  watchMode: 'false',
  aceProfilePath: 'C:\\Users\\27843\\Downloads\\RingtoneKit_Codelab_\\entry\\build\\default\\intermediates\\res\\default\\resources\\base\\profile',
  etsLoaderPath: 'C:\\Program Files\\Huawei\\DevEco Studio\\sdk\\default\\openharmony\\ets\\build-tools\\ets-loader',
  modulePath: 'C:\\Users\\27843\\Downloads\\RingtoneKit_Codelab_\\entry',
  testFrameworkPar: {
    testMode: undefined,
    coveragePathFilter: undefined,
    coverageMode: undefined
  },
  needCoverageInsert: false,
  debugLine: false,
  projectTopDir: 'C:\\Users\\27843\\Downloads\\RingtoneKit_Codelab_',
  compileSdkVersion: 22,
  compatibleSdkVersion: 12,
  originCompatibleSdkVersion: '5.0.0(12)',
  compatibleSdkVersionStage: 'beta1',
  bundleName: 'c***n',
  etsLoaderVersion: '6.0.2.130',
  etsLoaderReleaseType: 'Release',
  aotCompileMode: 'type',
  apPath: 'C:\\Users\\27843\\Downloads\\RingtoneKit_Codelab_\\entry\\modules.ap',
  entryModuleName: 'entry',
  entryModuleVersion: '1.0.0',
  entryPackageName: 'entry',
  allModuleNameHash: 'db44f8a8a620383b923efb1105d6d0eb296559a94ef72a4510286f2511f87786',
  externalApiPaths: [
    'C:\\Program Files\\Huawei\\DevEco Studio\\sdk\\default\\hms\\ets'
  ],
  compilerTypes: [],
  isCrossplatform: false,
  hvigorPluginFile: undefined,
  compilePluginPath: undefined,
  buildGeneratedProfilePath: 'C:\\Users\\27843\\Downloads\\RingtoneKit_Codelab_\\entry\\build\\default\\generated\\profile\\default',
  bundleType: 'app',
  arkTSVersion: undefined,
  apiVersion: 22,
  needCompleteSourcesMap: false,
  isFaMode: false,
  buildDir: 'C:\\Users\\27843\\Downloads\\RingtoneKit_Codelab_\\entry\\build',
  deviceTypes: [ 'phone', 'tablet', 'wearable' ],
  pkgContextInfo: undefined,
  ohPackagePathMap: {},
  dependencyAliasMap: {},
  permission: { requestPermissions: undefined, definePermissions: undefined },
  useGetCurrentBundleName: false,
  projectArkOption: undefined,
  sourceMapDir: undefined,
  branchElimination: false,
  transformLib: undefined,
  tsImportSendable: false,
  resolveConflictMode: true,
  depName2RootPath: {},
  depName2DepInfo: {},
  rootPathSet: [ 'C:\\Users\\27843\\Downloads\\RingtoneKit_Codelab_' ],
  useNativeResolver: true,
  shouldEmitJs: true,
  useTscResolve: false,
  singleFileEmit: false,
  userProjectConfig: {
    autoLazyImport: false,
    allowEmptyBundleName: false,
    reExportCheckMode: 'noCheck',
    executionMode: 'memory',
    usePathPlaceholder: false,
    writeRollupCache: true,
    isExpandImportEnabled: false,
    expandImportExclude: '',
    lazyImportExclude: '',
    lazyImportInclude: '',
    ignoreCrossplatformCheck: false,
    isHarDeduplicateEnabled: false,
    skipOhModulesLint: false,
    enableStrictCheckOHModule: false,
    disableSendableCheckRules: [],
    useDeclarationFileSignature: false,
    customizedOptions: undefined,
    integratedHsp: false,
    isPreloadSoEnabled: false
  },
  executionMode: 'memory',
  arkCompileCachePath: 'C:\\Users\\27843\\Downloads\\RingtoneKit_Codelab_\\entry\\build\\default\\cache\\default\\default@CompileArkTS\\esmodule',
  autoLazyFilter: undefined,
  isHarDeduplicateEnabled: false,
  intermediateHarDuplicateDirPath: 'C:\\Users\\27843\\Downloads\\RingtoneKit_Codelab_\\entry\\build\\default\\intermediates\\har_duplicate\\default',
  autoLazyImport: false,
  allowEmptyBundleName: false,
  reExportCheckMode: 'noCheck',
  usePathPlaceholder: false,
  writeRollupCache: true,
  isExpandImportEnabled: false,
  expandImportExclude: '',
  lazyImportExclude: '',
  lazyImportInclude: '',
  ignoreCrossplatformCheck: false,
  skipOhModulesLint: false,
  enableStrictCheckOHModule: false,
  disableSendableCheckRules: [],
  useDeclarationFileSignature: false,
  customizedOptions: undefined,
  integratedHsp: false,
  isPreloadSoEnabled: false,
  strictMode: undefined,
  useNormalizedOHMUrl: false,
  caseSensitiveCheck: false,
  aceModuleJsonPath: 'C:\\Users\\27843\\Downloads\\RingtoneKit_Codelab_\\entry\\build\\default\\intermediates\\res\\default\\ark_module.json',
  appResource: 'C:\\Users\\27843\\Downloads\\RingtoneKit_Codelab_\\entry\\build\\default\\intermediates\\res\\default\\ResourceTable.txt',
  rawFileResource: 'C:\\Users\\27843\\Downloads\\RingtoneKit_Codelab_\\entry\\build\\default\\intermediates\\res\\default\\resources\\rawfile',
  resourceTableHash: '0a5e461b8cc472af07d60289bf2402599b7c63db39b7448590c7effc1f3dc134',
  runtimeOS: 'HarmonyOS',
  sdkInfo: 'false:22:6.0.2.130:Release',
  aceModuleRoot: 'C:\\Users\\27843\\Downloads\\RingtoneKit_Codelab_\\entry\\src\\main\\ets',
  compileMode: 'esmodule',
  aceSuperVisualPath: 'C:\\Users\\27843\\Downloads\\RingtoneKit_Codelab_\\entry\\src\\main\\supervisual',
  aceBuildJson: 'C:\\Users\\27843\\Downloads\\RingtoneKit_Codelab_\\entry\\build\\default\\intermediates\\loader\\default\\loader.json',
  cachePath: 'C:\\Users\\27843\\Downloads\\RingtoneKit_Codelab_\\entry\\build\\default\\cache\\default\\default@CompileArkTS\\esmodule\\debug',
  aceModuleBuild: 'C:\\Users\\27843\\Downloads\\RingtoneKit_Codelab_\\entry\\build\\default\\intermediates\\loader_out\\default\\ets',
  supportChunks: true,
  declaredFilesPath: undefined,
  shouldCollectDirectImportees: false,
  isByteCodeHarOptimize: false,
  expandImportPath: undefined,
  pkgNameToPkgBriefInfo: {
    entry: {
      pkgRoot: 'C:\\Users\\27843\\Downloads\\RingtoneKit_Codelab_\\entry',
      originalSourceRoots: undefined,
      sourceRoots: [Array],
      pkgName: 'entry'
    }
  },
  projectModel: {
    'C:\\Users\\27843\\Downloads\\RingtoneKit_Codelab_\\entry\\src\\main': {
      moduleName: 'entry',
      modulePkgPath: 'C:\\Users\\27843\\Downloads\\RingtoneKit_Codelab_\\entry',
      belongProjectPath: 'C:\\Users\\27843\\Downloads\\RingtoneKit_Codelab_'
    },
    'C:\\Users\\27843\\Downloads\\RingtoneKit_Codelab_\\entry': {
      moduleName: 'entry',
      modulePkgPath: 'C:\\Users\\27843\\Downloads\\RingtoneKit_Codelab_\\entry',
      belongProjectPath: 'C:\\Users\\27843\\Downloads\\RingtoneKit_Codelab_'
    },
    'C:\\Users\\27843\\Downloads\\RingtoneKit_Codelab_': {
      moduleName: 'RingtoneKit_Codelab_',
      modulePkgPath: 'C:\\Users\\27843\\Downloads\\RingtoneKit_Codelab_',
      belongProjectPath: 'C:\\Users\\27843\\Downloads\\RingtoneKit_Codelab_'
    }
  },
  pkgJsonFileHash: '2d3aabe892cb47a8d32dc51369771e7583ba0b181fb1299d8dac661ceb735d99',
  allModulePaths: [ 'C:\\Users\\27843\\Downloads\\RingtoneKit_Codelab_\\entry' ],
  routerMap: {},
  obfuscationOptions: undefined,
  byteCodeHarToDependencyKeys: undefined,
  compileBlockPkg: [],
  mockParams: {
    decorator: '@MockSetup',
    packageName: '@ohos/hamock',
    etsSourceRootPath: 'src/main/ets',
    mockConfigPath: undefined,
    mockConfigKey2ModuleInfo: {},
    source2ModuleIdMap: {}
  },
  copyCodeResourceEnable: true,
  copyCodeResourceExcludes: [],
  copyCodeResourceIncludes: undefined,
  uiTransformOptimization: false,
  sdkPath: 'C:/Program Files/Huawei/DevEco Studio/sdk',
  needPreloadSoFileSet: {},
  preloadSoFilePath: 'C:\\Users\\27843\\Downloads\\RingtoneKit_Codelab_\\entry\\build\\default\\intermediates\\preload\\default\\preload.json',
  useSourceHash: false,
  localModuleParamMap: {},
  otherPaths: {
    'entry/*': [
      '..\\*',
      '..\\..\\..\\build\\default\\generated\\profile\\default\\*'
    ]
  },
  collectImportersConfig: undefined
}
[2026-06-02T17:56:54.307] [DEBUG] debug-file - Compile arkts with external api path: C:\Program Files\Huawei\DevEco Studio\sdk\default\hms\ets
[2026-06-02T17:56:54.309] [DEBUG] debug-file - default@CompileArkTS work[12] is submitted.
[2026-06-02T17:56:54.309] [DEBUG] debug-file - default@CompileArkTS work[12] is pushed to ready queue.
[2026-06-02T17:56:54.309] [DEBUG] debug-file - A work dispatched to worker[31] failed because unable to get work from ready queue.
[2026-06-02T17:56:54.309] [DEBUG] debug-file - A work dispatched to worker[30] failed because unable to get work from ready queue.
[2026-06-02T17:56:54.309] [DEBUG] debug-file - A work dispatched to worker[29] failed because unable to get work from ready queue.
[2026-06-02T17:56:54.309] [DEBUG] debug-file - A work dispatched to worker[28] failed because unable to get work from ready queue.
[2026-06-02T17:56:54.309] [DEBUG] debug-file - A work dispatched to worker[27] failed because unable to get work from ready queue.
[2026-06-02T17:56:54.309] [DEBUG] debug-file - A work dispatched to worker[26] failed because unable to get work from ready queue.
[2026-06-02T17:56:54.309] [DEBUG] debug-file - A work dispatched to worker[25] failed because unable to get work from ready queue.
[2026-06-02T17:56:54.309] [DEBUG] debug-file - A work dispatched to worker[24] failed because unable to get work from ready queue.
[2026-06-02T17:56:54.309] [DEBUG] debug-file - A work dispatched to worker[23] failed because unable to get work from ready queue.
[2026-06-02T17:56:54.310] [DEBUG] debug-file - A work dispatched to worker[22] failed because unable to get work from ready queue.
[2026-06-02T17:56:54.310] [DEBUG] debug-file - A work dispatched to worker[21] failed because unable to get work from ready queue.
[2026-06-02T17:56:54.310] [DEBUG] debug-file - A work dispatched to worker[20] failed because unable to get work from ready queue.
[2026-06-02T17:56:54.310] [DEBUG] debug-file - A work dispatched to worker[19] failed because unable to get work from ready queue.
[2026-06-02T17:56:54.310] [DEBUG] debug-file - A work dispatched to worker[18] failed because unable to get work from ready queue.
[2026-06-02T17:56:54.310] [DEBUG] debug-file - A work dispatched to worker[17] failed because unable to get work from ready queue.
[2026-06-02T17:56:54.310] [DEBUG] debug-file - A work dispatched to worker[16] failed because unable to get work from ready queue.
[2026-06-02T17:56:54.310] [DEBUG] debug-file - A work dispatched to worker[15] failed because unable to get work from ready queue.
[2026-06-02T17:56:54.310] [DEBUG] debug-file - A work dispatched to worker[14] failed because unable to get work from ready queue.
[2026-06-02T17:56:54.310] [DEBUG] debug-file - A work dispatched to worker[13] failed because unable to get work from ready queue.
[2026-06-02T17:56:54.310] [DEBUG] debug-file - A work dispatched to worker[12] failed because unable to get work from ready queue.
[2026-06-02T17:56:54.310] [DEBUG] debug-file - A work dispatched to worker[11] failed because unable to get work from ready queue.
[2026-06-02T17:56:54.310] [DEBUG] debug-file - A work dispatched to worker[10] failed because unable to get work from ready queue.
[2026-06-02T17:56:54.310] [DEBUG] debug-file - A work dispatched to worker[9] failed because unable to get work from ready queue.
[2026-06-02T17:56:54.310] [DEBUG] debug-file - A work dispatched to worker[8] failed because unable to get work from ready queue.
[2026-06-02T17:56:54.310] [DEBUG] debug-file - A work dispatched to worker[7] failed because unable to get work from ready queue.
[2026-06-02T17:56:54.310] [DEBUG] debug-file - A work dispatched to worker[6] failed because unable to get work from ready queue.
[2026-06-02T17:56:54.310] [DEBUG] debug-file - A work dispatched to worker[5] failed because unable to get work from ready queue.
[2026-06-02T17:56:54.311] [DEBUG] debug-file - default@CompileArkTS work[12] has been dispatched to worker[4].
[2026-06-02T17:56:54.311] [DEBUG] debug-file - default@CompileArkTS work[12] is dispatched.
[2026-06-02T17:56:54.311] [DEBUG] debug-file - CopyResources startTime: 5517087349700
[2026-06-02T17:56:54.311] [DEBUG] debug-file - default@CompileArkTS work[13] is submitted.
[2026-06-02T17:56:54.311] [DEBUG] debug-file - default@CompileArkTS work[13] is pushed to ready queue.
[2026-06-02T17:56:54.311] [DEBUG] debug-file - A work dispatched to worker[31] failed because unable to get work from ready queue.
[2026-06-02T17:56:54.312] [DEBUG] debug-file - Create  resident worker with id: 30.
[2026-06-02T17:56:54.316] [DEBUG] debug-file - default@CompileArkTS work[13] has been dispatched to worker[30].
[2026-06-02T17:56:54.316] [DEBUG] debug-file - default@CompileArkTS work[13] is dispatched.
[2026-06-02T17:56:54.316] [DEBUG] debug-file - entry : default@CompileArkTS cost memory 1.45123291015625
[2026-06-02T17:56:54.318] [DEBUG] debug-file - Executing task :entry:default@BuildJS
[2026-06-02T17:56:54.318] [DEBUG] debug-file - Task 'entry:default@BuildJS' cost while wrapping incremental declarations: 1 ms 
[2026-06-02T17:56:54.321] [DEBUG] debug-file - entry : default@BuildJS cost memory 0.18437957763671875
[2026-06-02T17:56:54.321] [DEBUG] debug-file - runTaskFromQueue task cost before running: 390 ms 
[2026-06-02T17:56:54.321] [INFO] debug-file - Finished :entry:default@BuildJS... after 3 ms 
[2026-06-02T17:56:54.322] [DEBUG] debug-file - Executing task :entry:default@CacheNativeLibs
[2026-06-02T17:56:54.323] [DEBUG] debug-file - Task 'entry:default@CacheNativeLibs' cost while wrapping incremental declarations: 1 ms 
[2026-06-02T17:56:54.324] [DEBUG] debug-file - Incremental task entry:default@CacheNativeLibs pre-execution cost: 1 ms .
[2026-06-02T17:56:54.324] [DEBUG] debug-file - entry : default@CacheNativeLibs cost memory 0.08818817138671875
[2026-06-02T17:56:54.324] [INFO] debug-file - UP-TO-DATE :entry:default@CacheNativeLibs...  
[2026-06-02T17:56:55.953] [WARN] debug-file - [33mWARN: [33m[33mArkTS:WARN File: C:/Users/27843/Downloads/RingtoneKit_Codelab_/entry/src/main/ets/pages/Index.ets:163:7
 Function may throw exceptions. Special handling is required.
[39m[39m
[33mWARN: [33m[33mArkTS:WARN File: C:/Users/27843/Downloads/RingtoneKit_Codelab_/entry/src/main/ets/pages/Index.ets:180:5
 Function may throw exceptions. Special handling is required.
[39m[39m
[33mWARN: [33m[33mArkTS:WARN File: C:/Users/27843/Downloads/RingtoneKit_Codelab_/entry/src/main/ets/pages/Index.ets:199:7
 Function may throw exceptions. Special handling is required.
[39m[39m
[33mWARN: [33m[33mArkTS:WARN File: C:/Users/27843/Downloads/RingtoneKit_Codelab_/entry/src/main/ets/pages/Index.ets:203:5
 The system capacity of this api 'ringtone' is not supported on all devices
[39m[39m
[33mWARN: [33m[33mArkTS:WARN File: C:/Users/27843/Downloads/RingtoneKit_Codelab_/entry/src/main/ets/pages/Index.ets:203:14
 The system capacity of this api 'startRingtoneSetting' is not supported on all devices
[39m[39m
[33mWARN: [33m[33mArkTS:WARN File: C:/Users/27843/Downloads/RingtoneKit_Codelab_/entry/src/main/ets/pages/Index.ets:208:24
 The system capacity of this api 'ringtone' is not supported on all devices
[39m[39m
[33mWARN: [33m[33mArkTS:WARN File: C:/Users/27843/Downloads/RingtoneKit_Codelab_/entry/src/main/ets/pages/Index.ets:208:33
 The system capacity of this api 'RingtoneErrors' is not supported on all devices
[39m[39m
[33mWARN: [33m[33mArkTS:WARN File: C:/Users/27843/Downloads/RingtoneKit_Codelab_/entry/src/main/ets/pages/Index.ets:208:48
 The system capacity of this api 'ERROR_FILE_NOT_FOUND' is not supported on all devices
[39m[39m

[2026-06-02T17:56:55.954] [DEBUG] debug-file - Ark compile task finished.finished time is 5518730132400
[2026-06-02T17:56:55.955] [DEBUG] debug-file - worker[4] has one work done.
[2026-06-02T17:56:55.957] [DEBUG] debug-file - default@CompileArkTS work[12] done.
[2026-06-02T17:56:55.957] [DEBUG] debug-file - A work dispatched to worker[4] failed because unable to get work from ready queue.
[2026-06-02T17:56:56.299] [DEBUG] debug-file - worker[30] has one work done.
[2026-06-02T17:56:56.299] [DEBUG] debug-file - CopyResources is end, endTime: 5519075549700
[2026-06-02T17:56:56.299] [DEBUG] debug-file - default@CompileArkTS work[13] done.
[2026-06-02T17:56:56.299] [DEBUG] debug-file - A work dispatched to worker[30] failed because unable to get work from ready queue.
[2026-06-02T17:56:56.302] [INFO] debug-file - Finished :entry:default@CompileArkTS... after 1 s 685 ms 
[2026-06-02T17:56:56.303] [DEBUG] debug-file - Executing task :entry:default@GeneratePkgModuleJson
[2026-06-02T17:56:56.304] [DEBUG] debug-file - File: 'C:\Users\27843\Downloads\RingtoneKit_Codelab_\entry\build\default\intermediates\preload\default\preload.json' from 'preloadSoJsonPath' is not exists, just ignore.
[2026-06-02T17:56:56.304] [DEBUG] debug-file - Error occurs while handling @Input 'shouldDeduplicateHar': The "data" argument must be of type string or an instance of Buffer, TypedArray, or DataView. Received undefined
[2026-06-02T17:56:56.304] [DEBUG] debug-file - Task 'entry:default@GeneratePkgModuleJson' cost while wrapping incremental declarations: 1 ms 
[2026-06-02T17:56:56.305] [DEBUG] debug-file - Incremental task entry:default@GeneratePkgModuleJson pre-execution cost: 1 ms .
[2026-06-02T17:56:56.306] [DEBUG] debug-file - entry : default@GeneratePkgModuleJson cost memory 0.10113525390625
[2026-06-02T17:56:56.306] [INFO] debug-file - UP-TO-DATE :entry:default@GeneratePkgModuleJson...  
[2026-06-02T17:56:56.307] [DEBUG] debug-file - Executing task :entry:default@ProcessCompiledResources
[2026-06-02T17:56:56.307] [DEBUG] debug-file - File: 'C:\Users\27843\Downloads\RingtoneKit_Codelab_\entry\build\default\intermediates\preload\default\preload.json' from 'preloadSoJsonPath' is not exists, just ignore.
[2026-06-02T17:56:56.307] [DEBUG] debug-file - Task 'entry:default@ProcessCompiledResources' cost while wrapping incremental declarations: 1 ms 
[2026-06-02T17:56:56.307] [DEBUG] debug-file - entry : default@ProcessCompiledResources cost memory 0.05840301513671875
[2026-06-02T17:56:56.307] [DEBUG] debug-file - runTaskFromQueue task cost before running: 2 s 377 ms 
[2026-06-02T17:56:56.307] [INFO] debug-file - Finished :entry:default@ProcessCompiledResources... after 1 ms 
[2026-06-02T17:56:56.310] [DEBUG] debug-file - Executing task :entry:default@PackageHap
[2026-06-02T17:56:56.318] [DEBUG] debug-file - entry:default@PackageHap is not up-to-date, since the input file 'C:\Users\27843\Downloads\RingtoneKit_Codelab_\entry\build\default\intermediates\loader_out\default\ets' has been changed.
[2026-06-02T17:56:56.318] [DEBUG] debug-file - Incremental task entry:default@PackageHap pre-execution cost: 7 ms .
[2026-06-02T17:56:56.319] [DEBUG] debug-file - Use tool [C:\Program Files\Huawei\DevEco Studio\sdk\default\openharmony\toolchains\lib\app_packing_tool.jar]
 [
  'java',
  '-Dfile.encoding=GBK',
  '-jar',
  'C:\\Program Files\\Huawei\\DevEco Studio\\sdk\\default\\openharmony\\toolchains\\lib\\app_packing_tool.jar',
  '--mode',
  'hap',
  '--force',
  'true',
  '--lib-path',
  'C:\\Users\\27843\\Downloads\\RingtoneKit_Codelab_\\entry\\build\\default\\intermediates\\stripped_native_libs\\default',
  '--json-path',
  'C:\\Users\\27843\\Downloads\\RingtoneKit_Codelab_\\entry\\build\\default\\intermediates\\package\\default\\module.json',
  '--resources-path',
  'C:\\Users\\27843\\Downloads\\RingtoneKit_Codelab_\\entry\\build\\default\\intermediates\\res\\default\\resources',
  '--index-path',
  'C:\\Users\\27843\\Downloads\\RingtoneKit_Codelab_\\entry\\build\\default\\intermediates\\res\\default\\resources.index',
  '--pack-info-path',
  'C:\\Users\\27843\\Downloads\\RingtoneKit_Codelab_\\entry\\build\\default\\outputs\\default\\pack.info',
  '--out-path',
  'C:\\Users\\27843\\Downloads\\RingtoneKit_Codelab_\\entry\\build\\default\\outputs\\default\\entry-default-unsigned.hap',
  '--ets-path',
  'C:\\Users\\27843\\Downloads\\RingtoneKit_Codelab_\\entry\\build\\default\\intermediates\\loader_out\\default\\ets'
]
[2026-06-02T17:56:56.370] [DEBUG] debug-file - java daemon socket received message:{"code":0,"message":"pack success"}
[2026-06-02T17:56:56.375] [DEBUG] debug-file - entry : default@PackageHap cost memory 0.6999053955078125
[2026-06-02T17:56:56.375] [DEBUG] debug-file - runTaskFromQueue task cost before running: 2 s 445 ms 
[2026-06-02T17:56:56.376] [INFO] debug-file - Finished :entry:default@PackageHap... after 66 ms 
[2026-06-02T17:56:56.378] [DEBUG] debug-file - Executing task :entry:default@PackingCheck
[2026-06-02T17:56:56.384] [DEBUG] debug-file - entry : default@PackingCheck cost memory 0.38333892822265625
[2026-06-02T17:56:56.384] [DEBUG] debug-file - runTaskFromQueue task cost before running: 2 s 454 ms 
[2026-06-02T17:56:56.385] [INFO] debug-file - Finished :entry:default@PackingCheck... after 7 ms 
[2026-06-02T17:56:56.386] [DEBUG] debug-file - Executing task :entry:default@SignHap
[2026-06-02T17:56:56.386] [WARN] debug-file - Will skip sign 'hos_hap'. No signingConfigs profile is configured in current project.
             If needed, configure the signingConfigs in C:\Users\27843\Downloads\RingtoneKit_Codelab_\build-profile.json5.
[2026-06-02T17:56:56.387] [DEBUG] debug-file - entry:default@SignHap is not up-to-date, since the input file 'C:\Users\27843\Downloads\RingtoneKit_Codelab_\entry\build\default\outputs\default\entry-default-unsigned.hap' has been changed.
[2026-06-02T17:56:56.388] [DEBUG] debug-file - Incremental task entry:default@SignHap pre-execution cost: 1 ms .
[2026-06-02T17:56:56.388] [DEBUG] debug-file - entry : default@SignHap cost memory 0.0870361328125
[2026-06-02T17:56:56.388] [DEBUG] debug-file - runTaskFromQueue task cost before running: 2 s 458 ms 
[2026-06-02T17:56:56.389] [INFO] debug-file - Finished :entry:default@SignHap... after 3 ms 
[2026-06-02T17:56:56.391] [DEBUG] debug-file - Executing task :entry:default@CollectDebugSymbol
[2026-06-02T17:56:56.392] [DEBUG] debug-file - entry : default@CollectDebugSymbol cost memory 0.09613037109375
[2026-06-02T17:56:56.393] [DEBUG] debug-file - runTaskFromQueue task cost before running: 2 s 462 ms 
[2026-06-02T17:56:56.393] [INFO] debug-file - Finished :entry:default@CollectDebugSymbol... after 2 ms 
[2026-06-02T17:56:56.393] [DEBUG] debug-file - Executing task :entry:assembleHap
[2026-06-02T17:56:56.394] [DEBUG] debug-file - entry : assembleHap cost memory 0.0121002197265625
[2026-06-02T17:56:56.394] [DEBUG] debug-file - runTaskFromQueue task cost before running: 2 s 463 ms 
[2026-06-02T17:56:56.394] [INFO] debug-file - Finished :entry:assembleHap... after 1 ms 
[2026-06-02T17:56:56.470] [INFO] debug-file - BUILD SUCCESSFUL in 2 s 539 ms 
[2026-06-02T17:56:56.471] [DEBUG] debug-file - There is no need to refresh cache, since the incremental task entry:default@PreBuild is up-to-date.
[2026-06-02T17:56:56.471] [DEBUG] debug-file - Update task entry:default@CreateModuleInfo output file:C:\Users\27843\Downloads\RingtoneKit_Codelab_\entry\build\default\generated\profile\default\ModuleInfo.ts cache.
[2026-06-02T17:56:56.472] [DEBUG] debug-file - Incremental task entry:default@CreateModuleInfo post-execution cost:1 ms .
[2026-06-02T17:56:56.472] [DEBUG] debug-file - There is no need to refresh cache, since the incremental task entry:default@GenerateMetadata is up-to-date.
[2026-06-02T17:56:56.472] [DEBUG] debug-file - There is no need to refresh cache, since the incremental task entry:default@MergeProfile is up-to-date.
[2026-06-02T17:56:56.472] [DEBUG] debug-file - There is no need to refresh cache, since the incremental task entry:default@CreateBuildProfile is up-to-date.
[2026-06-02T17:56:56.472] [DEBUG] debug-file - Update task entry:default@GeneratePkgContextInfo output file:C:\Users\27843\Downloads\RingtoneKit_Codelab_\entry\build\default\intermediates\loader\default\pkgContextInfo.json cache.
[2026-06-02T17:56:56.472] [DEBUG] debug-file - Incremental task entry:default@GeneratePkgContextInfo post-execution cost:1 ms .
[2026-06-02T17:56:56.473] [DEBUG] debug-file - Update task entry:default@ProcessIntegratedHsp output file:C:\Users\27843\Downloads\RingtoneKit_Codelab_\build\cache\default\integrated_hsp\integratedHspCache.json cache.
[2026-06-02T17:56:56.473] [DEBUG] debug-file - Incremental task entry:default@ProcessIntegratedHsp post-execution cost:1 ms .
[2026-06-02T17:56:56.473] [DEBUG] debug-file - There is no need to refresh cache, since the incremental task entry:default@MakePackInfo is up-to-date.
[2026-06-02T17:56:56.473] [DEBUG] debug-file - Update task entry:default@SyscapTransform input file:C:\Program Files\Huawei\DevEco Studio\sdk\default\openharmony\toolchains\syscap_tool.exe cache by regenerate.
[2026-06-02T17:56:56.474] [DEBUG] debug-file - Update task entry:default@SyscapTransform input file:C:\Program Files\Huawei\DevEco Studio\sdk\default\openharmony\ets\api\device-define cache by regenerate.
[2026-06-02T17:56:56.475] [DEBUG] debug-file - Update task entry:default@SyscapTransform output file:C:\Users\27843\Downloads\RingtoneKit_Codelab_\entry\build\default\intermediates\syscap\default\rpcid.sc cache.
[2026-06-02T17:56:56.476] [DEBUG] debug-file - Incremental task entry:default@SyscapTransform post-execution cost:3 ms .
[2026-06-02T17:56:56.476] [DEBUG] debug-file - There is no need to refresh cache, since the incremental task entry:default@ProcessProfile is up-to-date.
[2026-06-02T17:56:56.476] [DEBUG] debug-file - There is no need to refresh cache, since the incremental task entry:default@ProcessRouterMap is up-to-date.
[2026-06-02T17:56:56.476] [DEBUG] debug-file - There is no need to refresh cache, since the incremental task entry:default@ProcessShareConfig is up-to-date.
[2026-06-02T17:56:56.476] [DEBUG] debug-file - Update task entry:default@ProcessStartupConfig output file:C:\Users\27843\Downloads\RingtoneKit_Codelab_\entry\build\default\intermediates\startup\default\startup_config.json cache.
[2026-06-02T17:56:56.476] [DEBUG] debug-file - Incremental task entry:default@ProcessStartupConfig post-execution cost:1 ms .
[2026-06-02T17:56:56.477] [DEBUG] debug-file - There is no need to refresh cache, since the incremental task entry:default@ProcessResource is up-to-date.
[2026-06-02T17:56:56.477] [DEBUG] debug-file - There is no need to refresh cache, since the incremental task entry:default@GenerateLoaderJson is up-to-date.
[2026-06-02T17:56:56.477] [DEBUG] debug-file - There is no need to refresh cache, since the incremental task entry:default@ProcessLibs is up-to-date.
[2026-06-02T17:56:56.477] [DEBUG] debug-file - There is no need to refresh cache, since the incremental task entry:default@CompileResource is up-to-date.
[2026-06-02T17:56:56.477] [DEBUG] debug-file - There is no need to refresh cache, since the incremental task entry:default@DoNativeStrip is up-to-date.
[2026-06-02T17:56:56.479] [DEBUG] debug-file - Update task entry:default@CompileArkTS input file:C:\Users\27843\Downloads\RingtoneKit_Codelab_\entry\build\default\intermediates\loader\default cache by regenerate.
[2026-06-02T17:56:56.479] [DEBUG] debug-file - Update task entry:default@CompileArkTS input file:C:\Users\27843\Downloads\RingtoneKit_Codelab_\entry\build\default\intermediates\res\default\ResourceTable.txt cache by regenerate.
[2026-06-02T17:56:56.480] [DEBUG] debug-file - Update task entry:default@CompileArkTS input file:C:\Users\27843\Downloads\RingtoneKit_Codelab_\entry\build\default\intermediates\res\default\ark_module.json cache by regenerate.
[2026-06-02T17:56:56.480] [DEBUG] debug-file - Update task entry:default@CompileArkTS input file:C:\Users\27843\Downloads\RingtoneKit_Codelab_\entry\build\default\intermediates\res\default\resources\base\profile cache by regenerate.
[2026-06-02T17:56:56.481] [DEBUG] debug-file - Update task entry:default@CompileArkTS input file:C:\Users\27843\Downloads\RingtoneKit_Codelab_\entry\src\main\ets cache from map.
[2026-06-02T17:56:56.481] [DEBUG] debug-file - Update task entry:default@CompileArkTS input file:C:\Users\27843\Downloads\RingtoneKit_Codelab_\entry\build\default\generated\profile\default\BuildProfile.ets cache by regenerate.
[2026-06-02T17:56:56.482] [DEBUG] debug-file - Update task entry:default@CompileArkTS output file:C:\Users\27843\Downloads\RingtoneKit_Codelab_\entry\build\default\intermediates\loader_out\default\ets cache.
[2026-06-02T17:56:56.482] [DEBUG] debug-file - Incremental task entry:default@CompileArkTS post-execution cost:6 ms .
[2026-06-02T17:56:56.484] [DEBUG] debug-file - Update task entry:default@BuildJS input file:C:\Users\27843\Downloads\RingtoneKit_Codelab_\entry\build\default\intermediates\loader\default cache by regenerate.
[2026-06-02T17:56:56.485] [DEBUG] debug-file - Update task entry:default@BuildJS input file:C:\Users\27843\Downloads\RingtoneKit_Codelab_\entry\build\default\intermediates\res\default\ResourceTable.txt cache by regenerate.
[2026-06-02T17:56:56.485] [DEBUG] debug-file - Update task entry:default@BuildJS input file:C:\Users\27843\Downloads\RingtoneKit_Codelab_\entry\build\default\intermediates\res\default\ark_module.json cache by regenerate.
[2026-06-02T17:56:56.485] [DEBUG] debug-file - Update task entry:default@BuildJS input file:C:\Users\27843\Downloads\RingtoneKit_Codelab_\entry\build\default\intermediates\res\default\resources\base\profile cache by regenerate.
[2026-06-02T17:56:56.486] [DEBUG] debug-file - Update task entry:default@BuildJS output file:C:\Users\27843\Downloads\RingtoneKit_Codelab_\entry\build\default\intermediates\loader_out\default\js cache.
[2026-06-02T17:56:56.486] [DEBUG] debug-file - Incremental task entry:default@BuildJS post-execution cost:4 ms .
[2026-06-02T17:56:56.486] [DEBUG] debug-file - There is no need to refresh cache, since the incremental task entry:default@CacheNativeLibs is up-to-date.
[2026-06-02T17:56:56.487] [DEBUG] debug-file - There is no need to refresh cache, since the incremental task entry:default@GeneratePkgModuleJson is up-to-date.
[2026-06-02T17:56:56.487] [DEBUG] debug-file - Incremental task entry:default@ProcessCompiledResources post-execution cost:1 ms .
[2026-06-02T17:56:56.487] [DEBUG] debug-file - Update task entry:default@PackageHap input file:C:\Users\27843\Downloads\RingtoneKit_Codelab_\entry\build\default\intermediates\stripped_native_libs\default cache by regenerate.
[2026-06-02T17:56:56.488] [DEBUG] debug-file - Update task entry:default@PackageHap input file:C:\Users\27843\Downloads\RingtoneKit_Codelab_\entry\build\default\intermediates\res\default\module.json cache by regenerate.
[2026-06-02T17:56:56.488] [DEBUG] debug-file - Update task entry:default@PackageHap input file:C:\Users\27843\Downloads\RingtoneKit_Codelab_\entry\build\default\intermediates\res\default\resources cache by regenerate.
[2026-06-02T17:56:56.491] [DEBUG] debug-file - Update task entry:default@PackageHap input file:C:\Users\27843\Downloads\RingtoneKit_Codelab_\entry\build\default\intermediates\res\default\resources.index cache by regenerate.
[2026-06-02T17:56:56.491] [DEBUG] debug-file - Update task entry:default@PackageHap input file:C:\Users\27843\Downloads\RingtoneKit_Codelab_\entry\build\default\outputs\default\pack.info cache by regenerate.
[2026-06-02T17:56:56.492] [DEBUG] debug-file - Update task entry:default@PackageHap input file:C:\Users\27843\Downloads\RingtoneKit_Codelab_\entry\build\default\intermediates\loader_out\default\ets cache from map.
[2026-06-02T17:56:56.492] [DEBUG] debug-file - Update task entry:default@PackageHap input file:C:\Users\27843\Downloads\RingtoneKit_Codelab_\entry\build\default\intermediates\loader_out\default\ets\sourceMaps.map cache by regenerate.
[2026-06-02T17:56:56.492] [DEBUG] debug-file - Update task entry:default@PackageHap input file:C:\Users\27843\Downloads\RingtoneKit_Codelab_\entry\build\default\generated\profile\default\BuildProfile.ets cache by regenerate.
[2026-06-02T17:56:56.492] [DEBUG] debug-file - Update task entry:default@PackageHap output file:C:\Users\27843\Downloads\RingtoneKit_Codelab_\entry\build\default\outputs\default\entry-default-unsigned.hap cache.
[2026-06-02T17:56:56.493] [DEBUG] debug-file - Update task entry:default@PackageHap output file:C:\Users\27843\Downloads\RingtoneKit_Codelab_\entry\build\default\intermediates\source_map\default\sourceMaps.map cache.
[2026-06-02T17:56:56.493] [DEBUG] debug-file - Update task entry:default@PackageHap output file:C:\Users\27843\Downloads\RingtoneKit_Codelab_\entry\build\default\outputs\default\mapping\sourceMaps.map cache.
[2026-06-02T17:56:56.493] [DEBUG] debug-file - Incremental task entry:default@PackageHap post-execution cost:7 ms .
[2026-06-02T17:56:56.494] [DEBUG] debug-file - Update task entry:default@SignHap input file:C:\Users\27843\Downloads\RingtoneKit_Codelab_\entry\build\default\outputs\default\entry-default-unsigned.hap cache from map.
[2026-06-02T17:56:56.494] [DEBUG] debug-file - Update task entry:default@SignHap output file:C:\Users\27843\Downloads\RingtoneKit_Codelab_\entry\build\default\outputs\default\entry-default-signed.hap cache.
[2026-06-02T17:56:56.494] [DEBUG] debug-file - Incremental task entry:default@SignHap post-execution cost:1 ms .
[2026-06-02T17:56:56.495] [DEBUG] debug-file - Update task entry:default@CollectDebugSymbol input file:C:\Users\27843\Downloads\RingtoneKit_Codelab_\entry\build\default\intermediates\loader_out\default\ets\sourceMaps.map cache by regenerate.
[2026-06-02T17:56:56.495] [DEBUG] debug-file - Update task entry:default@CollectDebugSymbol input file:C:\Users\27843\Downloads\RingtoneKit_Codelab_\entry\build\default\intermediates\libs\default cache by regenerate.
[2026-06-02T17:56:56.495] [DEBUG] debug-file - Update task entry:default@CollectDebugSymbol output file:C:\Users\27843\Downloads\RingtoneKit_Codelab_\entry\build\default\outputs\default\symbol cache.
[2026-06-02T17:56:56.496] [DEBUG] debug-file - Incremental task entry:default@CollectDebugSymbol post-execution cost:2 ms .
[2026-06-02T17:56:56.655] [DEBUG] debug-file - Cleanup worker 30.
[2026-06-02T17:56:56.656] [DEBUG] debug-file - Worker 30 has been cleaned up.
[2026-06-02T17:56:56.656] [DEBUG] debug-file - Current idle worker size: 1.
[2026-06-02T17:56:56.656] [DEBUG] debug-file - Current resident worker size: 2.
[2026-06-02T17:56:56.657] [DEBUG] debug-file - hvigor build process will be closed.
[2026-06-02T17:56:56.658] [DEBUG] debug-file - java daemon socket close code:1000 reason:close by user
[2026-06-02T17:56:56.662] [DEBUG] debug-file - session manager: send message to worker process.
[2026-06-02T17:56:56.663] [DEBUG] debug-file - session manager: send message to worker process.
[2026-06-02T17:56:56.664] [DEBUG] debug-file - watch worker: worker id should be larger than 0. Nothing will be sent to any worker thread.
[2026-06-02T17:56:56.665] [DEBUG] debug-file - watch worker: worker id should be larger than 0. Nothing will be sent to any worker thread.
[2026-06-02T17:56:56.675] [DEBUG] debug-file - worker[30] exits with exit code 1.
[2026-06-02T18:00:19.178] [DEBUG] debug-file - session manager: set active socket. socketId=eGnHHeynayAa4LwKAAAX
[2026-06-02T18:00:19.183] [DEBUG] debug-file - watch worker: worker id should be larger than 0. Nothing will be sent to any worker thread.
[2026-06-02T18:00:19.188] [DEBUG] debug-file - Workers' log level updated to INFO
[2026-06-02T18:00:19.192] [DEBUG] debug-file - Hvigor init with startParameters:{
  hvigorfileTypeCheck: false,
  parallelExecution: true,
  incrementalExecution: true,
  printStackTrace: false,
  daemon: true,
  analyze: 0,
  logLevel: Level { level: 20000, levelStr: 'INFO', colour: 'green' },
  optimizationStrategy: 'memory',
  hotCompile: undefined,
  hotReloadBuild: undefined,
  customizedParam: undefined
}
[2026-06-02T18:00:19.197] [DEBUG] debug-file - Cache service initialization finished in 5 ms 
[2026-06-02T18:00:19.198] [DEBUG] debug-file - hvigorfile, resolving C:\Users\27843\Downloads\RingtoneKit_Codelab_\hvigorfile.ts
[2026-06-02T18:00:19.207] [DEBUG] debug-file - hvigorfile, require result:  { default: { plugins: [] } }
[2026-06-02T18:00:19.208] [DEBUG] debug-file - hvigorfile, binding system plugins null
[2026-06-02T18:00:19.208] [DEBUG] debug-file - Starting plugin build process
[2026-06-02T18:00:19.208] [DEBUG] debug-file - App plugin prepare start...
[2026-06-02T18:00:19.209] [DEBUG] debug-file - App plugin prepare end...
[2026-06-02T18:00:19.209] [DEBUG] debug-file - App plugin creating...
[2026-06-02T18:00:19.216] [DEBUG] debug-file - App plugin register hook start...
[2026-06-02T18:00:19.217] [DEBUG] debug-file - App plugin register hook end...
[2026-06-02T18:00:19.217] [DEBUG] debug-file - Plugin build process completed
[2026-06-02T18:00:19.217] [DEBUG] debug-file - Start initialize project's product build option map with build mode debug.
[2026-06-02T18:00:19.217] [DEBUG] debug-file - Picking option from product 'default' with build mode 'debug'.
[2026-06-02T18:00:19.217] [DEBUG] debug-file - Product 'default' build option initialized
[2026-06-02T18:00:19.217] [DEBUG] debug-file - End initialize project's product build option map with build mode 'debug'.
[2026-06-02T18:00:19.219] [DEBUG] debug-file - Obtain build option for product 'default'in this build.
[2026-06-02T18:00:19.220] [DEBUG] debug-file - No signingConfig found, initRemoteHspCache failed.
[2026-06-02T18:00:19.224] [DEBUG] debug-file - Start recording SDK configuration permission data.
[2026-06-02T18:00:19.265] [DEBUG] debug-file - Sdk init in 45 ms 
[2026-06-02T18:00:19.270] [DEBUG] debug-file - Project task initialization takes 4 ms 
[2026-06-02T18:00:19.270] [DEBUG] debug-file - hvigorfile, binding custom plugins []
[2026-06-02T18:00:19.270] [DEBUG] debug-file - hvigorfile, no custom plugins were found in C:\Users\27843\Downloads\RingtoneKit_Codelab_\hvigorfile.ts
[2026-06-02T18:00:19.270] [DEBUG] debug-file - hvigorfile, resolve finished C:\Users\27843\Downloads\RingtoneKit_Codelab_\hvigorfile.ts
[2026-06-02T18:00:19.271] [DEBUG] debug-file - hvigorfile, resolving C:\Users\27843\Downloads\RingtoneKit_Codelab_\entry\hvigorfile.ts
[2026-06-02T18:00:19.275] [DEBUG] debug-file - hvigorfile, require result:  { default: { plugins: [] } }
[2026-06-02T18:00:19.275] [DEBUG] debug-file - hvigorfile, binding system plugins null
[2026-06-02T18:00:19.275] [DEBUG] debug-file - Starting plugin build process
[2026-06-02T18:00:19.275] [DEBUG] debug-file - Hap plugin creating...
[2026-06-02T18:00:19.276] [DEBUG] debug-file - failed to load cangjie to dynamically generate schemas: Error: Cannot find module '@ohos/cangjie-build-support/index'
Require stack:
- C:\Program Files\Huawei\DevEco Studio\tools\hvigor\hvigor-ohos-plugin\src\plugin\hooks\cangjie-register.js
- C:\Program Files\Huawei\DevEco Studio\tools\hvigor\hvigor-ohos-plugin\src\plugin\strategy\stage-init-strategy.js
- C:\Program Files\Huawei\DevEco Studio\tools\hvigor\hvigor-ohos-plugin\src\plugin\builder\abstract-plugin-builder.js
- C:\Program Files\Huawei\DevEco Studio\tools\hvigor\hvigor-ohos-plugin\src\plugin\builder\app-plugin-builder.js
- C:\Program Files\Huawei\DevEco Studio\tools\hvigor\hvigor-ohos-plugin\src\plugin\factory\plugin-factory.js
- C:\Program Files\Huawei\DevEco Studio\tools\hvigor\hvigor-ohos-plugin\index.js
- C:\Users\27843\Downloads\RingtoneKit_Codelab_\hvigorfile.ts
- C:\Program Files\Huawei\DevEco Studio\tools\hvigor\hvigor\src\base\internal\lifecycle\configuration.js
- C:\Program Files\Huawei\DevEco Studio\tools\hvigor\hvigor\src\base\boot\index.js
- C:\Program Files\Huawei\DevEco Studio\tools\hvigor\hvigor\src\base\daemon\cluster\worker-process-lifecycle.js
- C:\Program Files\Huawei\DevEco Studio\tools\hvigor\hvigor\src\base\daemon\process\daemon-process-boot-script.js
[2026-06-02T18:00:19.278] [DEBUG] debug-file - Start initialize module-target build option map, moduleName=entry, buildMode=debug
[2026-06-02T18:00:19.278] [DEBUG] debug-file - Target 'default' config initialized
[2026-06-02T18:00:19.278] [DEBUG] debug-file - Module 'entry' target 'default' build option initialized
[2026-06-02T18:00:19.278] [DEBUG] debug-file - End initialize module-target build option map, moduleName=entry
[2026-06-02T18:00:19.279] [DEBUG] debug-file - Start initialize module-target build option map, moduleName=entry, buildMode=release
[2026-06-02T18:00:19.279] [DEBUG] debug-file - Target 'default' config initialized
[2026-06-02T18:00:19.280] [DEBUG] debug-file - Module 'entry' target 'default' build option initialized
[2026-06-02T18:00:19.280] [DEBUG] debug-file - End initialize module-target build option map, moduleName=entry
[2026-06-02T18:00:19.280] [DEBUG] debug-file - Start initialize module-target build option map, moduleName=entry, buildMode=debug
[2026-06-02T18:00:19.280] [DEBUG] debug-file - Target 'default' config initialized
[2026-06-02T18:00:19.280] [DEBUG] debug-file - Module 'entry' target 'default' build option initialized
[2026-06-02T18:00:19.280] [DEBUG] debug-file - End initialize module-target build option map, moduleName=entry
[2026-06-02T18:00:19.280] [DEBUG] debug-file - Obtain build option for module 'entry' target 'default'in this build.
[2026-06-02T18:00:19.282] [DEBUG] debug-file - Module entry task initialization takes 2 ms 
[2026-06-02T18:00:19.282] [DEBUG] debug-file - Hap plugin register hook start...
[2026-06-02T18:00:19.282] [DEBUG] debug-file - Hap plugin register hook end...
[2026-06-02T18:00:19.282] [DEBUG] debug-file - Plugin build process completed
[2026-06-02T18:00:19.282] [DEBUG] debug-file - hvigorfile, binding custom plugins []
[2026-06-02T18:00:19.282] [DEBUG] debug-file - hvigorfile, no custom plugins were found in C:\Users\27843\Downloads\RingtoneKit_Codelab_\entry\hvigorfile.ts
[2026-06-02T18:00:19.282] [DEBUG] debug-file - hvigorfile, resolve finished C:\Users\27843\Downloads\RingtoneKit_Codelab_\entry\hvigorfile.ts
[2026-06-02T18:00:19.396] [DEBUG] debug-file - hvigorfile, resolve hvigorfile dependencies in 113 ms 
[2026-06-02T18:00:19.396] [DEBUG] debug-file - project has submodules:entry
[2026-06-02T18:00:19.397] [DEBUG] debug-file - start to load updatedOhPackageInfo to the disk
[2026-06-02T18:00:19.403] [DEBUG] debug-file - load to the disk finished
[2026-06-02T18:00:19.404] [DEBUG] debug-file - Start to initialize dependency information.
[2026-06-02T18:00:19.405] [DEBUG] debug-file - Module RingtoneKit_Codelab_ Collected Dependency: 
[2026-06-02T18:00:19.405] [DEBUG] debug-file - Module RingtoneKit_Codelab_'s total dependency: 0
[2026-06-02T18:00:19.406] [DEBUG] debug-file - Start to initialize dependency information.
[2026-06-02T18:00:19.407] [DEBUG] debug-file - Module entry Collected Dependency: 
[2026-06-02T18:00:19.407] [DEBUG] debug-file - Module entry's total dependency: 0
[2026-06-02T18:00:19.409] [DEBUG] debug-file - Configuration phase cost:213 ms 
[2026-06-02T18:00:19.410] [DEBUG] debug-file - Configuration task cost before running: 223 ms 
[2026-06-02T18:00:19.414] [DEBUG] debug-file - Executing task :entry:default@PreBuild
[2026-06-02T18:00:19.415] [WARN] debug-file - The project has not explicitly set the 'targetSdkVersion' version at build-profile.json5. It is recommended to configure it. Reference: https://developer.huawei.com/consumer/cn/doc/harmonyos-guides/ide-hvigor-build-profile-app#section45865492619
[2026-06-02T18:00:19.415] [DEBUG] debug-file - Task 'entry:default@PreBuild' cost while wrapping incremental declarations: 1 ms 
[2026-06-02T18:00:19.423] [DEBUG] debug-file - Incremental task entry:default@PreBuild pre-execution cost: 6 ms .
[2026-06-02T18:00:19.423] [DEBUG] debug-file - entry : default@PreBuild cost memory 0.32276153564453125
[2026-06-02T18:00:19.426] [INFO] debug-file - UP-TO-DATE :entry:default@PreBuild...  
[2026-06-02T18:00:19.427] [DEBUG] debug-file - Executing task :entry:default@CreateModuleInfo
[2026-06-02T18:00:19.427] [DEBUG] debug-file - Task 'entry:default@CreateModuleInfo' cost while wrapping incremental declarations: 1 ms 
[2026-06-02T18:00:19.427] [DEBUG] debug-file - entry : default@CreateModuleInfo cost memory 0.03961181640625
[2026-06-02T18:00:19.427] [DEBUG] debug-file - runTaskFromQueue task cost before running: 240 ms 
[2026-06-02T18:00:19.428] [INFO] debug-file - Finished :entry:default@CreateModuleInfo... after 1 ms 
[2026-06-02T18:00:19.429] [DEBUG] debug-file - Executing task :entry:default@GenerateMetadata
[2026-06-02T18:00:19.429] [DEBUG] debug-file - Task 'entry:default@GenerateMetadata' cost while wrapping incremental declarations: 1 ms 
[2026-06-02T18:00:19.430] [DEBUG] debug-file - Incremental task entry:default@GenerateMetadata pre-execution cost: 1 ms .
[2026-06-02T18:00:19.430] [DEBUG] debug-file - entry : default@GenerateMetadata cost memory 0.08136749267578125
[2026-06-02T18:00:19.430] [INFO] debug-file - UP-TO-DATE :entry:default@GenerateMetadata...  
[2026-06-02T18:00:19.431] [DEBUG] debug-file - Executing task :entry:default@ConfigureCmake
[2026-06-02T18:00:19.431] [DEBUG] debug-file - entry : default@ConfigureCmake cost memory 0.0139007568359375
[2026-06-02T18:00:19.431] [DEBUG] debug-file - runTaskFromQueue task cost before running: 244 ms 
[2026-06-02T18:00:19.432] [INFO] debug-file - Finished :entry:default@ConfigureCmake... after 1 ms 
[2026-06-02T18:00:19.432] [DEBUG] debug-file - Executing task :entry:default@MergeProfile
[2026-06-02T18:00:19.433] [DEBUG] debug-file - Task 'entry:default@MergeProfile' cost while wrapping incremental declarations: 1 ms 
[2026-06-02T18:00:19.435] [DEBUG] debug-file - Incremental task entry:default@MergeProfile pre-execution cost: 2 ms .
[2026-06-02T18:00:19.435] [DEBUG] debug-file - entry : default@MergeProfile cost memory 0.1197967529296875
[2026-06-02T18:00:19.435] [INFO] debug-file - UP-TO-DATE :entry:default@MergeProfile...  
[2026-06-02T18:00:19.437] [DEBUG] debug-file - Executing task :entry:default@CreateBuildProfile
[2026-06-02T18:00:19.438] [DEBUG] debug-file - Task 'entry:default@CreateBuildProfile' cost while wrapping incremental declarations: 1 ms 
[2026-06-02T18:00:19.439] [DEBUG] debug-file - Incremental task entry:default@CreateBuildProfile pre-execution cost: 2 ms .
[2026-06-02T18:00:19.439] [DEBUG] debug-file - entry : default@CreateBuildProfile cost memory 0.0916748046875
[2026-06-02T18:00:19.439] [INFO] debug-file - UP-TO-DATE :entry:default@CreateBuildProfile...  
[2026-06-02T18:00:19.441] [DEBUG] debug-file - Executing task :entry:default@PreCheckSyscap
[2026-06-02T18:00:19.441] [DEBUG] debug-file - entry : default@PreCheckSyscap cost memory 0.01412200927734375
[2026-06-02T18:00:19.441] [DEBUG] debug-file - runTaskFromQueue task cost before running: 253 ms 
[2026-06-02T18:00:19.441] [INFO] debug-file - Finished :entry:default@PreCheckSyscap... after 1 ms 
[2026-06-02T18:00:19.442] [DEBUG] debug-file - Executing task :entry:default@GeneratePkgContextInfo
[2026-06-02T18:00:19.446] [DEBUG] debug-file - Task 'entry:default@GeneratePkgContextInfo' cost while wrapping incremental declarations: 1 ms 
[2026-06-02T18:00:19.446] [DEBUG] debug-file - entry : default@GeneratePkgContextInfo cost memory 0.23056793212890625
[2026-06-02T18:00:19.446] [DEBUG] debug-file - runTaskFromQueue task cost before running: 259 ms 
[2026-06-02T18:00:19.447] [INFO] debug-file - Finished :entry:default@GeneratePkgContextInfo... after 5 ms 
[2026-06-02T18:00:19.450] [DEBUG] debug-file - Executing task :entry:default@ProcessIntegratedHsp
[2026-06-02T18:00:19.450] [DEBUG] debug-file - entry:default@ProcessIntegratedHsp is not up-to-date, since the output file 'C:\Users\27843\Downloads\RingtoneKit_Codelab_\build\cache\default\integrated_hsp\integratedHspCache.json' does not exist.
[2026-06-02T18:00:19.450] [DEBUG] debug-file - Incremental task entry:default@ProcessIntegratedHsp pre-execution cost: 1 ms .
[2026-06-02T18:00:19.450] [DEBUG] debug-file - entry : default@ProcessIntegratedHsp cost memory 0.056732177734375
[2026-06-02T18:00:19.450] [DEBUG] debug-file - runTaskFromQueue task cost before running: 263 ms 
[2026-06-02T18:00:19.450] [INFO] debug-file - Finished :entry:default@ProcessIntegratedHsp... after 1 ms 
[2026-06-02T18:00:19.452] [DEBUG] debug-file - Executing task :entry:default@BuildNativeWithCmake
[2026-06-02T18:00:19.452] [DEBUG] debug-file - entry : default@BuildNativeWithCmake cost memory 0.0139007568359375
[2026-06-02T18:00:19.453] [DEBUG] debug-file - runTaskFromQueue task cost before running: 265 ms 
[2026-06-02T18:00:19.453] [INFO] debug-file - Finished :entry:default@BuildNativeWithCmake... after 1 ms 
[2026-06-02T18:00:19.455] [DEBUG] debug-file - Executing task :entry:default@MakePackInfo
[2026-06-02T18:00:19.458] [DEBUG] debug-file - Incremental task entry:default@MakePackInfo pre-execution cost: 3 ms .
[2026-06-02T18:00:19.458] [DEBUG] debug-file - entry : default@MakePackInfo cost memory 0.1018829345703125
[2026-06-02T18:00:19.458] [INFO] debug-file - UP-TO-DATE :entry:default@MakePackInfo...  
[2026-06-02T18:00:19.460] [DEBUG] debug-file - Executing task :entry:default@SyscapTransform
[2026-06-02T18:00:19.460] [DEBUG] debug-file - File: 'C:\Users\27843\Downloads\RingtoneKit_Codelab_\entry\src\main\syscap.json' from 'sysCapJsonPath' is not exists, just ignore.
[2026-06-02T18:00:19.460] [DEBUG] debug-file - Task 'entry:default@SyscapTransform' cost while wrapping incremental declarations: 1 ms 
[2026-06-02T18:00:19.463] [DEBUG] debug-file - entry:default@SyscapTransform is not up-to-date, since the output file 'C:\Users\27843\Downloads\RingtoneKit_Codelab_\entry\build\default\intermediates\syscap\default\rpcid.sc' does not exist.
[2026-06-02T18:00:19.463] [DEBUG] debug-file - Incremental task entry:default@SyscapTransform pre-execution cost: 3 ms .
[2026-06-02T18:00:19.463] [DEBUG] debug-file - entry : default@SyscapTransform cost memory 0.14504241943359375
[2026-06-02T18:00:19.463] [DEBUG] debug-file - runTaskFromQueue task cost before running: 275 ms 
[2026-06-02T18:00:19.463] [INFO] debug-file - Finished :entry:default@SyscapTransform... after 4 ms 
[2026-06-02T18:00:19.465] [DEBUG] debug-file - Executing task :entry:default@ProcessProfile
[2026-06-02T18:00:19.465] [DEBUG] debug-file - Task 'entry:default@ProcessProfile' cost while wrapping incremental declarations: 1 ms 
[2026-06-02T18:00:19.467] [DEBUG] debug-file - Incremental task entry:default@ProcessProfile pre-execution cost: 2 ms .
[2026-06-02T18:00:19.467] [DEBUG] debug-file - entry : default@ProcessProfile cost memory 0.12451171875
[2026-06-02T18:00:19.467] [INFO] debug-file - UP-TO-DATE :entry:default@ProcessProfile...  
[2026-06-02T18:00:19.469] [DEBUG] debug-file - Executing task :entry:default@ProcessRouterMap
[2026-06-02T18:00:19.473] [DEBUG] debug-file - Incremental task entry:default@ProcessRouterMap pre-execution cost: 4 ms .
[2026-06-02T18:00:19.473] [DEBUG] debug-file - entry : default@ProcessRouterMap cost memory 0.13344573974609375
[2026-06-02T18:00:19.474] [INFO] debug-file - UP-TO-DATE :entry:default@ProcessRouterMap...  
[2026-06-02T18:00:19.475] [DEBUG] debug-file - Executing task :entry:default@ProcessShareConfig
[2026-06-02T18:00:19.477] [DEBUG] debug-file - Incremental task entry:default@ProcessShareConfig pre-execution cost: 2 ms .
[2026-06-02T18:00:19.477] [DEBUG] debug-file - entry : default@ProcessShareConfig cost memory 0.10990142822265625
[2026-06-02T18:00:19.478] [INFO] debug-file - UP-TO-DATE :entry:default@ProcessShareConfig...  
[2026-06-02T18:00:19.479] [DEBUG] debug-file - Executing task :entry:default@ProcessStartupConfig
[2026-06-02T18:00:19.479] [DEBUG] debug-file - Task 'entry:default@ProcessStartupConfig' cost while wrapping incremental declarations: 1 ms 
[2026-06-02T18:00:19.480] [DEBUG] debug-file - entry:default@ProcessStartupConfig is not up-to-date, since the output file 'C:\Users\27843\Downloads\RingtoneKit_Codelab_\entry\build\default\intermediates\startup\default\startup_config.json' does not exist.
[2026-06-02T18:00:19.480] [DEBUG] debug-file - Incremental task entry:default@ProcessStartupConfig pre-execution cost: 1 ms .
[2026-06-02T18:00:19.480] [DEBUG] debug-file - entry : default@ProcessStartupConfig cost memory 0.095062255859375
[2026-06-02T18:00:19.480] [DEBUG] debug-file - runTaskFromQueue task cost before running: 292 ms 
[2026-06-02T18:00:19.480] [INFO] debug-file - Finished :entry:default@ProcessStartupConfig... after 2 ms 
[2026-06-02T18:00:19.481] [DEBUG] debug-file - Executing task :entry:default@BuildNativeWithNinja
[2026-06-02T18:00:19.482] [DEBUG] debug-file - entry : default@BuildNativeWithNinja cost memory 0.02095794677734375
[2026-06-02T18:00:19.482] [DEBUG] debug-file - runTaskFromQueue task cost before running: 294 ms 
[2026-06-02T18:00:19.482] [INFO] debug-file - Finished :entry:default@BuildNativeWithNinja... after 1 ms 
[2026-06-02T18:00:19.483] [DEBUG] debug-file - restool module names: entry; moduleName=entry, taskName=default@ProcessResource
[2026-06-02T18:00:19.485] [DEBUG] debug-file - Executing task :entry:default@ProcessResource
[2026-06-02T18:00:19.485] [DEBUG] debug-file - Task 'entry:default@ProcessResource' cost while wrapping incremental declarations: 1 ms 
[2026-06-02T18:00:19.487] [DEBUG] debug-file - Incremental task entry:default@ProcessResource pre-execution cost: 2 ms .
[2026-06-02T18:00:19.487] [DEBUG] debug-file - entry : default@ProcessResource cost memory 0.1361541748046875
[2026-06-02T18:00:19.489] [INFO] debug-file - UP-TO-DATE :entry:default@ProcessResource...  
[2026-06-02T18:00:19.494] [DEBUG] debug-file - Executing task :entry:default@GenerateLoaderJson
[2026-06-02T18:00:19.495] [DEBUG] debug-file - Task 'entry:default@GenerateLoaderJson' cost while wrapping incremental declarations: 1 ms 
[2026-06-02T18:00:19.502] [DEBUG] debug-file - Incremental task entry:default@GenerateLoaderJson pre-execution cost: 5 ms .
[2026-06-02T18:00:19.502] [DEBUG] debug-file - entry : default@GenerateLoaderJson cost memory 0.47866058349609375
[2026-06-02T18:00:19.506] [INFO] debug-file - UP-TO-DATE :entry:default@GenerateLoaderJson...  
[2026-06-02T18:00:19.508] [DEBUG] debug-file - Executing task :entry:default@ProcessLibs
[2026-06-02T18:00:19.511] [DEBUG] debug-file - Incremental task entry:default@ProcessLibs pre-execution cost: 3 ms .
[2026-06-02T18:00:19.511] [DEBUG] debug-file - entry : default@ProcessLibs cost memory 0.10430145263671875
[2026-06-02T18:00:19.512] [INFO] debug-file - UP-TO-DATE :entry:default@ProcessLibs...  
[2026-06-02T18:00:19.513] [DEBUG] debug-file - restool module names: entry; moduleName=entry, taskName=default@CompileResource
[2026-06-02T18:00:19.513] [DEBUG] debug-file - Executing task :entry:default@CompileResource
[2026-06-02T18:00:19.527] [DEBUG] debug-file - Incremental task entry:default@CompileResource pre-execution cost: 13 ms .
[2026-06-02T18:00:19.527] [DEBUG] debug-file - entry : default@CompileResource cost memory 0.573333740234375
[2026-06-02T18:00:19.528] [INFO] debug-file - UP-TO-DATE :entry:default@CompileResource...  
[2026-06-02T18:00:19.529] [DEBUG] debug-file - Executing task :entry:default@DoNativeStrip
[2026-06-02T18:00:19.530] [DEBUG] debug-file - Task 'entry:default@DoNativeStrip' cost while wrapping incremental declarations: 1 ms 
[2026-06-02T18:00:19.531] [DEBUG] debug-file - Incremental task entry:default@DoNativeStrip pre-execution cost: 2 ms .
[2026-06-02T18:00:19.531] [DEBUG] debug-file - entry : default@DoNativeStrip cost memory 0.07781219482421875
[2026-06-02T18:00:19.531] [INFO] debug-file - UP-TO-DATE :entry:default@DoNativeStrip...  
[2026-06-02T18:00:19.534] [DEBUG] debug-file - Executing task :entry:default@CompileArkTS
[2026-06-02T18:00:19.534] [DEBUG] debug-file - obfuscationOptions: undefined
[2026-06-02T18:00:19.536] [DEBUG] debug-file - Task 'entry:default@CompileArkTS' cost while wrapping incremental declarations: 1 ms 
[2026-06-02T18:00:19.544] [DEBUG] debug-file - entry:default@CompileArkTS is not up-to-date, since the input file 'C:\Users\27843\Downloads\RingtoneKit_Codelab_\entry\src\main\ets' has been changed.
[2026-06-02T18:00:19.544] [DEBUG] debug-file - Incremental task entry:default@CompileArkTS pre-execution cost: 7 ms .
[2026-06-02T18:00:19.556] [DEBUG] debug-file - build config:
[2026-06-02T18:00:19.557] [DEBUG] debug-file - {
  moduleType: 'entry',
  perf: 0,
  targetName: '.default',
  packageManagerType: 'ohpm',
  localPropertiesPath: 'C:\\Users\\27843\\Downloads\\RingtoneKit_Codelab_\\local.properties',
  isPreview: false,
  isOhosTest: false,
  isLocalTest: false,
  buildMode: 'Debug',
  hotReloadBuild: undefined,
  watchMode: 'false',
  aceProfilePath: 'C:\\Users\\27843\\Downloads\\RingtoneKit_Codelab_\\entry\\build\\default\\intermediates\\res\\default\\resources\\base\\profile',
  etsLoaderPath: 'C:\\Program Files\\Huawei\\DevEco Studio\\sdk\\default\\openharmony\\ets\\build-tools\\ets-loader',
  modulePath: 'C:\\Users\\27843\\Downloads\\RingtoneKit_Codelab_\\entry',
  testFrameworkPar: {
    testMode: undefined,
    coveragePathFilter: undefined,
    coverageMode: undefined
  },
  needCoverageInsert: false,
  debugLine: false,
  projectTopDir: 'C:\\Users\\27843\\Downloads\\RingtoneKit_Codelab_',
  compileSdkVersion: 22,
  compatibleSdkVersion: 12,
  originCompatibleSdkVersion: '5.0.0(12)',
  compatibleSdkVersionStage: 'beta1',
  bundleName: 'c***n',
  etsLoaderVersion: '6.0.2.130',
  etsLoaderReleaseType: 'Release',
  aotCompileMode: 'type',
  apPath: 'C:\\Users\\27843\\Downloads\\RingtoneKit_Codelab_\\entry\\modules.ap',
  entryModuleName: 'entry',
  entryModuleVersion: '1.0.0',
  entryPackageName: 'entry',
  allModuleNameHash: 'db44f8a8a620383b923efb1105d6d0eb296559a94ef72a4510286f2511f87786',
  externalApiPaths: [
    'C:\\Program Files\\Huawei\\DevEco Studio\\sdk\\default\\hms\\ets'
  ],
  compilerTypes: [],
  isCrossplatform: false,
  hvigorPluginFile: undefined,
  compilePluginPath: undefined,
  buildGeneratedProfilePath: 'C:\\Users\\27843\\Downloads\\RingtoneKit_Codelab_\\entry\\build\\default\\generated\\profile\\default',
  bundleType: 'app',
  arkTSVersion: undefined,
  apiVersion: 22,
  needCompleteSourcesMap: false,
  isFaMode: false,
  buildDir: 'C:\\Users\\27843\\Downloads\\RingtoneKit_Codelab_\\entry\\build',
  deviceTypes: [ 'phone', 'tablet', 'wearable' ],
  pkgContextInfo: undefined,
  ohPackagePathMap: {},
  dependencyAliasMap: {},
  permission: { requestPermissions: undefined, definePermissions: undefined },
  useGetCurrentBundleName: false,
  projectArkOption: undefined,
  sourceMapDir: undefined,
  branchElimination: false,
  transformLib: undefined,
  tsImportSendable: false,
  resolveConflictMode: true,
  depName2RootPath: {},
  depName2DepInfo: {},
  rootPathSet: [ 'C:\\Users\\27843\\Downloads\\RingtoneKit_Codelab_' ],
  useNativeResolver: true,
  shouldEmitJs: true,
  useTscResolve: false,
  singleFileEmit: false,
  userProjectConfig: {
    autoLazyImport: false,
    allowEmptyBundleName: false,
    reExportCheckMode: 'noCheck',
    executionMode: 'memory',
    usePathPlaceholder: false,
    writeRollupCache: true,
    isExpandImportEnabled: false,
    expandImportExclude: '',
    lazyImportExclude: '',
    lazyImportInclude: '',
    ignoreCrossplatformCheck: false,
    isHarDeduplicateEnabled: false,
    skipOhModulesLint: false,
    enableStrictCheckOHModule: false,
    disableSendableCheckRules: [],
    useDeclarationFileSignature: false,
    customizedOptions: undefined,
    integratedHsp: false,
    isPreloadSoEnabled: false
  },
  executionMode: 'memory',
  arkCompileCachePath: 'C:\\Users\\27843\\Downloads\\RingtoneKit_Codelab_\\entry\\build\\default\\cache\\default\\default@CompileArkTS\\esmodule',
  autoLazyFilter: undefined,
  isHarDeduplicateEnabled: false,
  intermediateHarDuplicateDirPath: 'C:\\Users\\27843\\Downloads\\RingtoneKit_Codelab_\\entry\\build\\default\\intermediates\\har_duplicate\\default',
  autoLazyImport: false,
  allowEmptyBundleName: false,
  reExportCheckMode: 'noCheck',
  usePathPlaceholder: false,
  writeRollupCache: true,
  isExpandImportEnabled: false,
  expandImportExclude: '',
  lazyImportExclude: '',
  lazyImportInclude: '',
  ignoreCrossplatformCheck: false,
  skipOhModulesLint: false,
  enableStrictCheckOHModule: false,
  disableSendableCheckRules: [],
  useDeclarationFileSignature: false,
  customizedOptions: undefined,
  integratedHsp: false,
  isPreloadSoEnabled: false,
  strictMode: undefined,
  useNormalizedOHMUrl: false,
  caseSensitiveCheck: false,
  aceModuleJsonPath: 'C:\\Users\\27843\\Downloads\\RingtoneKit_Codelab_\\entry\\build\\default\\intermediates\\res\\default\\ark_module.json',
  appResource: 'C:\\Users\\27843\\Downloads\\RingtoneKit_Codelab_\\entry\\build\\default\\intermediates\\res\\default\\ResourceTable.txt',
  rawFileResource: 'C:\\Users\\27843\\Downloads\\RingtoneKit_Codelab_\\entry\\build\\default\\intermediates\\res\\default\\resources\\rawfile',
  resourceTableHash: '0a5e461b8cc472af07d60289bf2402599b7c63db39b7448590c7effc1f3dc134',
  runtimeOS: 'HarmonyOS',
  sdkInfo: 'false:22:6.0.2.130:Release',
  aceModuleRoot: 'C:\\Users\\27843\\Downloads\\RingtoneKit_Codelab_\\entry\\src\\main\\ets',
  compileMode: 'esmodule',
  aceSuperVisualPath: 'C:\\Users\\27843\\Downloads\\RingtoneKit_Codelab_\\entry\\src\\main\\supervisual',
  aceBuildJson: 'C:\\Users\\27843\\Downloads\\RingtoneKit_Codelab_\\entry\\build\\default\\intermediates\\loader\\default\\loader.json',
  cachePath: 'C:\\Users\\27843\\Downloads\\RingtoneKit_Codelab_\\entry\\build\\default\\cache\\default\\default@CompileArkTS\\esmodule\\debug',
  aceModuleBuild: 'C:\\Users\\27843\\Downloads\\RingtoneKit_Codelab_\\entry\\build\\default\\intermediates\\loader_out\\default\\ets',
  supportChunks: true,
  declaredFilesPath: undefined,
  shouldCollectDirectImportees: false,
  isByteCodeHarOptimize: false,
  expandImportPath: undefined,
  pkgNameToPkgBriefInfo: {
    entry: {
      pkgRoot: 'C:\\Users\\27843\\Downloads\\RingtoneKit_Codelab_\\entry',
      originalSourceRoots: undefined,
      sourceRoots: [Array],
      pkgName: 'entry'
    }
  },
  projectModel: {
    'C:\\Users\\27843\\Downloads\\RingtoneKit_Codelab_\\entry\\src\\main': {
      moduleName: 'entry',
      modulePkgPath: 'C:\\Users\\27843\\Downloads\\RingtoneKit_Codelab_\\entry',
      belongProjectPath: 'C:\\Users\\27843\\Downloads\\RingtoneKit_Codelab_'
    },
    'C:\\Users\\27843\\Downloads\\RingtoneKit_Codelab_\\entry': {
      moduleName: 'entry',
      modulePkgPath: 'C:\\Users\\27843\\Downloads\\RingtoneKit_Codelab_\\entry',
      belongProjectPath: 'C:\\Users\\27843\\Downloads\\RingtoneKit_Codelab_'
    },
    'C:\\Users\\27843\\Downloads\\RingtoneKit_Codelab_': {
      moduleName: 'RingtoneKit_Codelab_',
      modulePkgPath: 'C:\\Users\\27843\\Downloads\\RingtoneKit_Codelab_',
      belongProjectPath: 'C:\\Users\\27843\\Downloads\\RingtoneKit_Codelab_'
    }
  },
  pkgJsonFileHash: '2d3aabe892cb47a8d32dc51369771e7583ba0b181fb1299d8dac661ceb735d99',
  allModulePaths: [ 'C:\\Users\\27843\\Downloads\\RingtoneKit_Codelab_\\entry' ],
  routerMap: {},
  obfuscationOptions: undefined,
  byteCodeHarToDependencyKeys: undefined,
  compileBlockPkg: [],
  mockParams: {
    decorator: '@MockSetup',
    packageName: '@ohos/hamock',
    etsSourceRootPath: 'src/main/ets',
    mockConfigPath: undefined,
    mockConfigKey2ModuleInfo: {},
    source2ModuleIdMap: {}
  },
  copyCodeResourceEnable: true,
  copyCodeResourceExcludes: [],
  copyCodeResourceIncludes: undefined,
  uiTransformOptimization: false,
  sdkPath: 'C:/Program Files/Huawei/DevEco Studio/sdk',
  needPreloadSoFileSet: {},
  preloadSoFilePath: 'C:\\Users\\27843\\Downloads\\RingtoneKit_Codelab_\\entry\\build\\default\\intermediates\\preload\\default\\preload.json',
  useSourceHash: false,
  localModuleParamMap: {},
  otherPaths: {
    'entry/*': [
      '..\\*',
      '..\\..\\..\\build\\default\\generated\\profile\\default\\*'
    ]
  },
  collectImportersConfig: undefined
}
[2026-06-02T18:00:19.557] [DEBUG] debug-file - Compile arkts with external api path: C:\Program Files\Huawei\DevEco Studio\sdk\default\hms\ets
[2026-06-02T18:00:19.558] [DEBUG] debug-file - default@CompileArkTS work[14] is submitted.
[2026-06-02T18:00:19.558] [DEBUG] debug-file - default@CompileArkTS work[14] is pushed to ready queue.
[2026-06-02T18:00:19.559] [DEBUG] debug-file - A work dispatched to worker[31] failed because unable to get work from ready queue.
[2026-06-02T18:00:19.559] [DEBUG] debug-file - A work dispatched to worker[30] failed because unable to get work from ready queue.
[2026-06-02T18:00:19.559] [DEBUG] debug-file - A work dispatched to worker[29] failed because unable to get work from ready queue.
[2026-06-02T18:00:19.559] [DEBUG] debug-file - A work dispatched to worker[28] failed because unable to get work from ready queue.
[2026-06-02T18:00:19.559] [DEBUG] debug-file - A work dispatched to worker[27] failed because unable to get work from ready queue.
[2026-06-02T18:00:19.559] [DEBUG] debug-file - A work dispatched to worker[26] failed because unable to get work from ready queue.
[2026-06-02T18:00:19.559] [DEBUG] debug-file - A work dispatched to worker[25] failed because unable to get work from ready queue.
[2026-06-02T18:00:19.559] [DEBUG] debug-file - A work dispatched to worker[24] failed because unable to get work from ready queue.
[2026-06-02T18:00:19.559] [DEBUG] debug-file - A work dispatched to worker[23] failed because unable to get work from ready queue.
[2026-06-02T18:00:19.559] [DEBUG] debug-file - A work dispatched to worker[22] failed because unable to get work from ready queue.
[2026-06-02T18:00:19.559] [DEBUG] debug-file - A work dispatched to worker[21] failed because unable to get work from ready queue.
[2026-06-02T18:00:19.559] [DEBUG] debug-file - A work dispatched to worker[20] failed because unable to get work from ready queue.
[2026-06-02T18:00:19.559] [DEBUG] debug-file - A work dispatched to worker[19] failed because unable to get work from ready queue.
[2026-06-02T18:00:19.560] [DEBUG] debug-file - A work dispatched to worker[18] failed because unable to get work from ready queue.
[2026-06-02T18:00:19.560] [DEBUG] debug-file - A work dispatched to worker[17] failed because unable to get work from ready queue.
[2026-06-02T18:00:19.560] [DEBUG] debug-file - A work dispatched to worker[16] failed because unable to get work from ready queue.
[2026-06-02T18:00:19.560] [DEBUG] debug-file - A work dispatched to worker[15] failed because unable to get work from ready queue.
[2026-06-02T18:00:19.560] [DEBUG] debug-file - A work dispatched to worker[14] failed because unable to get work from ready queue.
[2026-06-02T18:00:19.560] [DEBUG] debug-file - A work dispatched to worker[13] failed because unable to get work from ready queue.
[2026-06-02T18:00:19.560] [DEBUG] debug-file - A work dispatched to worker[12] failed because unable to get work from ready queue.
[2026-06-02T18:00:19.560] [DEBUG] debug-file - A work dispatched to worker[11] failed because unable to get work from ready queue.
[2026-06-02T18:00:19.560] [DEBUG] debug-file - A work dispatched to worker[10] failed because unable to get work from ready queue.
[2026-06-02T18:00:19.560] [DEBUG] debug-file - A work dispatched to worker[9] failed because unable to get work from ready queue.
[2026-06-02T18:00:19.560] [DEBUG] debug-file - A work dispatched to worker[8] failed because unable to get work from ready queue.
[2026-06-02T18:00:19.560] [DEBUG] debug-file - A work dispatched to worker[7] failed because unable to get work from ready queue.
[2026-06-02T18:00:19.560] [DEBUG] debug-file - A work dispatched to worker[6] failed because unable to get work from ready queue.
[2026-06-02T18:00:19.560] [DEBUG] debug-file - A work dispatched to worker[5] failed because unable to get work from ready queue.
[2026-06-02T18:00:19.561] [DEBUG] debug-file - default@CompileArkTS work[14] has been dispatched to worker[4].
[2026-06-02T18:00:19.561] [DEBUG] debug-file - default@CompileArkTS work[14] is dispatched.
[2026-06-02T18:00:19.561] [DEBUG] debug-file - CopyResources startTime: 5722338019500
[2026-06-02T18:00:19.561] [DEBUG] debug-file - default@CompileArkTS work[15] is submitted.
[2026-06-02T18:00:19.561] [DEBUG] debug-file - default@CompileArkTS work[15] is pushed to ready queue.
[2026-06-02T18:00:19.561] [DEBUG] debug-file - A work dispatched to worker[31] failed because unable to get work from ready queue.
[2026-06-02T18:00:19.561] [DEBUG] debug-file - Create  resident worker with id: 30.
[2026-06-02T18:00:19.562] [DEBUG] debug-file - default@CompileArkTS work[15] has been dispatched to worker[30].
[2026-06-02T18:00:19.563] [DEBUG] debug-file - default@CompileArkTS work[15] is dispatched.
[2026-06-02T18:00:19.563] [DEBUG] debug-file - entry : default@CompileArkTS cost memory 1.4482955932617188
[2026-06-02T18:00:19.565] [DEBUG] debug-file - Executing task :entry:default@BuildJS
[2026-06-02T18:00:19.566] [DEBUG] debug-file - Task 'entry:default@BuildJS' cost while wrapping incremental declarations: 1 ms 
[2026-06-02T18:00:19.569] [DEBUG] debug-file - entry : default@BuildJS cost memory 0.1478729248046875
[2026-06-02T18:00:19.569] [DEBUG] debug-file - runTaskFromQueue task cost before running: 382 ms 
[2026-06-02T18:00:19.570] [INFO] debug-file - Finished :entry:default@BuildJS... after 5 ms 
[2026-06-02T18:00:19.571] [DEBUG] debug-file - Executing task :entry:default@CacheNativeLibs
[2026-06-02T18:00:19.572] [DEBUG] debug-file - Task 'entry:default@CacheNativeLibs' cost while wrapping incremental declarations: 1 ms 
[2026-06-02T18:00:19.573] [DEBUG] debug-file - Incremental task entry:default@CacheNativeLibs pre-execution cost: 2 ms .
[2026-06-02T18:00:19.573] [DEBUG] debug-file - entry : default@CacheNativeLibs cost memory 0.09136962890625
[2026-06-02T18:00:19.574] [INFO] debug-file - UP-TO-DATE :entry:default@CacheNativeLibs...  
[2026-06-02T18:00:20.493] [WARN] debug-file - [33mWARN: [33m[33mArkTS:WARN File: C:/Users/27843/Downloads/RingtoneKit_Codelab_/entry/src/main/ets/pages/Index.ets:163:7
 Function may throw exceptions. Special handling is required.
[39m[39m
[33mWARN: [33m[33mArkTS:WARN File: C:/Users/27843/Downloads/RingtoneKit_Codelab_/entry/src/main/ets/pages/Index.ets:180:5
 Function may throw exceptions. Special handling is required.
[39m[39m
[33mWARN: [33m[33mArkTS:WARN File: C:/Users/27843/Downloads/RingtoneKit_Codelab_/entry/src/main/ets/pages/Index.ets:199:7
 Function may throw exceptions. Special handling is required.
[39m[39m
[33mWARN: [33m[33mArkTS:WARN File: C:/Users/27843/Downloads/RingtoneKit_Codelab_/entry/src/main/ets/pages/Index.ets:203:5
 The system capacity of this api 'ringtone' is not supported on all devices
[39m[39m
[33mWARN: [33m[33mArkTS:WARN File: C:/Users/27843/Downloads/RingtoneKit_Codelab_/entry/src/main/ets/pages/Index.ets:203:14
 The system capacity of this api 'startRingtoneSetting' is not supported on all devices
[39m[39m
[33mWARN: [33m[33mArkTS:WARN File: C:/Users/27843/Downloads/RingtoneKit_Codelab_/entry/src/main/ets/pages/Index.ets:208:24
 The system capacity of this api 'ringtone' is not supported on all devices
[39m[39m
[33mWARN: [33m[33mArkTS:WARN File: C:/Users/27843/Downloads/RingtoneKit_Codelab_/entry/src/main/ets/pages/Index.ets:208:33
 The system capacity of this api 'RingtoneErrors' is not supported on all devices
[39m[39m
[33mWARN: [33m[33mArkTS:WARN File: C:/Users/27843/Downloads/RingtoneKit_Codelab_/entry/src/main/ets/pages/Index.ets:208:48
 The system capacity of this api 'ERROR_FILE_NOT_FOUND' is not supported on all devices
[39m[39m

[2026-06-02T18:00:20.493] [DEBUG] debug-file - Ark compile task finished.finished time is 5723270378600
[2026-06-02T18:00:20.494] [DEBUG] debug-file - worker[4] has one work done.
[2026-06-02T18:00:20.495] [DEBUG] debug-file - default@CompileArkTS work[14] done.
[2026-06-02T18:00:20.495] [DEBUG] debug-file - A work dispatched to worker[4] failed because unable to get work from ready queue.
[2026-06-02T18:00:21.582] [DEBUG] debug-file - worker[30] has one work done.
[2026-06-02T18:00:21.582] [DEBUG] debug-file - CopyResources is end, endTime: 5724359055900
[2026-06-02T18:00:21.582] [DEBUG] debug-file - default@CompileArkTS work[15] done.
[2026-06-02T18:00:21.582] [DEBUG] debug-file - A work dispatched to worker[30] failed because unable to get work from ready queue.
[2026-06-02T18:00:21.585] [INFO] debug-file - Finished :entry:default@CompileArkTS... after 978 ms 
[2026-06-02T18:00:21.586] [DEBUG] debug-file - Executing task :entry:default@GeneratePkgModuleJson
[2026-06-02T18:00:21.586] [DEBUG] debug-file - File: 'C:\Users\27843\Downloads\RingtoneKit_Codelab_\entry\build\default\intermediates\preload\default\preload.json' from 'preloadSoJsonPath' is not exists, just ignore.
[2026-06-02T18:00:21.587] [DEBUG] debug-file - Error occurs while handling @Input 'shouldDeduplicateHar': The "data" argument must be of type string or an instance of Buffer, TypedArray, or DataView. Received undefined
[2026-06-02T18:00:21.587] [DEBUG] debug-file - Task 'entry:default@GeneratePkgModuleJson' cost while wrapping incremental declarations: 1 ms 
[2026-06-02T18:00:21.588] [DEBUG] debug-file - Incremental task entry:default@GeneratePkgModuleJson pre-execution cost: 1 ms .
[2026-06-02T18:00:21.588] [DEBUG] debug-file - entry : default@GeneratePkgModuleJson cost memory 0.10089874267578125
[2026-06-02T18:00:21.588] [INFO] debug-file - UP-TO-DATE :entry:default@GeneratePkgModuleJson...  
[2026-06-02T18:00:21.589] [DEBUG] debug-file - Executing task :entry:default@ProcessCompiledResources
[2026-06-02T18:00:21.589] [DEBUG] debug-file - File: 'C:\Users\27843\Downloads\RingtoneKit_Codelab_\entry\build\default\intermediates\preload\default\preload.json' from 'preloadSoJsonPath' is not exists, just ignore.
[2026-06-02T18:00:21.590] [DEBUG] debug-file - Task 'entry:default@ProcessCompiledResources' cost while wrapping incremental declarations: 1 ms 
[2026-06-02T18:00:21.590] [DEBUG] debug-file - entry : default@ProcessCompiledResources cost memory 0.05840301513671875
[2026-06-02T18:00:21.590] [DEBUG] debug-file - runTaskFromQueue task cost before running: 2 s 403 ms 
[2026-06-02T18:00:21.590] [INFO] debug-file - Finished :entry:default@ProcessCompiledResources... after 1 ms 
[2026-06-02T18:00:21.593] [DEBUG] debug-file - Executing task :entry:default@PackageHap
[2026-06-02T18:00:21.600] [DEBUG] debug-file - entry:default@PackageHap is not up-to-date, since the input file 'C:\Users\27843\Downloads\RingtoneKit_Codelab_\entry\build\default\intermediates\loader_out\default\ets' has been changed.
[2026-06-02T18:00:21.600] [DEBUG] debug-file - Incremental task entry:default@PackageHap pre-execution cost: 6 ms .
[2026-06-02T18:00:21.601] [DEBUG] debug-file - Use tool [C:\Program Files\Huawei\DevEco Studio\sdk\default\openharmony\toolchains\lib\app_packing_tool.jar]
 [
  'java',
  '-Dfile.encoding=GBK',
  '-jar',
  'C:\\Program Files\\Huawei\\DevEco Studio\\sdk\\default\\openharmony\\toolchains\\lib\\app_packing_tool.jar',
  '--mode',
  'hap',
  '--force',
  'true',
  '--lib-path',
  'C:\\Users\\27843\\Downloads\\RingtoneKit_Codelab_\\entry\\build\\default\\intermediates\\stripped_native_libs\\default',
  '--json-path',
  'C:\\Users\\27843\\Downloads\\RingtoneKit_Codelab_\\entry\\build\\default\\intermediates\\package\\default\\module.json',
  '--resources-path',
  'C:\\Users\\27843\\Downloads\\RingtoneKit_Codelab_\\entry\\build\\default\\intermediates\\res\\default\\resources',
  '--index-path',
  'C:\\Users\\27843\\Downloads\\RingtoneKit_Codelab_\\entry\\build\\default\\intermediates\\res\\default\\resources.index',
  '--pack-info-path',
  'C:\\Users\\27843\\Downloads\\RingtoneKit_Codelab_\\entry\\build\\default\\outputs\\default\\pack.info',
  '--out-path',
  'C:\\Users\\27843\\Downloads\\RingtoneKit_Codelab_\\entry\\build\\default\\outputs\\default\\entry-default-unsigned.hap',
  '--ets-path',
  'C:\\Users\\27843\\Downloads\\RingtoneKit_Codelab_\\entry\\build\\default\\intermediates\\loader_out\\default\\ets'
]
[2026-06-02T18:00:21.646] [DEBUG] debug-file - java daemon socket received message:{"code":0,"message":"pack success"}
[2026-06-02T18:00:21.650] [DEBUG] debug-file - entry : default@PackageHap cost memory 0.6607208251953125
[2026-06-02T18:00:21.651] [DEBUG] debug-file - runTaskFromQueue task cost before running: 2 s 463 ms 
[2026-06-02T18:00:21.652] [INFO] debug-file - Finished :entry:default@PackageHap... after 58 ms 
[2026-06-02T18:00:21.653] [DEBUG] debug-file - Executing task :entry:default@PackingCheck
[2026-06-02T18:00:21.660] [DEBUG] debug-file - entry : default@PackingCheck cost memory 0.38347625732421875
[2026-06-02T18:00:21.660] [DEBUG] debug-file - runTaskFromQueue task cost before running: 2 s 473 ms 
[2026-06-02T18:00:21.661] [INFO] debug-file - Finished :entry:default@PackingCheck... after 7 ms 
[2026-06-02T18:00:21.662] [DEBUG] debug-file - Executing task :entry:default@SignHap
[2026-06-02T18:00:21.662] [WARN] debug-file - Will skip sign 'hos_hap'. No signingConfigs profile is configured in current project.
             If needed, configure the signingConfigs in C:\Users\27843\Downloads\RingtoneKit_Codelab_\build-profile.json5.
[2026-06-02T18:00:21.663] [DEBUG] debug-file - entry:default@SignHap is not up-to-date, since the input file 'C:\Users\27843\Downloads\RingtoneKit_Codelab_\entry\build\default\outputs\default\entry-default-unsigned.hap' has been changed.
[2026-06-02T18:00:21.664] [DEBUG] debug-file - Incremental task entry:default@SignHap pre-execution cost: 1 ms .
[2026-06-02T18:00:21.664] [DEBUG] debug-file - entry : default@SignHap cost memory 0.08702850341796875
[2026-06-02T18:00:21.664] [DEBUG] debug-file - runTaskFromQueue task cost before running: 2 s 477 ms 
[2026-06-02T18:00:21.665] [INFO] debug-file - Finished :entry:default@SignHap... after 2 ms 
[2026-06-02T18:00:21.666] [DEBUG] debug-file - Executing task :entry:default@CollectDebugSymbol
[2026-06-02T18:00:21.667] [DEBUG] debug-file - entry : default@CollectDebugSymbol cost memory 0.0960540771484375
[2026-06-02T18:00:21.667] [DEBUG] debug-file - runTaskFromQueue task cost before running: 2 s 480 ms 
[2026-06-02T18:00:21.667] [INFO] debug-file - Finished :entry:default@CollectDebugSymbol... after 2 ms 
[2026-06-02T18:00:21.668] [DEBUG] debug-file - Executing task :entry:assembleHap
[2026-06-02T18:00:21.668] [DEBUG] debug-file - entry : assembleHap cost memory 0.0121002197265625
[2026-06-02T18:00:21.668] [DEBUG] debug-file - runTaskFromQueue task cost before running: 2 s 481 ms 
[2026-06-02T18:00:21.668] [INFO] debug-file - Finished :entry:assembleHap... after 1 ms 
[2026-06-02T18:00:21.738] [INFO] debug-file - BUILD SUCCESSFUL in 2 s 550 ms 
[2026-06-02T18:00:21.738] [DEBUG] debug-file - There is no need to refresh cache, since the incremental task entry:default@PreBuild is up-to-date.
[2026-06-02T18:00:21.738] [DEBUG] debug-file - Update task entry:default@CreateModuleInfo output file:C:\Users\27843\Downloads\RingtoneKit_Codelab_\entry\build\default\generated\profile\default\ModuleInfo.ts cache.
[2026-06-02T18:00:21.739] [DEBUG] debug-file - Incremental task entry:default@CreateModuleInfo post-execution cost:1 ms .
[2026-06-02T18:00:21.739] [DEBUG] debug-file - There is no need to refresh cache, since the incremental task entry:default@GenerateMetadata is up-to-date.
[2026-06-02T18:00:21.739] [DEBUG] debug-file - There is no need to refresh cache, since the incremental task entry:default@MergeProfile is up-to-date.
[2026-06-02T18:00:21.739] [DEBUG] debug-file - There is no need to refresh cache, since the incremental task entry:default@CreateBuildProfile is up-to-date.
[2026-06-02T18:00:21.739] [DEBUG] debug-file - Update task entry:default@GeneratePkgContextInfo output file:C:\Users\27843\Downloads\RingtoneKit_Codelab_\entry\build\default\intermediates\loader\default\pkgContextInfo.json cache.
[2026-06-02T18:00:21.740] [DEBUG] debug-file - Incremental task entry:default@GeneratePkgContextInfo post-execution cost:1 ms .
[2026-06-02T18:00:21.740] [DEBUG] debug-file - Update task entry:default@ProcessIntegratedHsp output file:C:\Users\27843\Downloads\RingtoneKit_Codelab_\build\cache\default\integrated_hsp\integratedHspCache.json cache.
[2026-06-02T18:00:21.740] [DEBUG] debug-file - Incremental task entry:default@ProcessIntegratedHsp post-execution cost:1 ms .
[2026-06-02T18:00:21.740] [DEBUG] debug-file - There is no need to refresh cache, since the incremental task entry:default@MakePackInfo is up-to-date.
[2026-06-02T18:00:21.740] [DEBUG] debug-file - Update task entry:default@SyscapTransform input file:C:\Program Files\Huawei\DevEco Studio\sdk\default\openharmony\toolchains\syscap_tool.exe cache by regenerate.
[2026-06-02T18:00:21.740] [DEBUG] debug-file - Update task entry:default@SyscapTransform input file:C:\Program Files\Huawei\DevEco Studio\sdk\default\openharmony\ets\api\device-define cache by regenerate.
[2026-06-02T18:00:21.742] [DEBUG] debug-file - Update task entry:default@SyscapTransform output file:C:\Users\27843\Downloads\RingtoneKit_Codelab_\entry\build\default\intermediates\syscap\default\rpcid.sc cache.
[2026-06-02T18:00:21.742] [DEBUG] debug-file - Incremental task entry:default@SyscapTransform post-execution cost:3 ms .
[2026-06-02T18:00:21.742] [DEBUG] debug-file - There is no need to refresh cache, since the incremental task entry:default@ProcessProfile is up-to-date.
[2026-06-02T18:00:21.742] [DEBUG] debug-file - There is no need to refresh cache, since the incremental task entry:default@ProcessRouterMap is up-to-date.
[2026-06-02T18:00:21.742] [DEBUG] debug-file - There is no need to refresh cache, since the incremental task entry:default@ProcessShareConfig is up-to-date.
[2026-06-02T18:00:21.743] [DEBUG] debug-file - Update task entry:default@ProcessStartupConfig output file:C:\Users\27843\Downloads\RingtoneKit_Codelab_\entry\build\default\intermediates\startup\default\startup_config.json cache.
[2026-06-02T18:00:21.743] [DEBUG] debug-file - Incremental task entry:default@ProcessStartupConfig post-execution cost:1 ms .
[2026-06-02T18:00:21.743] [DEBUG] debug-file - There is no need to refresh cache, since the incremental task entry:default@ProcessResource is up-to-date.
[2026-06-02T18:00:21.743] [DEBUG] debug-file - There is no need to refresh cache, since the incremental task entry:default@GenerateLoaderJson is up-to-date.
[2026-06-02T18:00:21.743] [DEBUG] debug-file - There is no need to refresh cache, since the incremental task entry:default@ProcessLibs is up-to-date.
[2026-06-02T18:00:21.743] [DEBUG] debug-file - There is no need to refresh cache, since the incremental task entry:default@CompileResource is up-to-date.
[2026-06-02T18:00:21.744] [DEBUG] debug-file - There is no need to refresh cache, since the incremental task entry:default@DoNativeStrip is up-to-date.
[2026-06-02T18:00:21.746] [DEBUG] debug-file - Update task entry:default@CompileArkTS input file:C:\Users\27843\Downloads\RingtoneKit_Codelab_\entry\build\default\intermediates\loader\default cache by regenerate.
[2026-06-02T18:00:21.746] [DEBUG] debug-file - Update task entry:default@CompileArkTS input file:C:\Users\27843\Downloads\RingtoneKit_Codelab_\entry\build\default\intermediates\res\default\ResourceTable.txt cache by regenerate.
[2026-06-02T18:00:21.746] [DEBUG] debug-file - Update task entry:default@CompileArkTS input file:C:\Users\27843\Downloads\RingtoneKit_Codelab_\entry\build\default\intermediates\res\default\ark_module.json cache by regenerate.
[2026-06-02T18:00:21.747] [DEBUG] debug-file - Update task entry:default@CompileArkTS input file:C:\Users\27843\Downloads\RingtoneKit_Codelab_\entry\build\default\intermediates\res\default\resources\base\profile cache by regenerate.
[2026-06-02T18:00:21.747] [DEBUG] debug-file - Update task entry:default@CompileArkTS input file:C:\Users\27843\Downloads\RingtoneKit_Codelab_\entry\src\main\ets cache from map.
[2026-06-02T18:00:21.747] [DEBUG] debug-file - Update task entry:default@CompileArkTS input file:C:\Users\27843\Downloads\RingtoneKit_Codelab_\entry\build\default\generated\profile\default\BuildProfile.ets cache by regenerate.
[2026-06-02T18:00:21.747] [DEBUG] debug-file - Update task entry:default@CompileArkTS output file:C:\Users\27843\Downloads\RingtoneKit_Codelab_\entry\build\default\intermediates\loader_out\default\ets cache.
[2026-06-02T18:00:21.748] [DEBUG] debug-file - Incremental task entry:default@CompileArkTS post-execution cost:5 ms .
[2026-06-02T18:00:21.749] [DEBUG] debug-file - Update task entry:default@BuildJS input file:C:\Users\27843\Downloads\RingtoneKit_Codelab_\entry\build\default\intermediates\loader\default cache by regenerate.
[2026-06-02T18:00:21.750] [DEBUG] debug-file - Update task entry:default@BuildJS input file:C:\Users\27843\Downloads\RingtoneKit_Codelab_\entry\build\default\intermediates\res\default\ResourceTable.txt cache by regenerate.
[2026-06-02T18:00:21.750] [DEBUG] debug-file - Update task entry:default@BuildJS input file:C:\Users\27843\Downloads\RingtoneKit_Codelab_\entry\build\default\intermediates\res\default\ark_module.json cache by regenerate.
[2026-06-02T18:00:21.751] [DEBUG] debug-file - Update task entry:default@BuildJS input file:C:\Users\27843\Downloads\RingtoneKit_Codelab_\entry\build\default\intermediates\res\default\resources\base\profile cache by regenerate.
[2026-06-02T18:00:21.752] [DEBUG] debug-file - Update task entry:default@BuildJS output file:C:\Users\27843\Downloads\RingtoneKit_Codelab_\entry\build\default\intermediates\loader_out\default\js cache.
[2026-06-02T18:00:21.752] [DEBUG] debug-file - Incremental task entry:default@BuildJS post-execution cost:4 ms .
[2026-06-02T18:00:21.752] [DEBUG] debug-file - There is no need to refresh cache, since the incremental task entry:default@CacheNativeLibs is up-to-date.
[2026-06-02T18:00:21.752] [DEBUG] debug-file - There is no need to refresh cache, since the incremental task entry:default@GeneratePkgModuleJson is up-to-date.
[2026-06-02T18:00:21.753] [DEBUG] debug-file - Incremental task entry:default@ProcessCompiledResources post-execution cost:1 ms .
[2026-06-02T18:00:21.753] [DEBUG] debug-file - Update task entry:default@PackageHap input file:C:\Users\27843\Downloads\RingtoneKit_Codelab_\entry\build\default\intermediates\stripped_native_libs\default cache by regenerate.
[2026-06-02T18:00:21.754] [DEBUG] debug-file - Update task entry:default@PackageHap input file:C:\Users\27843\Downloads\RingtoneKit_Codelab_\entry\build\default\intermediates\res\default\module.json cache by regenerate.
[2026-06-02T18:00:21.754] [DEBUG] debug-file - Update task entry:default@PackageHap input file:C:\Users\27843\Downloads\RingtoneKit_Codelab_\entry\build\default\intermediates\res\default\resources cache by regenerate.
[2026-06-02T18:00:21.756] [DEBUG] debug-file - Update task entry:default@PackageHap input file:C:\Users\27843\Downloads\RingtoneKit_Codelab_\entry\build\default\intermediates\res\default\resources.index cache by regenerate.
[2026-06-02T18:00:21.757] [DEBUG] debug-file - Update task entry:default@PackageHap input file:C:\Users\27843\Downloads\RingtoneKit_Codelab_\entry\build\default\outputs\default\pack.info cache by regenerate.
[2026-06-02T18:00:21.757] [DEBUG] debug-file - Update task entry:default@PackageHap input file:C:\Users\27843\Downloads\RingtoneKit_Codelab_\entry\build\default\intermediates\loader_out\default\ets cache from map.
[2026-06-02T18:00:21.757] [DEBUG] debug-file - Update task entry:default@PackageHap input file:C:\Users\27843\Downloads\RingtoneKit_Codelab_\entry\build\default\intermediates\loader_out\default\ets\sourceMaps.map cache by regenerate.
[2026-06-02T18:00:21.757] [DEBUG] debug-file - Update task entry:default@PackageHap input file:C:\Users\27843\Downloads\RingtoneKit_Codelab_\entry\build\default\generated\profile\default\BuildProfile.ets cache by regenerate.
[2026-06-02T18:00:21.758] [DEBUG] debug-file - Update task entry:default@PackageHap output file:C:\Users\27843\Downloads\RingtoneKit_Codelab_\entry\build\default\outputs\default\entry-default-unsigned.hap cache.
[2026-06-02T18:00:21.758] [DEBUG] debug-file - Update task entry:default@PackageHap output file:C:\Users\27843\Downloads\RingtoneKit_Codelab_\entry\build\default\intermediates\source_map\default\sourceMaps.map cache.
[2026-06-02T18:00:21.758] [DEBUG] debug-file - Update task entry:default@PackageHap output file:C:\Users\27843\Downloads\RingtoneKit_Codelab_\entry\build\default\outputs\default\mapping\sourceMaps.map cache.
[2026-06-02T18:00:21.759] [DEBUG] debug-file - Incremental task entry:default@PackageHap post-execution cost:7 ms .
[2026-06-02T18:00:21.759] [DEBUG] debug-file - Update task entry:default@SignHap input file:C:\Users\27843\Downloads\RingtoneKit_Codelab_\entry\build\default\outputs\default\entry-default-unsigned.hap cache from map.
[2026-06-02T18:00:21.759] [DEBUG] debug-file - Update task entry:default@SignHap output file:C:\Users\27843\Downloads\RingtoneKit_Codelab_\entry\build\default\outputs\default\entry-default-signed.hap cache.
[2026-06-02T18:00:21.760] [DEBUG] debug-file - Incremental task entry:default@SignHap post-execution cost:1 ms .
[2026-06-02T18:00:21.760] [DEBUG] debug-file - Update task entry:default@CollectDebugSymbol input file:C:\Users\27843\Downloads\RingtoneKit_Codelab_\entry\build\default\intermediates\loader_out\default\ets\sourceMaps.map cache by regenerate.
[2026-06-02T18:00:21.761] [DEBUG] debug-file - Update task entry:default@CollectDebugSymbol input file:C:\Users\27843\Downloads\RingtoneKit_Codelab_\entry\build\default\intermediates\libs\default cache by regenerate.
[2026-06-02T18:00:21.761] [DEBUG] debug-file - Update task entry:default@CollectDebugSymbol output file:C:\Users\27843\Downloads\RingtoneKit_Codelab_\entry\build\default\outputs\default\symbol cache.
[2026-06-02T18:00:21.761] [DEBUG] debug-file - Incremental task entry:default@CollectDebugSymbol post-execution cost:2 ms .
[2026-06-02T18:00:21.846] [DEBUG] debug-file - Cleanup worker 30.
[2026-06-02T18:00:21.846] [DEBUG] debug-file - Worker 30 has been cleaned up.
[2026-06-02T18:00:21.846] [DEBUG] debug-file - Current idle worker size: 1.
[2026-06-02T18:00:21.846] [DEBUG] debug-file - Current resident worker size: 2.
[2026-06-02T18:00:21.847] [DEBUG] debug-file - hvigor build process will be closed.
[2026-06-02T18:00:21.847] [DEBUG] debug-file - java daemon socket close code:1000 reason:close by user
[2026-06-02T18:00:21.854] [DEBUG] debug-file - session manager: send message to worker process.
[2026-06-02T18:00:21.855] [DEBUG] debug-file - session manager: send message to worker process.
[2026-06-02T18:00:21.854] [DEBUG] debug-file - watch worker: worker id should be larger than 0. Nothing will be sent to any worker thread.
[2026-06-02T18:00:21.855] [DEBUG] debug-file - watch worker: worker id should be larger than 0. Nothing will be sent to any worker thread.
[2026-06-02T18:00:21.866] [DEBUG] debug-file - worker[30] exits with exit code 1.
[2026-06-02T18:03:01.552] [DEBUG] debug-file - session manager: set active socket. socketId=jxLHMmDJKxMqOVnSAAAZ
[2026-06-02T18:03:01.559] [DEBUG] debug-file - watch worker: worker id should be larger than 0. Nothing will be sent to any worker thread.
[2026-06-02T18:03:01.563] [DEBUG] debug-file - Workers' log level updated to INFO
[2026-06-02T18:03:01.567] [DEBUG] debug-file - Hvigor init with startParameters:{
  hvigorfileTypeCheck: false,
  parallelExecution: true,
  incrementalExecution: true,
  printStackTrace: false,
  daemon: true,
  analyze: 0,
  logLevel: Level { level: 20000, levelStr: 'INFO', colour: 'green' },
  optimizationStrategy: 'memory',
  hotCompile: undefined,
  hotReloadBuild: undefined,
  customizedParam: undefined
}
[2026-06-02T18:03:01.574] [DEBUG] debug-file - Cache service initialization finished in 7 ms 
[2026-06-02T18:03:01.575] [DEBUG] debug-file - hvigorfile, resolving C:\Users\27843\Downloads\RingtoneKit_Codelab_\hvigorfile.ts
[2026-06-02T18:03:01.583] [DEBUG] debug-file - hvigorfile, require result:  { default: { plugins: [] } }
[2026-06-02T18:03:01.583] [DEBUG] debug-file - hvigorfile, binding system plugins null
[2026-06-02T18:03:01.584] [DEBUG] debug-file - Starting plugin build process
[2026-06-02T18:03:01.584] [DEBUG] debug-file - App plugin prepare start...
[2026-06-02T18:03:01.584] [DEBUG] debug-file - App plugin prepare end...
[2026-06-02T18:03:01.584] [DEBUG] debug-file - App plugin creating...
[2026-06-02T18:03:01.590] [DEBUG] debug-file - App plugin register hook start...
[2026-06-02T18:03:01.590] [DEBUG] debug-file - App plugin register hook end...
[2026-06-02T18:03:01.590] [DEBUG] debug-file - Plugin build process completed
[2026-06-02T18:03:01.591] [DEBUG] debug-file - Start initialize project's product build option map with build mode debug.
[2026-06-02T18:03:01.591] [DEBUG] debug-file - Picking option from product 'default' with build mode 'debug'.
[2026-06-02T18:03:01.591] [DEBUG] debug-file - Product 'default' build option initialized
[2026-06-02T18:03:01.591] [DEBUG] debug-file - End initialize project's product build option map with build mode 'debug'.
[2026-06-02T18:03:01.593] [DEBUG] debug-file - Obtain build option for product 'default'in this build.
[2026-06-02T18:03:01.594] [DEBUG] debug-file - No signingConfig found, initRemoteHspCache failed.
[2026-06-02T18:03:01.597] [DEBUG] debug-file - Start recording SDK configuration permission data.
[2026-06-02T18:03:01.642] [DEBUG] debug-file - Sdk init in 48 ms 
[2026-06-02T18:03:01.648] [DEBUG] debug-file - Project task initialization takes 5 ms 
[2026-06-02T18:03:01.648] [DEBUG] debug-file - hvigorfile, binding custom plugins []
[2026-06-02T18:03:01.648] [DEBUG] debug-file - hvigorfile, no custom plugins were found in C:\Users\27843\Downloads\RingtoneKit_Codelab_\hvigorfile.ts
[2026-06-02T18:03:01.648] [DEBUG] debug-file - hvigorfile, resolve finished C:\Users\27843\Downloads\RingtoneKit_Codelab_\hvigorfile.ts
[2026-06-02T18:03:01.649] [DEBUG] debug-file - hvigorfile, resolving C:\Users\27843\Downloads\RingtoneKit_Codelab_\entry\hvigorfile.ts
[2026-06-02T18:03:01.654] [DEBUG] debug-file - hvigorfile, require result:  { default: { plugins: [] } }
[2026-06-02T18:03:01.654] [DEBUG] debug-file - hvigorfile, binding system plugins null
[2026-06-02T18:03:01.654] [DEBUG] debug-file - Starting plugin build process
[2026-06-02T18:03:01.654] [DEBUG] debug-file - Hap plugin creating...
[2026-06-02T18:03:01.656] [DEBUG] debug-file - failed to load cangjie to dynamically generate schemas: Error: Cannot find module '@ohos/cangjie-build-support/index'
Require stack:
- C:\Program Files\Huawei\DevEco Studio\tools\hvigor\hvigor-ohos-plugin\src\plugin\hooks\cangjie-register.js
- C:\Program Files\Huawei\DevEco Studio\tools\hvigor\hvigor-ohos-plugin\src\plugin\strategy\stage-init-strategy.js
- C:\Program Files\Huawei\DevEco Studio\tools\hvigor\hvigor-ohos-plugin\src\plugin\builder\abstract-plugin-builder.js
- C:\Program Files\Huawei\DevEco Studio\tools\hvigor\hvigor-ohos-plugin\src\plugin\builder\app-plugin-builder.js
- C:\Program Files\Huawei\DevEco Studio\tools\hvigor\hvigor-ohos-plugin\src\plugin\factory\plugin-factory.js
- C:\Program Files\Huawei\DevEco Studio\tools\hvigor\hvigor-ohos-plugin\index.js
- C:\Users\27843\Downloads\RingtoneKit_Codelab_\hvigorfile.ts
- C:\Program Files\Huawei\DevEco Studio\tools\hvigor\hvigor\src\base\internal\lifecycle\configuration.js
- C:\Program Files\Huawei\DevEco Studio\tools\hvigor\hvigor\src\base\boot\index.js
- C:\Program Files\Huawei\DevEco Studio\tools\hvigor\hvigor\src\base\daemon\cluster\worker-process-lifecycle.js
- C:\Program Files\Huawei\DevEco Studio\tools\hvigor\hvigor\src\base\daemon\process\daemon-process-boot-script.js
[2026-06-02T18:03:01.659] [DEBUG] debug-file - Start initialize module-target build option map, moduleName=entry, buildMode=debug
[2026-06-02T18:03:01.659] [DEBUG] debug-file - Target 'default' config initialized
[2026-06-02T18:03:01.659] [DEBUG] debug-file - Module 'entry' target 'default' build option initialized
[2026-06-02T18:03:01.660] [DEBUG] debug-file - End initialize module-target build option map, moduleName=entry
[2026-06-02T18:03:01.660] [DEBUG] debug-file - Start initialize module-target build option map, moduleName=entry, buildMode=release
[2026-06-02T18:03:01.660] [DEBUG] debug-file - Target 'default' config initialized
[2026-06-02T18:03:01.660] [DEBUG] debug-file - Module 'entry' target 'default' build option initialized
[2026-06-02T18:03:01.660] [DEBUG] debug-file - End initialize module-target build option map, moduleName=entry
[2026-06-02T18:03:01.660] [DEBUG] debug-file - Start initialize module-target build option map, moduleName=entry, buildMode=debug
[2026-06-02T18:03:01.661] [DEBUG] debug-file - Target 'default' config initialized
[2026-06-02T18:03:01.661] [DEBUG] debug-file - Module 'entry' target 'default' build option initialized
[2026-06-02T18:03:01.661] [DEBUG] debug-file - End initialize module-target build option map, moduleName=entry
[2026-06-02T18:03:01.661] [DEBUG] debug-file - Obtain build option for module 'entry' target 'default'in this build.
[2026-06-02T18:03:01.664] [DEBUG] debug-file - Module entry task initialization takes 3 ms 
[2026-06-02T18:03:01.664] [DEBUG] debug-file - Hap plugin register hook start...
[2026-06-02T18:03:01.664] [DEBUG] debug-file - Hap plugin register hook end...
[2026-06-02T18:03:01.664] [DEBUG] debug-file - Plugin build process completed
[2026-06-02T18:03:01.664] [DEBUG] debug-file - hvigorfile, binding custom plugins []
[2026-06-02T18:03:01.664] [DEBUG] debug-file - hvigorfile, no custom plugins were found in C:\Users\27843\Downloads\RingtoneKit_Codelab_\entry\hvigorfile.ts
[2026-06-02T18:03:01.665] [DEBUG] debug-file - hvigorfile, resolve finished C:\Users\27843\Downloads\RingtoneKit_Codelab_\entry\hvigorfile.ts
[2026-06-02T18:03:01.783] [DEBUG] debug-file - hvigorfile, resolve hvigorfile dependencies in 118 ms 
[2026-06-02T18:03:01.783] [DEBUG] debug-file - project has submodules:entry
[2026-06-02T18:03:01.784] [DEBUG] debug-file - start to load updatedOhPackageInfo to the disk
[2026-06-02T18:03:01.791] [DEBUG] debug-file - load to the disk finished
[2026-06-02T18:03:01.792] [DEBUG] debug-file - Start to initialize dependency information.
[2026-06-02T18:03:01.793] [DEBUG] debug-file - Module RingtoneKit_Codelab_ Collected Dependency: 
[2026-06-02T18:03:01.793] [DEBUG] debug-file - Module RingtoneKit_Codelab_'s total dependency: 0
[2026-06-02T18:03:01.794] [DEBUG] debug-file - Start to initialize dependency information.
[2026-06-02T18:03:01.795] [DEBUG] debug-file - Module entry Collected Dependency: 
[2026-06-02T18:03:01.796] [DEBUG] debug-file - Module entry's total dependency: 0
[2026-06-02T18:03:01.798] [DEBUG] debug-file - Configuration phase cost:224 ms 
[2026-06-02T18:03:01.799] [DEBUG] debug-file - Configuration task cost before running: 235 ms 
[2026-06-02T18:03:01.803] [DEBUG] debug-file - Executing task :entry:default@PreBuild
[2026-06-02T18:03:01.804] [WARN] debug-file - The project has not explicitly set the 'targetSdkVersion' version at build-profile.json5. It is recommended to configure it. Reference: https://developer.huawei.com/consumer/cn/doc/harmonyos-guides/ide-hvigor-build-profile-app#section45865492619
[2026-06-02T18:03:01.804] [DEBUG] debug-file - Task 'entry:default@PreBuild' cost while wrapping incremental declarations: 1 ms 
[2026-06-02T18:03:01.813] [DEBUG] debug-file - Incremental task entry:default@PreBuild pre-execution cost: 6 ms .
[2026-06-02T18:03:01.813] [DEBUG] debug-file - entry : default@PreBuild cost memory 0.31695556640625
[2026-06-02T18:03:01.815] [INFO] debug-file - UP-TO-DATE :entry:default@PreBuild...  
[2026-06-02T18:03:01.816] [DEBUG] debug-file - Executing task :entry:default@CreateModuleInfo
[2026-06-02T18:03:01.816] [DEBUG] debug-file - Task 'entry:default@CreateModuleInfo' cost while wrapping incremental declarations: 1 ms 
[2026-06-02T18:03:01.816] [DEBUG] debug-file - entry : default@CreateModuleInfo cost memory 0.03961181640625
[2026-06-02T18:03:01.816] [DEBUG] debug-file - runTaskFromQueue task cost before running: 253 ms 
[2026-06-02T18:03:01.817] [INFO] debug-file - Finished :entry:default@CreateModuleInfo... after 1 ms 
[2026-06-02T18:03:01.818] [DEBUG] debug-file - Executing task :entry:default@GenerateMetadata
[2026-06-02T18:03:01.818] [DEBUG] debug-file - Task 'entry:default@GenerateMetadata' cost while wrapping incremental declarations: 1 ms 
[2026-06-02T18:03:01.819] [DEBUG] debug-file - Incremental task entry:default@GenerateMetadata pre-execution cost: 1 ms .
[2026-06-02T18:03:01.819] [DEBUG] debug-file - entry : default@GenerateMetadata cost memory 0.08127593994140625
[2026-06-02T18:03:01.819] [INFO] debug-file - UP-TO-DATE :entry:default@GenerateMetadata...  
[2026-06-02T18:03:01.820] [DEBUG] debug-file - Executing task :entry:default@ConfigureCmake
[2026-06-02T18:03:01.820] [DEBUG] debug-file - entry : default@ConfigureCmake cost memory 0.013885498046875
[2026-06-02T18:03:01.821] [DEBUG] debug-file - runTaskFromQueue task cost before running: 257 ms 
[2026-06-02T18:03:01.821] [INFO] debug-file - Finished :entry:default@ConfigureCmake... after 1 ms 
[2026-06-02T18:03:01.822] [DEBUG] debug-file - Executing task :entry:default@MergeProfile
[2026-06-02T18:03:01.822] [DEBUG] debug-file - Task 'entry:default@MergeProfile' cost while wrapping incremental declarations: 1 ms 
[2026-06-02T18:03:01.825] [DEBUG] debug-file - Incremental task entry:default@MergeProfile pre-execution cost: 2 ms .
[2026-06-02T18:03:01.825] [DEBUG] debug-file - entry : default@MergeProfile cost memory 0.11968994140625
[2026-06-02T18:03:01.825] [INFO] debug-file - UP-TO-DATE :entry:default@MergeProfile...  
[2026-06-02T18:03:01.827] [DEBUG] debug-file - Executing task :entry:default@CreateBuildProfile
[2026-06-02T18:03:01.827] [DEBUG] debug-file - Task 'entry:default@CreateBuildProfile' cost while wrapping incremental declarations: 1 ms 
[2026-06-02T18:03:01.828] [DEBUG] debug-file - Incremental task entry:default@CreateBuildProfile pre-execution cost: 2 ms .
[2026-06-02T18:03:01.829] [DEBUG] debug-file - entry : default@CreateBuildProfile cost memory 0.0920867919921875
[2026-06-02T18:03:01.829] [INFO] debug-file - UP-TO-DATE :entry:default@CreateBuildProfile...  
[2026-06-02T18:03:01.830] [DEBUG] debug-file - Executing task :entry:default@PreCheckSyscap
[2026-06-02T18:03:01.830] [DEBUG] debug-file - entry : default@PreCheckSyscap cost memory 0.01410675048828125
[2026-06-02T18:03:01.831] [DEBUG] debug-file - runTaskFromQueue task cost before running: 267 ms 
[2026-06-02T18:03:01.831] [INFO] debug-file - Finished :entry:default@PreCheckSyscap... after 1 ms 
[2026-06-02T18:03:01.832] [DEBUG] debug-file - Executing task :entry:default@GeneratePkgContextInfo
[2026-06-02T18:03:01.836] [DEBUG] debug-file - Task 'entry:default@GeneratePkgContextInfo' cost while wrapping incremental declarations: 1 ms 
[2026-06-02T18:03:01.837] [DEBUG] debug-file - entry : default@GeneratePkgContextInfo cost memory 0.17535400390625
[2026-06-02T18:03:01.837] [DEBUG] debug-file - runTaskFromQueue task cost before running: 273 ms 
[2026-06-02T18:03:01.837] [INFO] debug-file - Finished :entry:default@GeneratePkgContextInfo... after 5 ms 
[2026-06-02T18:03:01.841] [DEBUG] debug-file - Executing task :entry:default@ProcessIntegratedHsp
[2026-06-02T18:03:01.842] [DEBUG] debug-file - entry:default@ProcessIntegratedHsp is not up-to-date, since the output file 'C:\Users\27843\Downloads\RingtoneKit_Codelab_\build\cache\default\integrated_hsp\integratedHspCache.json' does not exist.
[2026-06-02T18:03:01.842] [DEBUG] debug-file - Incremental task entry:default@ProcessIntegratedHsp pre-execution cost: 1 ms .
[2026-06-02T18:03:01.842] [DEBUG] debug-file - entry : default@ProcessIntegratedHsp cost memory 0.05670166015625
[2026-06-02T18:03:01.842] [DEBUG] debug-file - runTaskFromQueue task cost before running: 279 ms 
[2026-06-02T18:03:01.842] [INFO] debug-file - Finished :entry:default@ProcessIntegratedHsp... after 1 ms 
[2026-06-02T18:03:01.844] [DEBUG] debug-file - Executing task :entry:default@BuildNativeWithCmake
[2026-06-02T18:03:01.844] [DEBUG] debug-file - entry : default@BuildNativeWithCmake cost memory 0.013885498046875
[2026-06-02T18:03:01.844] [DEBUG] debug-file - runTaskFromQueue task cost before running: 281 ms 
[2026-06-02T18:03:01.844] [INFO] debug-file - Finished :entry:default@BuildNativeWithCmake... after 1 ms 
[2026-06-02T18:03:01.845] [DEBUG] debug-file - Executing task :entry:default@MakePackInfo
[2026-06-02T18:03:01.847] [DEBUG] debug-file - Incremental task entry:default@MakePackInfo pre-execution cost: 2 ms .
[2026-06-02T18:03:01.847] [DEBUG] debug-file - entry : default@MakePackInfo cost memory 0.1016998291015625
[2026-06-02T18:03:01.848] [INFO] debug-file - UP-TO-DATE :entry:default@MakePackInfo...  
[2026-06-02T18:03:01.849] [DEBUG] debug-file - Executing task :entry:default@SyscapTransform
[2026-06-02T18:03:01.849] [DEBUG] debug-file - File: 'C:\Users\27843\Downloads\RingtoneKit_Codelab_\entry\src\main\syscap.json' from 'sysCapJsonPath' is not exists, just ignore.
[2026-06-02T18:03:01.850] [DEBUG] debug-file - Task 'entry:default@SyscapTransform' cost while wrapping incremental declarations: 2 ms 
[2026-06-02T18:03:01.853] [DEBUG] debug-file - entry:default@SyscapTransform is not up-to-date, since the output file 'C:\Users\27843\Downloads\RingtoneKit_Codelab_\entry\build\default\intermediates\syscap\default\rpcid.sc' does not exist.
[2026-06-02T18:03:01.853] [DEBUG] debug-file - Incremental task entry:default@SyscapTransform pre-execution cost: 3 ms .
[2026-06-02T18:03:01.853] [DEBUG] debug-file - entry : default@SyscapTransform cost memory 0.14776611328125
[2026-06-02T18:03:01.853] [DEBUG] debug-file - runTaskFromQueue task cost before running: 290 ms 
[2026-06-02T18:03:01.853] [INFO] debug-file - Finished :entry:default@SyscapTransform... after 5 ms 
[2026-06-02T18:03:01.855] [DEBUG] debug-file - Executing task :entry:default@ProcessProfile
[2026-06-02T18:03:01.856] [DEBUG] debug-file - Task 'entry:default@ProcessProfile' cost while wrapping incremental declarations: 1 ms 
[2026-06-02T18:03:01.857] [DEBUG] debug-file - Incremental task entry:default@ProcessProfile pre-execution cost: 1 ms .
[2026-06-02T18:03:01.857] [DEBUG] debug-file - entry : default@ProcessProfile cost memory 0.12117767333984375
[2026-06-02T18:03:01.858] [INFO] debug-file - UP-TO-DATE :entry:default@ProcessProfile...  
[2026-06-02T18:03:01.859] [DEBUG] debug-file - Executing task :entry:default@ProcessRouterMap
[2026-06-02T18:03:01.861] [DEBUG] debug-file - Incremental task entry:default@ProcessRouterMap pre-execution cost: 2 ms .
[2026-06-02T18:03:01.861] [DEBUG] debug-file - entry : default@ProcessRouterMap cost memory 0.1332244873046875
[2026-06-02T18:03:01.862] [INFO] debug-file - UP-TO-DATE :entry:default@ProcessRouterMap...  
[2026-06-02T18:03:01.863] [DEBUG] debug-file - Executing task :entry:default@ProcessShareConfig
[2026-06-02T18:03:01.865] [DEBUG] debug-file - Incremental task entry:default@ProcessShareConfig pre-execution cost: 2 ms .
[2026-06-02T18:03:01.865] [DEBUG] debug-file - entry : default@ProcessShareConfig cost memory 0.11000823974609375
[2026-06-02T18:03:01.866] [INFO] debug-file - UP-TO-DATE :entry:default@ProcessShareConfig...  
[2026-06-02T18:03:01.867] [DEBUG] debug-file - Executing task :entry:default@ProcessStartupConfig
[2026-06-02T18:03:01.868] [DEBUG] debug-file - Task 'entry:default@ProcessStartupConfig' cost while wrapping incremental declarations: 1 ms 
[2026-06-02T18:03:01.868] [DEBUG] debug-file - entry:default@ProcessStartupConfig is not up-to-date, since the output file 'C:\Users\27843\Downloads\RingtoneKit_Codelab_\entry\build\default\intermediates\startup\default\startup_config.json' does not exist.
[2026-06-02T18:03:01.868] [DEBUG] debug-file - Incremental task entry:default@ProcessStartupConfig pre-execution cost: 1 ms .
[2026-06-02T18:03:01.869] [DEBUG] debug-file - entry : default@ProcessStartupConfig cost memory 0.09513092041015625
[2026-06-02T18:03:01.869] [DEBUG] debug-file - runTaskFromQueue task cost before running: 305 ms 
[2026-06-02T18:03:01.869] [INFO] debug-file - Finished :entry:default@ProcessStartupConfig... after 2 ms 
[2026-06-02T18:03:01.870] [DEBUG] debug-file - Executing task :entry:default@BuildNativeWithNinja
[2026-06-02T18:03:01.871] [DEBUG] debug-file - entry : default@BuildNativeWithNinja cost memory 0.02094268798828125
[2026-06-02T18:03:01.871] [DEBUG] debug-file - runTaskFromQueue task cost before running: 308 ms 
[2026-06-02T18:03:01.871] [INFO] debug-file - Finished :entry:default@BuildNativeWithNinja... after 1 ms 
[2026-06-02T18:03:01.873] [DEBUG] debug-file - restool module names: entry; moduleName=entry, taskName=default@ProcessResource
[2026-06-02T18:03:01.874] [DEBUG] debug-file - Executing task :entry:default@ProcessResource
[2026-06-02T18:03:01.874] [DEBUG] debug-file - Task 'entry:default@ProcessResource' cost while wrapping incremental declarations: 1 ms 
[2026-06-02T18:03:01.876] [DEBUG] debug-file - Incremental task entry:default@ProcessResource pre-execution cost: 2 ms .
[2026-06-02T18:03:01.876] [DEBUG] debug-file - entry : default@ProcessResource cost memory 0.13605499267578125
[2026-06-02T18:03:01.878] [INFO] debug-file - UP-TO-DATE :entry:default@ProcessResource...  
[2026-06-02T18:03:01.883] [DEBUG] debug-file - Executing task :entry:default@GenerateLoaderJson
[2026-06-02T18:03:01.883] [DEBUG] debug-file - Task 'entry:default@GenerateLoaderJson' cost while wrapping incremental declarations: 1 ms 
[2026-06-02T18:03:01.891] [DEBUG] debug-file - Incremental task entry:default@GenerateLoaderJson pre-execution cost: 5 ms .
[2026-06-02T18:03:01.892] [DEBUG] debug-file - entry : default@GenerateLoaderJson cost memory 0.47365570068359375
[2026-06-02T18:03:01.895] [INFO] debug-file - UP-TO-DATE :entry:default@GenerateLoaderJson...  
[2026-06-02T18:03:01.896] [DEBUG] debug-file - Executing task :entry:default@ProcessLibs
[2026-06-02T18:03:01.898] [DEBUG] debug-file - Incremental task entry:default@ProcessLibs pre-execution cost: 2 ms .
[2026-06-02T18:03:01.899] [DEBUG] debug-file - entry : default@ProcessLibs cost memory 0.10408782958984375
[2026-06-02T18:03:01.899] [INFO] debug-file - UP-TO-DATE :entry:default@ProcessLibs...  
[2026-06-02T18:03:01.901] [DEBUG] debug-file - restool module names: entry; moduleName=entry, taskName=default@CompileResource
[2026-06-02T18:03:01.902] [DEBUG] debug-file - Executing task :entry:default@CompileResource
[2026-06-02T18:03:01.915] [DEBUG] debug-file - Incremental task entry:default@CompileResource pre-execution cost: 12 ms .
[2026-06-02T18:03:01.915] [DEBUG] debug-file - entry : default@CompileResource cost memory 0.5727996826171875
[2026-06-02T18:03:01.916] [INFO] debug-file - UP-TO-DATE :entry:default@CompileResource...  
[2026-06-02T18:03:01.918] [DEBUG] debug-file - Executing task :entry:default@DoNativeStrip
[2026-06-02T18:03:01.918] [DEBUG] debug-file - Task 'entry:default@DoNativeStrip' cost while wrapping incremental declarations: 1 ms 
[2026-06-02T18:03:01.919] [DEBUG] debug-file - Incremental task entry:default@DoNativeStrip pre-execution cost: 1 ms .
[2026-06-02T18:03:01.919] [DEBUG] debug-file - entry : default@DoNativeStrip cost memory 0.07444000244140625
[2026-06-02T18:03:01.919] [INFO] debug-file - UP-TO-DATE :entry:default@DoNativeStrip...  
[2026-06-02T18:03:01.921] [DEBUG] debug-file - Executing task :entry:default@CompileArkTS
[2026-06-02T18:03:01.921] [DEBUG] debug-file - obfuscationOptions: undefined
[2026-06-02T18:03:01.922] [DEBUG] debug-file - Task 'entry:default@CompileArkTS' cost while wrapping incremental declarations: 1 ms 
[2026-06-02T18:03:01.931] [DEBUG] debug-file - entry:default@CompileArkTS is not up-to-date, since the input file 'C:\Users\27843\Downloads\RingtoneKit_Codelab_\entry\src\main\ets' has been changed.
[2026-06-02T18:03:01.932] [DEBUG] debug-file - Incremental task entry:default@CompileArkTS pre-execution cost: 8 ms .
[2026-06-02T18:03:01.943] [DEBUG] debug-file - build config:
[2026-06-02T18:03:01.943] [DEBUG] debug-file - {
  moduleType: 'entry',
  perf: 0,
  targetName: '.default',
  packageManagerType: 'ohpm',
  localPropertiesPath: 'C:\\Users\\27843\\Downloads\\RingtoneKit_Codelab_\\local.properties',
  isPreview: false,
  isOhosTest: false,
  isLocalTest: false,
  buildMode: 'Debug',
  hotReloadBuild: undefined,
  watchMode: 'false',
  aceProfilePath: 'C:\\Users\\27843\\Downloads\\RingtoneKit_Codelab_\\entry\\build\\default\\intermediates\\res\\default\\resources\\base\\profile',
  etsLoaderPath: 'C:\\Program Files\\Huawei\\DevEco Studio\\sdk\\default\\openharmony\\ets\\build-tools\\ets-loader',
  modulePath: 'C:\\Users\\27843\\Downloads\\RingtoneKit_Codelab_\\entry',
  testFrameworkPar: {
    testMode: undefined,
    coveragePathFilter: undefined,
    coverageMode: undefined
  },
  needCoverageInsert: false,
  debugLine: false,
  projectTopDir: 'C:\\Users\\27843\\Downloads\\RingtoneKit_Codelab_',
  compileSdkVersion: 22,
  compatibleSdkVersion: 12,
  originCompatibleSdkVersion: '5.0.0(12)',
  compatibleSdkVersionStage: 'beta1',
  bundleName: 'c***n',
  etsLoaderVersion: '6.0.2.130',
  etsLoaderReleaseType: 'Release',
  aotCompileMode: 'type',
  apPath: 'C:\\Users\\27843\\Downloads\\RingtoneKit_Codelab_\\entry\\modules.ap',
  entryModuleName: 'entry',
  entryModuleVersion: '1.0.0',
  entryPackageName: 'entry',
  allModuleNameHash: 'db44f8a8a620383b923efb1105d6d0eb296559a94ef72a4510286f2511f87786',
  externalApiPaths: [
    'C:\\Program Files\\Huawei\\DevEco Studio\\sdk\\default\\hms\\ets'
  ],
  compilerTypes: [],
  isCrossplatform: false,
  hvigorPluginFile: undefined,
  compilePluginPath: undefined,
  buildGeneratedProfilePath: 'C:\\Users\\27843\\Downloads\\RingtoneKit_Codelab_\\entry\\build\\default\\generated\\profile\\default',
  bundleType: 'app',
  arkTSVersion: undefined,
  apiVersion: 22,
  needCompleteSourcesMap: false,
  isFaMode: false,
  buildDir: 'C:\\Users\\27843\\Downloads\\RingtoneKit_Codelab_\\entry\\build',
  deviceTypes: [ 'phone', 'tablet', 'wearable' ],
  pkgContextInfo: undefined,
  ohPackagePathMap: {},
  dependencyAliasMap: {},
  permission: { requestPermissions: undefined, definePermissions: undefined },
  useGetCurrentBundleName: false,
  projectArkOption: undefined,
  sourceMapDir: undefined,
  branchElimination: false,
  transformLib: undefined,
  tsImportSendable: false,
  resolveConflictMode: true,
  depName2RootPath: {},
  depName2DepInfo: {},
  rootPathSet: [ 'C:\\Users\\27843\\Downloads\\RingtoneKit_Codelab_' ],
  useNativeResolver: true,
  shouldEmitJs: true,
  useTscResolve: false,
  singleFileEmit: false,
  userProjectConfig: {
    autoLazyImport: false,
    allowEmptyBundleName: false,
    reExportCheckMode: 'noCheck',
    executionMode: 'memory',
    usePathPlaceholder: false,
    writeRollupCache: true,
    isExpandImportEnabled: false,
    expandImportExclude: '',
    lazyImportExclude: '',
    lazyImportInclude: '',
    ignoreCrossplatformCheck: false,
    isHarDeduplicateEnabled: false,
    skipOhModulesLint: false,
    enableStrictCheckOHModule: false,
    disableSendableCheckRules: [],
    useDeclarationFileSignature: false,
    customizedOptions: undefined,
    integratedHsp: false,
    isPreloadSoEnabled: false
  },
  executionMode: 'memory',
  arkCompileCachePath: 'C:\\Users\\27843\\Downloads\\RingtoneKit_Codelab_\\entry\\build\\default\\cache\\default\\default@CompileArkTS\\esmodule',
  autoLazyFilter: undefined,
  isHarDeduplicateEnabled: false,
  intermediateHarDuplicateDirPath: 'C:\\Users\\27843\\Downloads\\RingtoneKit_Codelab_\\entry\\build\\default\\intermediates\\har_duplicate\\default',
  autoLazyImport: false,
  allowEmptyBundleName: false,
  reExportCheckMode: 'noCheck',
  usePathPlaceholder: false,
  writeRollupCache: true,
  isExpandImportEnabled: false,
  expandImportExclude: '',
  lazyImportExclude: '',
  lazyImportInclude: '',
  ignoreCrossplatformCheck: false,
  skipOhModulesLint: false,
  enableStrictCheckOHModule: false,
  disableSendableCheckRules: [],
  useDeclarationFileSignature: false,
  customizedOptions: undefined,
  integratedHsp: false,
  isPreloadSoEnabled: false,
  strictMode: undefined,
  useNormalizedOHMUrl: false,
  caseSensitiveCheck: false,
  aceModuleJsonPath: 'C:\\Users\\27843\\Downloads\\RingtoneKit_Codelab_\\entry\\build\\default\\intermediates\\res\\default\\ark_module.json',
  appResource: 'C:\\Users\\27843\\Downloads\\RingtoneKit_Codelab_\\entry\\build\\default\\intermediates\\res\\default\\ResourceTable.txt',
  rawFileResource: 'C:\\Users\\27843\\Downloads\\RingtoneKit_Codelab_\\entry\\build\\default\\intermediates\\res\\default\\resources\\rawfile',
  resourceTableHash: '0a5e461b8cc472af07d60289bf2402599b7c63db39b7448590c7effc1f3dc134',
  runtimeOS: 'HarmonyOS',
  sdkInfo: 'false:22:6.0.2.130:Release',
  aceModuleRoot: 'C:\\Users\\27843\\Downloads\\RingtoneKit_Codelab_\\entry\\src\\main\\ets',
  compileMode: 'esmodule',
  aceSuperVisualPath: 'C:\\Users\\27843\\Downloads\\RingtoneKit_Codelab_\\entry\\src\\main\\supervisual',
  aceBuildJson: 'C:\\Users\\27843\\Downloads\\RingtoneKit_Codelab_\\entry\\build\\default\\intermediates\\loader\\default\\loader.json',
  cachePath: 'C:\\Users\\27843\\Downloads\\RingtoneKit_Codelab_\\entry\\build\\default\\cache\\default\\default@CompileArkTS\\esmodule\\debug',
  aceModuleBuild: 'C:\\Users\\27843\\Downloads\\RingtoneKit_Codelab_\\entry\\build\\default\\intermediates\\loader_out\\default\\ets',
  supportChunks: true,
  declaredFilesPath: undefined,
  shouldCollectDirectImportees: false,
  isByteCodeHarOptimize: false,
  expandImportPath: undefined,
  pkgNameToPkgBriefInfo: {
    entry: {
      pkgRoot: 'C:\\Users\\27843\\Downloads\\RingtoneKit_Codelab_\\entry',
      originalSourceRoots: undefined,
      sourceRoots: [Array],
      pkgName: 'entry'
    }
  },
  projectModel: {
    'C:\\Users\\27843\\Downloads\\RingtoneKit_Codelab_\\entry\\src\\main': {
      moduleName: 'entry',
      modulePkgPath: 'C:\\Users\\27843\\Downloads\\RingtoneKit_Codelab_\\entry',
      belongProjectPath: 'C:\\Users\\27843\\Downloads\\RingtoneKit_Codelab_'
    },
    'C:\\Users\\27843\\Downloads\\RingtoneKit_Codelab_\\entry': {
      moduleName: 'entry',
      modulePkgPath: 'C:\\Users\\27843\\Downloads\\RingtoneKit_Codelab_\\entry',
      belongProjectPath: 'C:\\Users\\27843\\Downloads\\RingtoneKit_Codelab_'
    },
    'C:\\Users\\27843\\Downloads\\RingtoneKit_Codelab_': {
      moduleName: 'RingtoneKit_Codelab_',
      modulePkgPath: 'C:\\Users\\27843\\Downloads\\RingtoneKit_Codelab_',
      belongProjectPath: 'C:\\Users\\27843\\Downloads\\RingtoneKit_Codelab_'
    }
  },
  pkgJsonFileHash: '2d3aabe892cb47a8d32dc51369771e7583ba0b181fb1299d8dac661ceb735d99',
  allModulePaths: [ 'C:\\Users\\27843\\Downloads\\RingtoneKit_Codelab_\\entry' ],
  routerMap: {},
  obfuscationOptions: undefined,
  byteCodeHarToDependencyKeys: undefined,
  compileBlockPkg: [],
  mockParams: {
    decorator: '@MockSetup',
    packageName: '@ohos/hamock',
    etsSourceRootPath: 'src/main/ets',
    mockConfigPath: undefined,
    mockConfigKey2ModuleInfo: {},
    source2ModuleIdMap: {}
  },
  copyCodeResourceEnable: true,
  copyCodeResourceExcludes: [],
  copyCodeResourceIncludes: undefined,
  uiTransformOptimization: false,
  sdkPath: 'C:/Program Files/Huawei/DevEco Studio/sdk',
  needPreloadSoFileSet: {},
  preloadSoFilePath: 'C:\\Users\\27843\\Downloads\\RingtoneKit_Codelab_\\entry\\build\\default\\intermediates\\preload\\default\\preload.json',
  useSourceHash: false,
  localModuleParamMap: {},
  otherPaths: {
    'entry/*': [
      '..\\*',
      '..\\..\\..\\build\\default\\generated\\profile\\default\\*'
    ]
  },
  collectImportersConfig: undefined
}
[2026-06-02T18:03:01.944] [DEBUG] debug-file - Compile arkts with external api path: C:\Program Files\Huawei\DevEco Studio\sdk\default\hms\ets
[2026-06-02T18:03:01.945] [DEBUG] debug-file - default@CompileArkTS work[16] is submitted.
[2026-06-02T18:03:01.945] [DEBUG] debug-file - default@CompileArkTS work[16] is pushed to ready queue.
[2026-06-02T18:03:01.945] [DEBUG] debug-file - A work dispatched to worker[31] failed because unable to get work from ready queue.
[2026-06-02T18:03:01.945] [DEBUG] debug-file - A work dispatched to worker[30] failed because unable to get work from ready queue.
[2026-06-02T18:03:01.945] [DEBUG] debug-file - A work dispatched to worker[29] failed because unable to get work from ready queue.
[2026-06-02T18:03:01.945] [DEBUG] debug-file - A work dispatched to worker[28] failed because unable to get work from ready queue.
[2026-06-02T18:03:01.945] [DEBUG] debug-file - A work dispatched to worker[27] failed because unable to get work from ready queue.
[2026-06-02T18:03:01.945] [DEBUG] debug-file - A work dispatched to worker[26] failed because unable to get work from ready queue.
[2026-06-02T18:03:01.946] [DEBUG] debug-file - A work dispatched to worker[25] failed because unable to get work from ready queue.
[2026-06-02T18:03:01.946] [DEBUG] debug-file - A work dispatched to worker[24] failed because unable to get work from ready queue.
[2026-06-02T18:03:01.946] [DEBUG] debug-file - A work dispatched to worker[23] failed because unable to get work from ready queue.
[2026-06-02T18:03:01.946] [DEBUG] debug-file - A work dispatched to worker[22] failed because unable to get work from ready queue.
[2026-06-02T18:03:01.946] [DEBUG] debug-file - A work dispatched to worker[21] failed because unable to get work from ready queue.
[2026-06-02T18:03:01.946] [DEBUG] debug-file - A work dispatched to worker[20] failed because unable to get work from ready queue.
[2026-06-02T18:03:01.946] [DEBUG] debug-file - A work dispatched to worker[19] failed because unable to get work from ready queue.
[2026-06-02T18:03:01.946] [DEBUG] debug-file - A work dispatched to worker[18] failed because unable to get work from ready queue.
[2026-06-02T18:03:01.946] [DEBUG] debug-file - A work dispatched to worker[17] failed because unable to get work from ready queue.
[2026-06-02T18:03:01.946] [DEBUG] debug-file - A work dispatched to worker[16] failed because unable to get work from ready queue.
[2026-06-02T18:03:01.946] [DEBUG] debug-file - A work dispatched to worker[15] failed because unable to get work from ready queue.
[2026-06-02T18:03:01.946] [DEBUG] debug-file - A work dispatched to worker[14] failed because unable to get work from ready queue.
[2026-06-02T18:03:01.946] [DEBUG] debug-file - A work dispatched to worker[13] failed because unable to get work from ready queue.
[2026-06-02T18:03:01.946] [DEBUG] debug-file - A work dispatched to worker[12] failed because unable to get work from ready queue.
[2026-06-02T18:03:01.946] [DEBUG] debug-file - A work dispatched to worker[11] failed because unable to get work from ready queue.
[2026-06-02T18:03:01.946] [DEBUG] debug-file - A work dispatched to worker[10] failed because unable to get work from ready queue.
[2026-06-02T18:03:01.946] [DEBUG] debug-file - A work dispatched to worker[9] failed because unable to get work from ready queue.
[2026-06-02T18:03:01.946] [DEBUG] debug-file - A work dispatched to worker[8] failed because unable to get work from ready queue.
[2026-06-02T18:03:01.946] [DEBUG] debug-file - A work dispatched to worker[7] failed because unable to get work from ready queue.
[2026-06-02T18:03:01.947] [DEBUG] debug-file - A work dispatched to worker[6] failed because unable to get work from ready queue.
[2026-06-02T18:03:01.947] [DEBUG] debug-file - A work dispatched to worker[5] failed because unable to get work from ready queue.
[2026-06-02T18:03:01.947] [DEBUG] debug-file - default@CompileArkTS work[16] has been dispatched to worker[4].
[2026-06-02T18:03:01.947] [DEBUG] debug-file - default@CompileArkTS work[16] is dispatched.
[2026-06-02T18:03:01.947] [DEBUG] debug-file - CopyResources startTime: 5884723996800
[2026-06-02T18:03:01.947] [DEBUG] debug-file - default@CompileArkTS work[17] is submitted.
[2026-06-02T18:03:01.947] [DEBUG] debug-file - default@CompileArkTS work[17] is pushed to ready queue.
[2026-06-02T18:03:01.947] [DEBUG] debug-file - A work dispatched to worker[31] failed because unable to get work from ready queue.
[2026-06-02T18:03:01.947] [DEBUG] debug-file - Create  resident worker with id: 30.
[2026-06-02T18:03:01.949] [DEBUG] debug-file - default@CompileArkTS work[17] has been dispatched to worker[30].
[2026-06-02T18:03:01.949] [DEBUG] debug-file - default@CompileArkTS work[17] is dispatched.
[2026-06-02T18:03:01.949] [DEBUG] debug-file - entry : default@CompileArkTS cost memory 1.448577880859375
[2026-06-02T18:03:01.951] [DEBUG] debug-file - Executing task :entry:default@BuildJS
[2026-06-02T18:03:01.951] [DEBUG] debug-file - Task 'entry:default@BuildJS' cost while wrapping incremental declarations: 1 ms 
[2026-06-02T18:03:01.955] [DEBUG] debug-file - entry : default@BuildJS cost memory 0.1476593017578125
[2026-06-02T18:03:01.955] [DEBUG] debug-file - runTaskFromQueue task cost before running: 391 ms 
[2026-06-02T18:03:01.955] [INFO] debug-file - Finished :entry:default@BuildJS... after 4 ms 
[2026-06-02T18:03:01.957] [DEBUG] debug-file - Executing task :entry:default@CacheNativeLibs
[2026-06-02T18:03:01.957] [DEBUG] debug-file - Task 'entry:default@CacheNativeLibs' cost while wrapping incremental declarations: 1 ms 
[2026-06-02T18:03:01.959] [DEBUG] debug-file - Incremental task entry:default@CacheNativeLibs pre-execution cost: 2 ms .
[2026-06-02T18:03:01.959] [DEBUG] debug-file - entry : default@CacheNativeLibs cost memory 0.091156005859375
[2026-06-02T18:03:01.960] [INFO] debug-file - UP-TO-DATE :entry:default@CacheNativeLibs...  
[2026-06-02T18:03:03.339] [WARN] debug-file - [33mWARN: [33m[33mArkTS:WARN File: C:/Users/27843/Downloads/RingtoneKit_Codelab_/entry/src/main/ets/pages/Index.ets:169:7
 Function may throw exceptions. Special handling is required.
[39m[39m
[33mWARN: [33m[33mArkTS:WARN File: C:/Users/27843/Downloads/RingtoneKit_Codelab_/entry/src/main/ets/pages/Index.ets:184:5
 Function may throw exceptions. Special handling is required.
[39m[39m
[33mWARN: [33m[33mArkTS:WARN File: C:/Users/27843/Downloads/RingtoneKit_Codelab_/entry/src/main/ets/pages/Index.ets:201:7
 Function may throw exceptions. Special handling is required.
[39m[39m
[33mWARN: [33m[33mArkTS:WARN File: C:/Users/27843/Downloads/RingtoneKit_Codelab_/entry/src/main/ets/pages/Index.ets:205:5
 The system capacity of this api 'ringtone' is not supported on all devices
[39m[39m
[33mWARN: [33m[33mArkTS:WARN File: C:/Users/27843/Downloads/RingtoneKit_Codelab_/entry/src/main/ets/pages/Index.ets:205:14
 The system capacity of this api 'startRingtoneSetting' is not supported on all devices
[39m[39m
[33mWARN: [33m[33mArkTS:WARN File: C:/Users/27843/Downloads/RingtoneKit_Codelab_/entry/src/main/ets/pages/Index.ets:210:24
 The system capacity of this api 'ringtone' is not supported on all devices
[39m[39m
[33mWARN: [33m[33mArkTS:WARN File: C:/Users/27843/Downloads/RingtoneKit_Codelab_/entry/src/main/ets/pages/Index.ets:210:33
 The system capacity of this api 'RingtoneErrors' is not supported on all devices
[39m[39m
[33mWARN: [33m[33mArkTS:WARN File: C:/Users/27843/Downloads/RingtoneKit_Codelab_/entry/src/main/ets/pages/Index.ets:210:48
 The system capacity of this api 'ERROR_FILE_NOT_FOUND' is not supported on all devices
[39m[39m

[2026-06-02T18:03:03.340] [DEBUG] debug-file - Ark compile task finished.finished time is 5886116905000
[2026-06-02T18:03:03.340] [DEBUG] debug-file - worker[4] has one work done.
[2026-06-02T18:03:03.342] [DEBUG] debug-file - default@CompileArkTS work[16] done.
[2026-06-02T18:03:03.342] [DEBUG] debug-file - A work dispatched to worker[4] failed because unable to get work from ready queue.
[2026-06-02T18:03:04.070] [DEBUG] debug-file - worker[30] has one work done.
[2026-06-02T18:03:04.070] [DEBUG] debug-file - CopyResources is end, endTime: 5886847115800
[2026-06-02T18:03:04.070] [DEBUG] debug-file - default@CompileArkTS work[17] done.
[2026-06-02T18:03:04.070] [DEBUG] debug-file - A work dispatched to worker[30] failed because unable to get work from ready queue.
[2026-06-02T18:03:04.074] [INFO] debug-file - Finished :entry:default@CompileArkTS... after 1 s 439 ms 
[2026-06-02T18:03:04.077] [DEBUG] debug-file - Executing task :entry:default@GeneratePkgModuleJson
[2026-06-02T18:03:04.077] [DEBUG] debug-file - File: 'C:\Users\27843\Downloads\RingtoneKit_Codelab_\entry\build\default\intermediates\preload\default\preload.json' from 'preloadSoJsonPath' is not exists, just ignore.
[2026-06-02T18:03:04.078] [DEBUG] debug-file - Error occurs while handling @Input 'shouldDeduplicateHar': The "data" argument must be of type string or an instance of Buffer, TypedArray, or DataView. Received undefined
[2026-06-02T18:03:04.078] [DEBUG] debug-file - Task 'entry:default@GeneratePkgModuleJson' cost while wrapping incremental declarations: 1 ms 
[2026-06-02T18:03:04.079] [DEBUG] debug-file - Incremental task entry:default@GeneratePkgModuleJson pre-execution cost: 1 ms .
[2026-06-02T18:03:04.079] [DEBUG] debug-file - entry : default@GeneratePkgModuleJson cost memory 0.1007232666015625
[2026-06-02T18:03:04.079] [INFO] debug-file - UP-TO-DATE :entry:default@GeneratePkgModuleJson...  
[2026-06-02T18:03:04.081] [DEBUG] debug-file - Executing task :entry:default@ProcessCompiledResources
[2026-06-02T18:03:04.081] [DEBUG] debug-file - File: 'C:\Users\27843\Downloads\RingtoneKit_Codelab_\entry\build\default\intermediates\preload\default\preload.json' from 'preloadSoJsonPath' is not exists, just ignore.
[2026-06-02T18:03:04.081] [DEBUG] debug-file - Task 'entry:default@ProcessCompiledResources' cost while wrapping incremental declarations: 1 ms 
[2026-06-02T18:03:04.081] [DEBUG] debug-file - entry : default@ProcessCompiledResources cost memory 0.05828094482421875
[2026-06-02T18:03:04.081] [DEBUG] debug-file - runTaskFromQueue task cost before running: 2 s 518 ms 
[2026-06-02T18:03:04.082] [INFO] debug-file - Finished :entry:default@ProcessCompiledResources... after 1 ms 
[2026-06-02T18:03:04.085] [DEBUG] debug-file - Executing task :entry:default@PackageHap
[2026-06-02T18:03:04.096] [DEBUG] debug-file - entry:default@PackageHap is not up-to-date, since the input file 'C:\Users\27843\Downloads\RingtoneKit_Codelab_\entry\build\default\intermediates\loader_out\default\ets' has been changed.
[2026-06-02T18:03:04.096] [DEBUG] debug-file - Incremental task entry:default@PackageHap pre-execution cost: 10 ms .
[2026-06-02T18:03:04.097] [DEBUG] debug-file - Use tool [C:\Program Files\Huawei\DevEco Studio\sdk\default\openharmony\toolchains\lib\app_packing_tool.jar]
 [
  'java',
  '-Dfile.encoding=GBK',
  '-jar',
  'C:\\Program Files\\Huawei\\DevEco Studio\\sdk\\default\\openharmony\\toolchains\\lib\\app_packing_tool.jar',
  '--mode',
  'hap',
  '--force',
  'true',
  '--lib-path',
  'C:\\Users\\27843\\Downloads\\RingtoneKit_Codelab_\\entry\\build\\default\\intermediates\\stripped_native_libs\\default',
  '--json-path',
  'C:\\Users\\27843\\Downloads\\RingtoneKit_Codelab_\\entry\\build\\default\\intermediates\\package\\default\\module.json',
  '--resources-path',
  'C:\\Users\\27843\\Downloads\\RingtoneKit_Codelab_\\entry\\build\\default\\intermediates\\res\\default\\resources',
  '--index-path',
  'C:\\Users\\27843\\Downloads\\RingtoneKit_Codelab_\\entry\\build\\default\\intermediates\\res\\default\\resources.index',
  '--pack-info-path',
  'C:\\Users\\27843\\Downloads\\RingtoneKit_Codelab_\\entry\\build\\default\\outputs\\default\\pack.info',
  '--out-path',
  'C:\\Users\\27843\\Downloads\\RingtoneKit_Codelab_\\entry\\build\\default\\outputs\\default\\entry-default-unsigned.hap',
  '--ets-path',
  'C:\\Users\\27843\\Downloads\\RingtoneKit_Codelab_\\entry\\build\\default\\intermediates\\loader_out\\default\\ets'
]
[2026-06-02T18:03:04.161] [DEBUG] debug-file - java daemon socket received message:{"code":0,"message":"pack success"}
[2026-06-02T18:03:04.170] [DEBUG] debug-file - entry : default@PackageHap cost memory 0.5899200439453125
[2026-06-02T18:03:04.171] [DEBUG] debug-file - runTaskFromQueue task cost before running: 2 s 607 ms 
[2026-06-02T18:03:04.173] [INFO] debug-file - Finished :entry:default@PackageHap... after 86 ms 
[2026-06-02T18:03:04.176] [DEBUG] debug-file - Executing task :entry:default@PackingCheck
[2026-06-02T18:03:04.187] [DEBUG] debug-file - entry : default@PackingCheck cost memory 0.3823394775390625
[2026-06-02T18:03:04.187] [DEBUG] debug-file - runTaskFromQueue task cost before running: 2 s 624 ms 
[2026-06-02T18:03:04.188] [INFO] debug-file - Finished :entry:default@PackingCheck... after 12 ms 
[2026-06-02T18:03:04.190] [DEBUG] debug-file - Executing task :entry:default@SignHap
[2026-06-02T18:03:04.190] [WARN] debug-file - Will skip sign 'hos_hap'. No signingConfigs profile is configured in current project.
             If needed, configure the signingConfigs in C:\Users\27843\Downloads\RingtoneKit_Codelab_\build-profile.json5.
[2026-06-02T18:03:04.192] [DEBUG] debug-file - entry:default@SignHap is not up-to-date, since the input file 'C:\Users\27843\Downloads\RingtoneKit_Codelab_\entry\build\default\outputs\default\entry-default-unsigned.hap' has been changed.
[2026-06-02T18:03:04.192] [DEBUG] debug-file - Incremental task entry:default@SignHap pre-execution cost: 2 ms .
[2026-06-02T18:03:04.192] [DEBUG] debug-file - entry : default@SignHap cost memory 0.0901031494140625
[2026-06-02T18:03:04.193] [DEBUG] debug-file - runTaskFromQueue task cost before running: 2 s 629 ms 
[2026-06-02T18:03:04.193] [INFO] debug-file - Finished :entry:default@SignHap... after 3 ms 
[2026-06-02T18:03:04.195] [DEBUG] debug-file - Executing task :entry:default@CollectDebugSymbol
[2026-06-02T18:03:04.196] [DEBUG] debug-file - entry : default@CollectDebugSymbol cost memory 0.134765625
[2026-06-02T18:03:04.196] [DEBUG] debug-file - runTaskFromQueue task cost before running: 2 s 633 ms 
[2026-06-02T18:03:04.197] [INFO] debug-file - Finished :entry:default@CollectDebugSymbol... after 2 ms 
[2026-06-02T18:03:04.197] [DEBUG] debug-file - Executing task :entry:assembleHap
[2026-06-02T18:03:04.197] [DEBUG] debug-file - entry : assembleHap cost memory 0.011993408203125
[2026-06-02T18:03:04.197] [DEBUG] debug-file - runTaskFromQueue task cost before running: 2 s 634 ms 
[2026-06-02T18:03:04.198] [INFO] debug-file - Finished :entry:assembleHap... after 1 ms 
[2026-06-02T18:03:04.321] [INFO] debug-file - BUILD SUCCESSFUL in 2 s 758 ms 
[2026-06-02T18:03:04.322] [DEBUG] debug-file - There is no need to refresh cache, since the incremental task entry:default@PreBuild is up-to-date.
[2026-06-02T18:03:04.322] [DEBUG] debug-file - Update task entry:default@CreateModuleInfo output file:C:\Users\27843\Downloads\RingtoneKit_Codelab_\entry\build\default\generated\profile\default\ModuleInfo.ts cache.
[2026-06-02T18:03:04.323] [DEBUG] debug-file - Incremental task entry:default@CreateModuleInfo post-execution cost:1 ms .
[2026-06-02T18:03:04.323] [DEBUG] debug-file - There is no need to refresh cache, since the incremental task entry:default@GenerateMetadata is up-to-date.
[2026-06-02T18:03:04.323] [DEBUG] debug-file - There is no need to refresh cache, since the incremental task entry:default@MergeProfile is up-to-date.
[2026-06-02T18:03:04.323] [DEBUG] debug-file - There is no need to refresh cache, since the incremental task entry:default@CreateBuildProfile is up-to-date.
[2026-06-02T18:03:04.323] [DEBUG] debug-file - Update task entry:default@GeneratePkgContextInfo output file:C:\Users\27843\Downloads\RingtoneKit_Codelab_\entry\build\default\intermediates\loader\default\pkgContextInfo.json cache.
[2026-06-02T18:03:04.323] [DEBUG] debug-file - Incremental task entry:default@GeneratePkgContextInfo post-execution cost:1 ms .
[2026-06-02T18:03:04.324] [DEBUG] debug-file - Update task entry:default@ProcessIntegratedHsp output file:C:\Users\27843\Downloads\RingtoneKit_Codelab_\build\cache\default\integrated_hsp\integratedHspCache.json cache.
[2026-06-02T18:03:04.324] [DEBUG] debug-file - Incremental task entry:default@ProcessIntegratedHsp post-execution cost:1 ms .
[2026-06-02T18:03:04.324] [DEBUG] debug-file - There is no need to refresh cache, since the incremental task entry:default@MakePackInfo is up-to-date.
[2026-06-02T18:03:04.324] [DEBUG] debug-file - Update task entry:default@SyscapTransform input file:C:\Program Files\Huawei\DevEco Studio\sdk\default\openharmony\toolchains\syscap_tool.exe cache by regenerate.
[2026-06-02T18:03:04.325] [DEBUG] debug-file - Update task entry:default@SyscapTransform input file:C:\Program Files\Huawei\DevEco Studio\sdk\default\openharmony\ets\api\device-define cache by regenerate.
[2026-06-02T18:03:04.326] [DEBUG] debug-file - Update task entry:default@SyscapTransform output file:C:\Users\27843\Downloads\RingtoneKit_Codelab_\entry\build\default\intermediates\syscap\default\rpcid.sc cache.
[2026-06-02T18:03:04.326] [DEBUG] debug-file - Incremental task entry:default@SyscapTransform post-execution cost:3 ms .
[2026-06-02T18:03:04.327] [DEBUG] debug-file - There is no need to refresh cache, since the incremental task entry:default@ProcessProfile is up-to-date.
[2026-06-02T18:03:04.327] [DEBUG] debug-file - There is no need to refresh cache, since the incremental task entry:default@ProcessRouterMap is up-to-date.
[2026-06-02T18:03:04.327] [DEBUG] debug-file - There is no need to refresh cache, since the incremental task entry:default@ProcessShareConfig is up-to-date.
[2026-06-02T18:03:04.327] [DEBUG] debug-file - Update task entry:default@ProcessStartupConfig output file:C:\Users\27843\Downloads\RingtoneKit_Codelab_\entry\build\default\intermediates\startup\default\startup_config.json cache.
[2026-06-02T18:03:04.327] [DEBUG] debug-file - Incremental task entry:default@ProcessStartupConfig post-execution cost:1 ms .
[2026-06-02T18:03:04.327] [DEBUG] debug-file - There is no need to refresh cache, since the incremental task entry:default@ProcessResource is up-to-date.
[2026-06-02T18:03:04.327] [DEBUG] debug-file - There is no need to refresh cache, since the incremental task entry:default@GenerateLoaderJson is up-to-date.
[2026-06-02T18:03:04.327] [DEBUG] debug-file - There is no need to refresh cache, since the incremental task entry:default@ProcessLibs is up-to-date.
[2026-06-02T18:03:04.327] [DEBUG] debug-file - There is no need to refresh cache, since the incremental task entry:default@CompileResource is up-to-date.
[2026-06-02T18:03:04.328] [DEBUG] debug-file - There is no need to refresh cache, since the incremental task entry:default@DoNativeStrip is up-to-date.
[2026-06-02T18:03:04.330] [DEBUG] debug-file - Update task entry:default@CompileArkTS input file:C:\Users\27843\Downloads\RingtoneKit_Codelab_\entry\build\default\intermediates\loader\default cache by regenerate.
[2026-06-02T18:03:04.331] [DEBUG] debug-file - Update task entry:default@CompileArkTS input file:C:\Users\27843\Downloads\RingtoneKit_Codelab_\entry\build\default\intermediates\res\default\ResourceTable.txt cache by regenerate.
[2026-06-02T18:03:04.331] [DEBUG] debug-file - Update task entry:default@CompileArkTS input file:C:\Users\27843\Downloads\RingtoneKit_Codelab_\entry\build\default\intermediates\res\default\ark_module.json cache by regenerate.
[2026-06-02T18:03:04.331] [DEBUG] debug-file - Update task entry:default@CompileArkTS input file:C:\Users\27843\Downloads\RingtoneKit_Codelab_\entry\build\default\intermediates\res\default\resources\base\profile cache by regenerate.
[2026-06-02T18:03:04.332] [DEBUG] debug-file - Update task entry:default@CompileArkTS input file:C:\Users\27843\Downloads\RingtoneKit_Codelab_\entry\src\main\ets cache from map.
[2026-06-02T18:03:04.332] [DEBUG] debug-file - Update task entry:default@CompileArkTS input file:C:\Users\27843\Downloads\RingtoneKit_Codelab_\entry\build\default\generated\profile\default\BuildProfile.ets cache by regenerate.
[2026-06-02T18:03:04.332] [DEBUG] debug-file - Update task entry:default@CompileArkTS output file:C:\Users\27843\Downloads\RingtoneKit_Codelab_\entry\build\default\intermediates\loader_out\default\ets cache.
[2026-06-02T18:03:04.333] [DEBUG] debug-file - Incremental task entry:default@CompileArkTS post-execution cost:6 ms .
[2026-06-02T18:03:04.335] [DEBUG] debug-file - Update task entry:default@BuildJS input file:C:\Users\27843\Downloads\RingtoneKit_Codelab_\entry\build\default\intermediates\loader\default cache by regenerate.
[2026-06-02T18:03:04.335] [DEBUG] debug-file - Update task entry:default@BuildJS input file:C:\Users\27843\Downloads\RingtoneKit_Codelab_\entry\build\default\intermediates\res\default\ResourceTable.txt cache by regenerate.
[2026-06-02T18:03:04.336] [DEBUG] debug-file - Update task entry:default@BuildJS input file:C:\Users\27843\Downloads\RingtoneKit_Codelab_\entry\build\default\intermediates\res\default\ark_module.json cache by regenerate.
[2026-06-02T18:03:04.336] [DEBUG] debug-file - Update task entry:default@BuildJS input file:C:\Users\27843\Downloads\RingtoneKit_Codelab_\entry\build\default\intermediates\res\default\resources\base\profile cache by regenerate.
[2026-06-02T18:03:04.337] [DEBUG] debug-file - Update task entry:default@BuildJS output file:C:\Users\27843\Downloads\RingtoneKit_Codelab_\entry\build\default\intermediates\loader_out\default\js cache.
[2026-06-02T18:03:04.338] [DEBUG] debug-file - Incremental task entry:default@BuildJS post-execution cost:5 ms .
[2026-06-02T18:03:04.338] [DEBUG] debug-file - There is no need to refresh cache, since the incremental task entry:default@CacheNativeLibs is up-to-date.
[2026-06-02T18:03:04.338] [DEBUG] debug-file - There is no need to refresh cache, since the incremental task entry:default@GeneratePkgModuleJson is up-to-date.
[2026-06-02T18:03:04.338] [DEBUG] debug-file - Incremental task entry:default@ProcessCompiledResources post-execution cost:1 ms .
[2026-06-02T18:03:04.339] [DEBUG] debug-file - Update task entry:default@PackageHap input file:C:\Users\27843\Downloads\RingtoneKit_Codelab_\entry\build\default\intermediates\stripped_native_libs\default cache by regenerate.
[2026-06-02T18:03:04.339] [DEBUG] debug-file - Update task entry:default@PackageHap input file:C:\Users\27843\Downloads\RingtoneKit_Codelab_\entry\build\default\intermediates\res\default\module.json cache by regenerate.
[2026-06-02T18:03:04.340] [DEBUG] debug-file - Update task entry:default@PackageHap input file:C:\Users\27843\Downloads\RingtoneKit_Codelab_\entry\build\default\intermediates\res\default\resources cache by regenerate.
[2026-06-02T18:03:04.342] [DEBUG] debug-file - Update task entry:default@PackageHap input file:C:\Users\27843\Downloads\RingtoneKit_Codelab_\entry\build\default\intermediates\res\default\resources.index cache by regenerate.
[2026-06-02T18:03:04.342] [DEBUG] debug-file - Update task entry:default@PackageHap input file:C:\Users\27843\Downloads\RingtoneKit_Codelab_\entry\build\default\outputs\default\pack.info cache by regenerate.
[2026-06-02T18:03:04.342] [DEBUG] debug-file - Update task entry:default@PackageHap input file:C:\Users\27843\Downloads\RingtoneKit_Codelab_\entry\build\default\intermediates\loader_out\default\ets cache from map.
[2026-06-02T18:03:04.343] [DEBUG] debug-file - Update task entry:default@PackageHap input file:C:\Users\27843\Downloads\RingtoneKit_Codelab_\entry\build\default\intermediates\loader_out\default\ets\sourceMaps.map cache by regenerate.
[2026-06-02T18:03:04.343] [DEBUG] debug-file - Update task entry:default@PackageHap input file:C:\Users\27843\Downloads\RingtoneKit_Codelab_\entry\build\default\generated\profile\default\BuildProfile.ets cache by regenerate.
[2026-06-02T18:03:04.344] [DEBUG] debug-file - Update task entry:default@PackageHap output file:C:\Users\27843\Downloads\RingtoneKit_Codelab_\entry\build\default\outputs\default\entry-default-unsigned.hap cache.
[2026-06-02T18:03:04.344] [DEBUG] debug-file - Update task entry:default@PackageHap output file:C:\Users\27843\Downloads\RingtoneKit_Codelab_\entry\build\default\intermediates\source_map\default\sourceMaps.map cache.
[2026-06-02T18:03:04.345] [DEBUG] debug-file - Update task entry:default@PackageHap output file:C:\Users\27843\Downloads\RingtoneKit_Codelab_\entry\build\default\outputs\default\mapping\sourceMaps.map cache.
[2026-06-02T18:03:04.345] [DEBUG] debug-file - Incremental task entry:default@PackageHap post-execution cost:7 ms .
[2026-06-02T18:03:04.345] [DEBUG] debug-file - Update task entry:default@SignHap input file:C:\Users\27843\Downloads\RingtoneKit_Codelab_\entry\build\default\outputs\default\entry-default-unsigned.hap cache from map.
[2026-06-02T18:03:04.345] [DEBUG] debug-file - Update task entry:default@SignHap output file:C:\Users\27843\Downloads\RingtoneKit_Codelab_\entry\build\default\outputs\default\entry-default-signed.hap cache.
[2026-06-02T18:03:04.346] [DEBUG] debug-file - Incremental task entry:default@SignHap post-execution cost:1 ms .
[2026-06-02T18:03:04.346] [DEBUG] debug-file - Update task entry:default@CollectDebugSymbol input file:C:\Users\27843\Downloads\RingtoneKit_Codelab_\entry\build\default\intermediates\loader_out\default\ets\sourceMaps.map cache by regenerate.
[2026-06-02T18:03:04.347] [DEBUG] debug-file - Update task entry:default@CollectDebugSymbol input file:C:\Users\27843\Downloads\RingtoneKit_Codelab_\entry\build\default\intermediates\libs\default cache by regenerate.
[2026-06-02T18:03:04.347] [DEBUG] debug-file - Update task entry:default@CollectDebugSymbol output file:C:\Users\27843\Downloads\RingtoneKit_Codelab_\entry\build\default\outputs\default\symbol cache.
[2026-06-02T18:03:04.347] [DEBUG] debug-file - Incremental task entry:default@CollectDebugSymbol post-execution cost:2 ms .
[2026-06-02T18:03:04.467] [DEBUG] debug-file - Cleanup worker 30.
[2026-06-02T18:03:04.467] [DEBUG] debug-file - Worker 30 has been cleaned up.
[2026-06-02T18:03:04.467] [DEBUG] debug-file - Current idle worker size: 1.
[2026-06-02T18:03:04.467] [DEBUG] debug-file - Current resident worker size: 2.
[2026-06-02T18:03:04.468] [DEBUG] debug-file - hvigor build process will be closed.
[2026-06-02T18:03:04.469] [DEBUG] debug-file - java daemon socket close code:1000 reason:close by user
[2026-06-02T18:03:04.473] [DEBUG] debug-file - session manager: send message to worker process.
[2026-06-02T18:03:04.475] [DEBUG] debug-file - session manager: send message to worker process.
[2026-06-02T18:03:04.477] [DEBUG] debug-file - watch worker: worker id should be larger than 0. Nothing will be sent to any worker thread.
[2026-06-02T18:03:04.478] [DEBUG] debug-file - watch worker: worker id should be larger than 0. Nothing will be sent to any worker thread.
[2026-06-02T18:03:04.482] [DEBUG] debug-file - worker[30] exits with exit code 1.
[2026-06-02T18:05:07.269] [DEBUG] debug-file - session manager: set active socket. socketId=2EwJp_cyTxrSVXVGAAAb
[2026-06-02T18:05:07.275] [DEBUG] debug-file - watch worker: worker id should be larger than 0. Nothing will be sent to any worker thread.
[2026-06-02T18:05:07.279] [DEBUG] debug-file - Workers' log level updated to INFO
[2026-06-02T18:05:07.283] [DEBUG] debug-file - Hvigor init with startParameters:{
  hvigorfileTypeCheck: false,
  parallelExecution: true,
  incrementalExecution: true,
  printStackTrace: false,
  daemon: true,
  analyze: 0,
  logLevel: Level { level: 20000, levelStr: 'INFO', colour: 'green' },
  optimizationStrategy: 'memory',
  hotCompile: undefined,
  hotReloadBuild: undefined,
  customizedParam: undefined
}
[2026-06-02T18:05:07.287] [DEBUG] debug-file - Cache service initialization finished in 5 ms 
[2026-06-02T18:05:07.288] [DEBUG] debug-file - hvigorfile, resolving C:\Users\27843\Downloads\RingtoneKit_Codelab_\hvigorfile.ts
[2026-06-02T18:05:07.313] [DEBUG] debug-file - hvigorfile, require result:  { default: { plugins: [] } }
[2026-06-02T18:05:07.313] [DEBUG] debug-file - hvigorfile, binding system plugins null
[2026-06-02T18:05:07.314] [DEBUG] debug-file - Starting plugin build process
[2026-06-02T18:05:07.314] [DEBUG] debug-file - App plugin prepare start...
[2026-06-02T18:05:07.314] [DEBUG] debug-file - App plugin prepare end...
[2026-06-02T18:05:07.314] [DEBUG] debug-file - App plugin creating...
[2026-06-02T18:05:07.335] [DEBUG] debug-file - App plugin register hook start...
[2026-06-02T18:05:07.335] [DEBUG] debug-file - App plugin register hook end...
[2026-06-02T18:05:07.335] [DEBUG] debug-file - Plugin build process completed
[2026-06-02T18:05:07.336] [DEBUG] debug-file - Start initialize project's product build option map with build mode debug.
[2026-06-02T18:05:07.336] [DEBUG] debug-file - Picking option from product 'default' with build mode 'debug'.
[2026-06-02T18:05:07.336] [DEBUG] debug-file - Product 'default' build option initialized
[2026-06-02T18:05:07.336] [DEBUG] debug-file - End initialize project's product build option map with build mode 'debug'.
[2026-06-02T18:05:07.337] [DEBUG] debug-file - Obtain build option for product 'default'in this build.
[2026-06-02T18:05:07.338] [DEBUG] debug-file - No signingConfig found, initRemoteHspCache failed.
[2026-06-02T18:05:07.342] [DEBUG] debug-file - Start recording SDK configuration permission data.
[2026-06-02T18:05:07.380] [DEBUG] debug-file - Sdk init in 41 ms 
[2026-06-02T18:05:07.385] [DEBUG] debug-file - Project task initialization takes 4 ms 
[2026-06-02T18:05:07.385] [DEBUG] debug-file - hvigorfile, binding custom plugins []
[2026-06-02T18:05:07.385] [DEBUG] debug-file - hvigorfile, no custom plugins were found in C:\Users\27843\Downloads\RingtoneKit_Codelab_\hvigorfile.ts
[2026-06-02T18:05:07.385] [DEBUG] debug-file - hvigorfile, resolve finished C:\Users\27843\Downloads\RingtoneKit_Codelab_\hvigorfile.ts
[2026-06-02T18:05:07.386] [DEBUG] debug-file - hvigorfile, resolving C:\Users\27843\Downloads\RingtoneKit_Codelab_\entry\hvigorfile.ts
[2026-06-02T18:05:07.390] [DEBUG] debug-file - hvigorfile, require result:  { default: { plugins: [] } }
[2026-06-02T18:05:07.390] [DEBUG] debug-file - hvigorfile, binding system plugins null
[2026-06-02T18:05:07.390] [DEBUG] debug-file - Starting plugin build process
[2026-06-02T18:05:07.390] [DEBUG] debug-file - Hap plugin creating...
[2026-06-02T18:05:07.391] [DEBUG] debug-file - failed to load cangjie to dynamically generate schemas: Error: Cannot find module '@ohos/cangjie-build-support/index'
Require stack:
- C:\Program Files\Huawei\DevEco Studio\tools\hvigor\hvigor-ohos-plugin\src\plugin\hooks\cangjie-register.js
- C:\Program Files\Huawei\DevEco Studio\tools\hvigor\hvigor-ohos-plugin\src\plugin\strategy\stage-init-strategy.js
- C:\Program Files\Huawei\DevEco Studio\tools\hvigor\hvigor-ohos-plugin\src\plugin\builder\abstract-plugin-builder.js
- C:\Program Files\Huawei\DevEco Studio\tools\hvigor\hvigor-ohos-plugin\src\plugin\builder\app-plugin-builder.js
- C:\Program Files\Huawei\DevEco Studio\tools\hvigor\hvigor-ohos-plugin\src\plugin\factory\plugin-factory.js
- C:\Program Files\Huawei\DevEco Studio\tools\hvigor\hvigor-ohos-plugin\index.js
- C:\Users\27843\Downloads\RingtoneKit_Codelab_\hvigorfile.ts
- C:\Program Files\Huawei\DevEco Studio\tools\hvigor\hvigor\src\base\internal\lifecycle\configuration.js
- C:\Program Files\Huawei\DevEco Studio\tools\hvigor\hvigor\src\base\boot\index.js
- C:\Program Files\Huawei\DevEco Studio\tools\hvigor\hvigor\src\base\daemon\cluster\worker-process-lifecycle.js
- C:\Program Files\Huawei\DevEco Studio\tools\hvigor\hvigor\src\base\daemon\process\daemon-process-boot-script.js
[2026-06-02T18:05:07.402] [DEBUG] debug-file - Start initialize module-target build option map, moduleName=entry, buildMode=debug
[2026-06-02T18:05:07.402] [DEBUG] debug-file - Target 'default' config initialized
[2026-06-02T18:05:07.402] [DEBUG] debug-file - Module 'entry' target 'default' build option initialized
[2026-06-02T18:05:07.402] [DEBUG] debug-file - End initialize module-target build option map, moduleName=entry
[2026-06-02T18:05:07.402] [DEBUG] debug-file - Start initialize module-target build option map, moduleName=entry, buildMode=release
[2026-06-02T18:05:07.402] [DEBUG] debug-file - Target 'default' config initialized
[2026-06-02T18:05:07.402] [DEBUG] debug-file - Module 'entry' target 'default' build option initialized
[2026-06-02T18:05:07.402] [DEBUG] debug-file - End initialize module-target build option map, moduleName=entry
[2026-06-02T18:05:07.403] [DEBUG] debug-file - Start initialize module-target build option map, moduleName=entry, buildMode=debug
[2026-06-02T18:05:07.403] [DEBUG] debug-file - Target 'default' config initialized
[2026-06-02T18:05:07.403] [DEBUG] debug-file - Module 'entry' target 'default' build option initialized
[2026-06-02T18:05:07.403] [DEBUG] debug-file - End initialize module-target build option map, moduleName=entry
[2026-06-02T18:05:07.403] [DEBUG] debug-file - Obtain build option for module 'entry' target 'default'in this build.
[2026-06-02T18:05:07.405] [DEBUG] debug-file - Module entry task initialization takes 2 ms 
[2026-06-02T18:05:07.405] [DEBUG] debug-file - Hap plugin register hook start...
[2026-06-02T18:05:07.405] [DEBUG] debug-file - Hap plugin register hook end...
[2026-06-02T18:05:07.405] [DEBUG] debug-file - Plugin build process completed
[2026-06-02T18:05:07.405] [DEBUG] debug-file - hvigorfile, binding custom plugins []
[2026-06-02T18:05:07.405] [DEBUG] debug-file - hvigorfile, no custom plugins were found in C:\Users\27843\Downloads\RingtoneKit_Codelab_\entry\hvigorfile.ts
[2026-06-02T18:05:07.405] [DEBUG] debug-file - hvigorfile, resolve finished C:\Users\27843\Downloads\RingtoneKit_Codelab_\entry\hvigorfile.ts
[2026-06-02T18:05:07.500] [DEBUG] debug-file - hvigorfile, resolve hvigorfile dependencies in 95 ms 
[2026-06-02T18:05:07.501] [DEBUG] debug-file - project has submodules:entry
[2026-06-02T18:05:07.503] [DEBUG] debug-file - start to load updatedOhPackageInfo to the disk
[2026-06-02T18:05:07.511] [DEBUG] debug-file - load to the disk finished
[2026-06-02T18:05:07.512] [DEBUG] debug-file - Start to initialize dependency information.
[2026-06-02T18:05:07.513] [DEBUG] debug-file - Module RingtoneKit_Codelab_ Collected Dependency: 
[2026-06-02T18:05:07.513] [DEBUG] debug-file - Module RingtoneKit_Codelab_'s total dependency: 0
[2026-06-02T18:05:07.514] [DEBUG] debug-file - Start to initialize dependency information.
[2026-06-02T18:05:07.515] [DEBUG] debug-file - Module entry Collected Dependency: 
[2026-06-02T18:05:07.515] [DEBUG] debug-file - Module entry's total dependency: 0
[2026-06-02T18:05:07.518] [DEBUG] debug-file - Configuration phase cost:231 ms 
[2026-06-02T18:05:07.520] [DEBUG] debug-file - Configuration task cost before running: 241 ms 
[2026-06-02T18:05:07.525] [DEBUG] debug-file - Executing task :entry:default@PreBuild
[2026-06-02T18:05:07.526] [WARN] debug-file - The project has not explicitly set the 'targetSdkVersion' version at build-profile.json5. It is recommended to configure it. Reference: https://developer.huawei.com/consumer/cn/doc/harmonyos-guides/ide-hvigor-build-profile-app#section45865492619
[2026-06-02T18:05:07.527] [DEBUG] debug-file - Task 'entry:default@PreBuild' cost while wrapping incremental declarations: 1 ms 
[2026-06-02T18:05:07.535] [DEBUG] debug-file - Incremental task entry:default@PreBuild pre-execution cost: 6 ms .
[2026-06-02T18:05:07.535] [DEBUG] debug-file - entry : default@PreBuild cost memory 0.32468414306640625
[2026-06-02T18:05:07.537] [INFO] debug-file - UP-TO-DATE :entry:default@PreBuild...  
[2026-06-02T18:05:07.538] [DEBUG] debug-file - Executing task :entry:default@CreateModuleInfo
[2026-06-02T18:05:07.538] [DEBUG] debug-file - Task 'entry:default@CreateModuleInfo' cost while wrapping incremental declarations: 1 ms 
[2026-06-02T18:05:07.539] [DEBUG] debug-file - entry : default@CreateModuleInfo cost memory 0.03920745849609375
[2026-06-02T18:05:07.539] [DEBUG] debug-file - runTaskFromQueue task cost before running: 260 ms 
[2026-06-02T18:05:07.539] [INFO] debug-file - Finished :entry:default@CreateModuleInfo... after 1 ms 
[2026-06-02T18:05:07.540] [DEBUG] debug-file - Executing task :entry:default@GenerateMetadata
[2026-06-02T18:05:07.541] [DEBUG] debug-file - Task 'entry:default@GenerateMetadata' cost while wrapping incremental declarations: 1 ms 
[2026-06-02T18:05:07.542] [DEBUG] debug-file - Incremental task entry:default@GenerateMetadata pre-execution cost: 1 ms .
[2026-06-02T18:05:07.543] [DEBUG] debug-file - entry : default@GenerateMetadata cost memory 0.08086395263671875
[2026-06-02T18:05:07.543] [INFO] debug-file - UP-TO-DATE :entry:default@GenerateMetadata...  
[2026-06-02T18:05:07.544] [DEBUG] debug-file - Executing task :entry:default@ConfigureCmake
[2026-06-02T18:05:07.544] [DEBUG] debug-file - entry : default@ConfigureCmake cost memory 0.0136871337890625
[2026-06-02T18:05:07.544] [DEBUG] debug-file - runTaskFromQueue task cost before running: 266 ms 
[2026-06-02T18:05:07.545] [INFO] debug-file - Finished :entry:default@ConfigureCmake... after 1 ms 
[2026-06-02T18:05:07.545] [DEBUG] debug-file - Executing task :entry:default@MergeProfile
[2026-06-02T18:05:07.546] [DEBUG] debug-file - Task 'entry:default@MergeProfile' cost while wrapping incremental declarations: 1 ms 
[2026-06-02T18:05:07.547] [DEBUG] debug-file - Incremental task entry:default@MergeProfile pre-execution cost: 2 ms .
[2026-06-02T18:05:07.548] [DEBUG] debug-file - entry : default@MergeProfile cost memory 0.119537353515625
[2026-06-02T18:05:07.548] [INFO] debug-file - UP-TO-DATE :entry:default@MergeProfile...  
[2026-06-02T18:05:07.549] [DEBUG] debug-file - Executing task :entry:default@CreateBuildProfile
[2026-06-02T18:05:07.550] [DEBUG] debug-file - Task 'entry:default@CreateBuildProfile' cost while wrapping incremental declarations: 1 ms 
[2026-06-02T18:05:07.551] [DEBUG] debug-file - Incremental task entry:default@CreateBuildProfile pre-execution cost: 2 ms .
[2026-06-02T18:05:07.551] [DEBUG] debug-file - entry : default@CreateBuildProfile cost memory 0.091552734375
[2026-06-02T18:05:07.551] [INFO] debug-file - UP-TO-DATE :entry:default@CreateBuildProfile...  
[2026-06-02T18:05:07.552] [DEBUG] debug-file - Executing task :entry:default@PreCheckSyscap
[2026-06-02T18:05:07.553] [DEBUG] debug-file - entry : default@PreCheckSyscap cost memory 0.01390838623046875
[2026-06-02T18:05:07.553] [DEBUG] debug-file - runTaskFromQueue task cost before running: 274 ms 
[2026-06-02T18:05:07.553] [INFO] debug-file - Finished :entry:default@PreCheckSyscap... after 1 ms 
[2026-06-02T18:05:07.554] [DEBUG] debug-file - Executing task :entry:default@GeneratePkgContextInfo
[2026-06-02T18:05:07.559] [DEBUG] debug-file - Task 'entry:default@GeneratePkgContextInfo' cost while wrapping incremental declarations: 1 ms 
[2026-06-02T18:05:07.560] [DEBUG] debug-file - entry : default@GeneratePkgContextInfo cost memory 0.2308197021484375
[2026-06-02T18:05:07.560] [DEBUG] debug-file - runTaskFromQueue task cost before running: 281 ms 
[2026-06-02T18:05:07.560] [INFO] debug-file - Finished :entry:default@GeneratePkgContextInfo... after 6 ms 
[2026-06-02T18:05:07.564] [DEBUG] debug-file - Executing task :entry:default@ProcessIntegratedHsp
[2026-06-02T18:05:07.564] [DEBUG] debug-file - entry:default@ProcessIntegratedHsp is not up-to-date, since the output file 'C:\Users\27843\Downloads\RingtoneKit_Codelab_\build\cache\default\integrated_hsp\integratedHspCache.json' does not exist.
[2026-06-02T18:05:07.564] [DEBUG] debug-file - Incremental task entry:default@ProcessIntegratedHsp pre-execution cost: 1 ms .
[2026-06-02T18:05:07.564] [DEBUG] debug-file - entry : default@ProcessIntegratedHsp cost memory 0.05699920654296875
[2026-06-02T18:05:07.564] [DEBUG] debug-file - runTaskFromQueue task cost before running: 286 ms 
[2026-06-02T18:05:07.565] [INFO] debug-file - Finished :entry:default@ProcessIntegratedHsp... after 1 ms 
[2026-06-02T18:05:07.566] [DEBUG] debug-file - Executing task :entry:default@BuildNativeWithCmake
[2026-06-02T18:05:07.566] [DEBUG] debug-file - entry : default@BuildNativeWithCmake cost memory 0.0136871337890625
[2026-06-02T18:05:07.566] [DEBUG] debug-file - runTaskFromQueue task cost before running: 288 ms 
[2026-06-02T18:05:07.567] [INFO] debug-file - Finished :entry:default@BuildNativeWithCmake... after 1 ms 
[2026-06-02T18:05:07.568] [DEBUG] debug-file - Executing task :entry:default@MakePackInfo
[2026-06-02T18:05:07.570] [DEBUG] debug-file - Incremental task entry:default@MakePackInfo pre-execution cost: 2 ms .
[2026-06-02T18:05:07.570] [DEBUG] debug-file - entry : default@MakePackInfo cost memory 0.1013946533203125
[2026-06-02T18:05:07.570] [INFO] debug-file - UP-TO-DATE :entry:default@MakePackInfo...  
[2026-06-02T18:05:07.571] [DEBUG] debug-file - Executing task :entry:default@SyscapTransform
[2026-06-02T18:05:07.571] [DEBUG] debug-file - File: 'C:\Users\27843\Downloads\RingtoneKit_Codelab_\entry\src\main\syscap.json' from 'sysCapJsonPath' is not exists, just ignore.
[2026-06-02T18:05:07.572] [DEBUG] debug-file - Task 'entry:default@SyscapTransform' cost while wrapping incremental declarations: 1 ms 
[2026-06-02T18:05:07.574] [DEBUG] debug-file - entry:default@SyscapTransform is not up-to-date, since the output file 'C:\Users\27843\Downloads\RingtoneKit_Codelab_\entry\build\default\intermediates\syscap\default\rpcid.sc' does not exist.
[2026-06-02T18:05:07.574] [DEBUG] debug-file - Incremental task entry:default@SyscapTransform pre-execution cost: 2 ms .
[2026-06-02T18:05:07.574] [DEBUG] debug-file - entry : default@SyscapTransform cost memory 0.14440155029296875
[2026-06-02T18:05:07.574] [DEBUG] debug-file - runTaskFromQueue task cost before running: 295 ms 
[2026-06-02T18:05:07.574] [INFO] debug-file - Finished :entry:default@SyscapTransform... after 4 ms 
[2026-06-02T18:05:07.576] [DEBUG] debug-file - Executing task :entry:default@ProcessProfile
[2026-06-02T18:05:07.577] [DEBUG] debug-file - Task 'entry:default@ProcessProfile' cost while wrapping incremental declarations: 1 ms 
[2026-06-02T18:05:07.578] [DEBUG] debug-file - Incremental task entry:default@ProcessProfile pre-execution cost: 1 ms .
[2026-06-02T18:05:07.578] [DEBUG] debug-file - entry : default@ProcessProfile cost memory 0.12068939208984375
[2026-06-02T18:05:07.578] [INFO] debug-file - UP-TO-DATE :entry:default@ProcessProfile...  
[2026-06-02T18:05:07.579] [DEBUG] debug-file - Executing task :entry:default@ProcessRouterMap
[2026-06-02T18:05:07.583] [DEBUG] debug-file - Incremental task entry:default@ProcessRouterMap pre-execution cost: 3 ms .
[2026-06-02T18:05:07.583] [DEBUG] debug-file - entry : default@ProcessRouterMap cost memory 0.132965087890625
[2026-06-02T18:05:07.584] [INFO] debug-file - UP-TO-DATE :entry:default@ProcessRouterMap...  
[2026-06-02T18:05:07.585] [DEBUG] debug-file - Executing task :entry:default@ProcessShareConfig
[2026-06-02T18:05:07.587] [DEBUG] debug-file - Incremental task entry:default@ProcessShareConfig pre-execution cost: 2 ms .
[2026-06-02T18:05:07.587] [DEBUG] debug-file - entry : default@ProcessShareConfig cost memory 0.1097259521484375
[2026-06-02T18:05:07.588] [INFO] debug-file - UP-TO-DATE :entry:default@ProcessShareConfig...  
[2026-06-02T18:05:07.589] [DEBUG] debug-file - Executing task :entry:default@ProcessStartupConfig
[2026-06-02T18:05:07.589] [DEBUG] debug-file - Task 'entry:default@ProcessStartupConfig' cost while wrapping incremental declarations: 1 ms 
[2026-06-02T18:05:07.590] [DEBUG] debug-file - entry:default@ProcessStartupConfig is not up-to-date, since the output file 'C:\Users\27843\Downloads\RingtoneKit_Codelab_\entry\build\default\intermediates\startup\default\startup_config.json' does not exist.
[2026-06-02T18:05:07.590] [DEBUG] debug-file - Incremental task entry:default@ProcessStartupConfig pre-execution cost: 1 ms .
[2026-06-02T18:05:07.591] [DEBUG] debug-file - entry : default@ProcessStartupConfig cost memory 0.1092376708984375
[2026-06-02T18:05:07.591] [DEBUG] debug-file - runTaskFromQueue task cost before running: 313 ms 
[2026-06-02T18:05:07.592] [INFO] debug-file - Finished :entry:default@ProcessStartupConfig... after 3 ms 
[2026-06-02T18:05:07.593] [DEBUG] debug-file - Executing task :entry:default@BuildNativeWithNinja
[2026-06-02T18:05:07.594] [DEBUG] debug-file - entry : default@BuildNativeWithNinja cost memory 0.02074432373046875
[2026-06-02T18:05:07.594] [DEBUG] debug-file - runTaskFromQueue task cost before running: 315 ms 
[2026-06-02T18:05:07.594] [INFO] debug-file - Finished :entry:default@BuildNativeWithNinja... after 1 ms 
[2026-06-02T18:05:07.595] [DEBUG] debug-file - restool module names: entry; moduleName=entry, taskName=default@ProcessResource
[2026-06-02T18:05:07.597] [DEBUG] debug-file - Executing task :entry:default@ProcessResource
[2026-06-02T18:05:07.597] [DEBUG] debug-file - Task 'entry:default@ProcessResource' cost while wrapping incremental declarations: 1 ms 
[2026-06-02T18:05:07.598] [DEBUG] debug-file - Incremental task entry:default@ProcessResource pre-execution cost: 1 ms .
[2026-06-02T18:05:07.601] [DEBUG] debug-file - entry : default@ProcessResource cost memory -4.270408630371094
[2026-06-02T18:05:07.603] [INFO] debug-file - UP-TO-DATE :entry:default@ProcessResource...  
[2026-06-02T18:05:07.605] [DEBUG] debug-file - Executing task :entry:default@GenerateLoaderJson
[2026-06-02T18:05:07.606] [DEBUG] debug-file - Task 'entry:default@GenerateLoaderJson' cost while wrapping incremental declarations: 1 ms 
[2026-06-02T18:05:07.616] [DEBUG] debug-file - Incremental task entry:default@GenerateLoaderJson pre-execution cost: 6 ms .
[2026-06-02T18:05:07.617] [DEBUG] debug-file - entry : default@GenerateLoaderJson cost memory 0.47342681884765625
[2026-06-02T18:05:07.621] [INFO] debug-file - UP-TO-DATE :entry:default@GenerateLoaderJson...  
[2026-06-02T18:05:07.622] [DEBUG] debug-file - Executing task :entry:default@ProcessLibs
[2026-06-02T18:05:07.625] [DEBUG] debug-file - Incremental task entry:default@ProcessLibs pre-execution cost: 2 ms .
[2026-06-02T18:05:07.626] [DEBUG] debug-file - entry : default@ProcessLibs cost memory 0.10381317138671875
[2026-06-02T18:05:07.627] [INFO] debug-file - UP-TO-DATE :entry:default@ProcessLibs...  
[2026-06-02T18:05:07.628] [DEBUG] debug-file - restool module names: entry; moduleName=entry, taskName=default@CompileResource
[2026-06-02T18:05:07.629] [DEBUG] debug-file - Executing task :entry:default@CompileResource
[2026-06-02T18:05:07.652] [DEBUG] debug-file - Incremental task entry:default@CompileResource pre-execution cost: 22 ms .
[2026-06-02T18:05:07.653] [DEBUG] debug-file - entry : default@CompileResource cost memory -4.735328674316406
[2026-06-02T18:05:07.654] [INFO] debug-file - UP-TO-DATE :entry:default@CompileResource...  
[2026-06-02T18:05:07.655] [DEBUG] debug-file - Executing task :entry:default@DoNativeStrip
[2026-06-02T18:05:07.656] [DEBUG] debug-file - Task 'entry:default@DoNativeStrip' cost while wrapping incremental declarations: 1 ms 
[2026-06-02T18:05:07.657] [DEBUG] debug-file - Incremental task entry:default@DoNativeStrip pre-execution cost: 2 ms .
[2026-06-02T18:05:07.658] [DEBUG] debug-file - entry : default@DoNativeStrip cost memory 0.07733154296875
[2026-06-02T18:05:07.658] [INFO] debug-file - UP-TO-DATE :entry:default@DoNativeStrip...  
[2026-06-02T18:05:07.660] [DEBUG] debug-file - Executing task :entry:default@CompileArkTS
[2026-06-02T18:05:07.660] [DEBUG] debug-file - obfuscationOptions: undefined
[2026-06-02T18:05:07.662] [DEBUG] debug-file - Task 'entry:default@CompileArkTS' cost while wrapping incremental declarations: 1 ms 
[2026-06-02T18:05:07.671] [DEBUG] debug-file - Incremental task entry:default@CompileArkTS pre-execution cost: 8 ms .
[2026-06-02T18:05:07.671] [DEBUG] debug-file - entry : default@CompileArkTS cost memory 0.4766693115234375
[2026-06-02T18:05:07.673] [INFO] debug-file - UP-TO-DATE :entry:default@CompileArkTS...  
[2026-06-02T18:05:07.675] [DEBUG] debug-file - Executing task :entry:default@BuildJS
[2026-06-02T18:05:07.675] [DEBUG] debug-file - Task 'entry:default@BuildJS' cost while wrapping incremental declarations: 1 ms 
[2026-06-02T18:05:07.677] [DEBUG] debug-file - entry : default@BuildJS cost memory 0.15119171142578125
[2026-06-02T18:05:07.677] [DEBUG] debug-file - runTaskFromQueue task cost before running: 399 ms 
[2026-06-02T18:05:07.678] [INFO] debug-file - Finished :entry:default@BuildJS... after 3 ms 
[2026-06-02T18:05:07.679] [DEBUG] debug-file - Executing task :entry:default@CacheNativeLibs
[2026-06-02T18:05:07.679] [DEBUG] debug-file - Task 'entry:default@CacheNativeLibs' cost while wrapping incremental declarations: 1 ms 
[2026-06-02T18:05:07.681] [DEBUG] debug-file - Incremental task entry:default@CacheNativeLibs pre-execution cost: 2 ms .
[2026-06-02T18:05:07.681] [DEBUG] debug-file - entry : default@CacheNativeLibs cost memory 0.0896759033203125
[2026-06-02T18:05:07.681] [INFO] debug-file - UP-TO-DATE :entry:default@CacheNativeLibs...  
[2026-06-02T18:05:07.682] [DEBUG] debug-file - Executing task :entry:default@GeneratePkgModuleJson
[2026-06-02T18:05:07.682] [DEBUG] debug-file - File: 'C:\Users\27843\Downloads\RingtoneKit_Codelab_\entry\build\default\intermediates\preload\default\preload.json' from 'preloadSoJsonPath' is not exists, just ignore.
[2026-06-02T18:05:07.683] [DEBUG] debug-file - Error occurs while handling @Input 'shouldDeduplicateHar': The "data" argument must be of type string or an instance of Buffer, TypedArray, or DataView. Received undefined
[2026-06-02T18:05:07.683] [DEBUG] debug-file - Task 'entry:default@GeneratePkgModuleJson' cost while wrapping incremental declarations: 1 ms 
[2026-06-02T18:05:07.684] [DEBUG] debug-file - Incremental task entry:default@GeneratePkgModuleJson pre-execution cost: 1 ms .
[2026-06-02T18:05:07.684] [DEBUG] debug-file - entry : default@GeneratePkgModuleJson cost memory 0.112823486328125
[2026-06-02T18:05:07.684] [INFO] debug-file - UP-TO-DATE :entry:default@GeneratePkgModuleJson...  
[2026-06-02T18:05:07.685] [DEBUG] debug-file - Executing task :entry:default@ProcessCompiledResources
[2026-06-02T18:05:07.686] [DEBUG] debug-file - File: 'C:\Users\27843\Downloads\RingtoneKit_Codelab_\entry\build\default\intermediates\preload\default\preload.json' from 'preloadSoJsonPath' is not exists, just ignore.
[2026-06-02T18:05:07.686] [DEBUG] debug-file - Task 'entry:default@ProcessCompiledResources' cost while wrapping incremental declarations: 1 ms 
[2026-06-02T18:05:07.686] [DEBUG] debug-file - entry : default@ProcessCompiledResources cost memory 0.0579833984375
[2026-06-02T18:05:07.686] [DEBUG] debug-file - runTaskFromQueue task cost before running: 407 ms 
[2026-06-02T18:05:07.686] [INFO] debug-file - Finished :entry:default@ProcessCompiledResources... after 1 ms 
[2026-06-02T18:05:07.688] [DEBUG] debug-file - Executing task :entry:default@PackageHap
[2026-06-02T18:05:07.695] [DEBUG] debug-file - Incremental task entry:default@PackageHap pre-execution cost: 7 ms .
[2026-06-02T18:05:07.696] [DEBUG] debug-file - entry : default@PackageHap cost memory 0.39290618896484375
[2026-06-02T18:05:07.697] [INFO] debug-file - UP-TO-DATE :entry:default@PackageHap...  
[2026-06-02T18:05:07.698] [DEBUG] debug-file - Executing task :entry:default@PackingCheck
[2026-06-02T18:05:07.703] [DEBUG] debug-file - entry : default@PackingCheck cost memory 0.419158935546875
[2026-06-02T18:05:07.703] [DEBUG] debug-file - runTaskFromQueue task cost before running: 424 ms 
[2026-06-02T18:05:07.703] [INFO] debug-file - Finished :entry:default@PackingCheck... after 6 ms 
[2026-06-02T18:05:07.705] [DEBUG] debug-file - Executing task :entry:default@SignHap
[2026-06-02T18:05:07.705] [WARN] debug-file - Will skip sign 'hos_hap'. No signingConfigs profile is configured in current project.
             If needed, configure the signingConfigs in C:\Users\27843\Downloads\RingtoneKit_Codelab_\build-profile.json5.
[2026-06-02T18:05:07.706] [DEBUG] debug-file - entry:default@SignHap is not up-to-date, since the output file 'C:\Users\27843\Downloads\RingtoneKit_Codelab_\entry\build\default\outputs\default\entry-default-signed.hap' does not exist.
[2026-06-02T18:05:07.706] [DEBUG] debug-file - Incremental task entry:default@SignHap pre-execution cost: 1 ms .
[2026-06-02T18:05:07.706] [DEBUG] debug-file - entry : default@SignHap cost memory 0.08892822265625
[2026-06-02T18:05:07.706] [DEBUG] debug-file - runTaskFromQueue task cost before running: 428 ms 
[2026-06-02T18:05:07.707] [INFO] debug-file - Finished :entry:default@SignHap... after 2 ms 
[2026-06-02T18:05:07.708] [DEBUG] debug-file - Executing task :entry:default@CollectDebugSymbol
[2026-06-02T18:05:07.709] [DEBUG] debug-file - entry : default@CollectDebugSymbol cost memory 0.0958099365234375
[2026-06-02T18:05:07.709] [DEBUG] debug-file - runTaskFromQueue task cost before running: 431 ms 
[2026-06-02T18:05:07.710] [INFO] debug-file - Finished :entry:default@CollectDebugSymbol... after 2 ms 
[2026-06-02T18:05:07.710] [DEBUG] debug-file - Executing task :entry:assembleHap
[2026-06-02T18:05:07.710] [DEBUG] debug-file - entry : assembleHap cost memory 0.0118865966796875
[2026-06-02T18:05:07.710] [DEBUG] debug-file - runTaskFromQueue task cost before running: 431 ms 
[2026-06-02T18:05:07.710] [INFO] debug-file - Finished :entry:assembleHap... after 1 ms 
[2026-06-02T18:05:07.772] [INFO] debug-file - BUILD SUCCESSFUL in 493 ms 
[2026-06-02T18:05:07.773] [DEBUG] debug-file - There is no need to refresh cache, since the incremental task entry:default@PreBuild is up-to-date.
[2026-06-02T18:05:07.773] [DEBUG] debug-file - Update task entry:default@CreateModuleInfo output file:C:\Users\27843\Downloads\RingtoneKit_Codelab_\entry\build\default\generated\profile\default\ModuleInfo.ts cache.
[2026-06-02T18:05:07.773] [DEBUG] debug-file - Incremental task entry:default@CreateModuleInfo post-execution cost:1 ms .
[2026-06-02T18:05:07.773] [DEBUG] debug-file - There is no need to refresh cache, since the incremental task entry:default@GenerateMetadata is up-to-date.
[2026-06-02T18:05:07.773] [DEBUG] debug-file - There is no need to refresh cache, since the incremental task entry:default@MergeProfile is up-to-date.
[2026-06-02T18:05:07.774] [DEBUG] debug-file - There is no need to refresh cache, since the incremental task entry:default@CreateBuildProfile is up-to-date.
[2026-06-02T18:05:07.774] [DEBUG] debug-file - Update task entry:default@GeneratePkgContextInfo output file:C:\Users\27843\Downloads\RingtoneKit_Codelab_\entry\build\default\intermediates\loader\default\pkgContextInfo.json cache.
[2026-06-02T18:05:07.774] [DEBUG] debug-file - Incremental task entry:default@GeneratePkgContextInfo post-execution cost:1 ms .
[2026-06-02T18:05:07.774] [DEBUG] debug-file - Update task entry:default@ProcessIntegratedHsp output file:C:\Users\27843\Downloads\RingtoneKit_Codelab_\build\cache\default\integrated_hsp\integratedHspCache.json cache.
[2026-06-02T18:05:07.774] [DEBUG] debug-file - Incremental task entry:default@ProcessIntegratedHsp post-execution cost:1 ms .
[2026-06-02T18:05:07.774] [DEBUG] debug-file - There is no need to refresh cache, since the incremental task entry:default@MakePackInfo is up-to-date.
[2026-06-02T18:05:07.774] [DEBUG] debug-file - Update task entry:default@SyscapTransform input file:C:\Program Files\Huawei\DevEco Studio\sdk\default\openharmony\toolchains\syscap_tool.exe cache by regenerate.
[2026-06-02T18:05:07.775] [DEBUG] debug-file - Update task entry:default@SyscapTransform input file:C:\Program Files\Huawei\DevEco Studio\sdk\default\openharmony\ets\api\device-define cache by regenerate.
[2026-06-02T18:05:07.776] [DEBUG] debug-file - Update task entry:default@SyscapTransform output file:C:\Users\27843\Downloads\RingtoneKit_Codelab_\entry\build\default\intermediates\syscap\default\rpcid.sc cache.
[2026-06-02T18:05:07.777] [DEBUG] debug-file - Incremental task entry:default@SyscapTransform post-execution cost:3 ms .
[2026-06-02T18:05:07.777] [DEBUG] debug-file - There is no need to refresh cache, since the incremental task entry:default@ProcessProfile is up-to-date.
[2026-06-02T18:05:07.777] [DEBUG] debug-file - There is no need to refresh cache, since the incremental task entry:default@ProcessRouterMap is up-to-date.
[2026-06-02T18:05:07.777] [DEBUG] debug-file - There is no need to refresh cache, since the incremental task entry:default@ProcessShareConfig is up-to-date.
[2026-06-02T18:05:07.777] [DEBUG] debug-file - Update task entry:default@ProcessStartupConfig output file:C:\Users\27843\Downloads\RingtoneKit_Codelab_\entry\build\default\intermediates\startup\default\startup_config.json cache.
[2026-06-02T18:05:07.777] [DEBUG] debug-file - Incremental task entry:default@ProcessStartupConfig post-execution cost:1 ms .
[2026-06-02T18:05:07.777] [DEBUG] debug-file - There is no need to refresh cache, since the incremental task entry:default@ProcessResource is up-to-date.
[2026-06-02T18:05:07.778] [DEBUG] debug-file - There is no need to refresh cache, since the incremental task entry:default@GenerateLoaderJson is up-to-date.
[2026-06-02T18:05:07.778] [DEBUG] debug-file - There is no need to refresh cache, since the incremental task entry:default@ProcessLibs is up-to-date.
[2026-06-02T18:05:07.778] [DEBUG] debug-file - There is no need to refresh cache, since the incremental task entry:default@CompileResource is up-to-date.
[2026-06-02T18:05:07.778] [DEBUG] debug-file - There is no need to refresh cache, since the incremental task entry:default@DoNativeStrip is up-to-date.
[2026-06-02T18:05:07.778] [DEBUG] debug-file - There is no need to refresh cache, since the incremental task entry:default@CompileArkTS is up-to-date.
[2026-06-02T18:05:07.779] [DEBUG] debug-file - Update task entry:default@BuildJS input file:C:\Users\27843\Downloads\RingtoneKit_Codelab_\entry\build\default\intermediates\loader\default cache by regenerate.
[2026-06-02T18:05:07.779] [DEBUG] debug-file - Update task entry:default@BuildJS input file:C:\Users\27843\Downloads\RingtoneKit_Codelab_\entry\build\default\intermediates\res\default\ResourceTable.txt cache by regenerate.
[2026-06-02T18:05:07.780] [DEBUG] debug-file - Update task entry:default@BuildJS input file:C:\Users\27843\Downloads\RingtoneKit_Codelab_\entry\build\default\intermediates\res\default\ark_module.json cache by regenerate.
[2026-06-02T18:05:07.780] [DEBUG] debug-file - Update task entry:default@BuildJS input file:C:\Users\27843\Downloads\RingtoneKit_Codelab_\entry\build\default\intermediates\res\default\resources\base\profile cache by regenerate.
[2026-06-02T18:05:07.780] [DEBUG] debug-file - Update task entry:default@BuildJS output file:C:\Users\27843\Downloads\RingtoneKit_Codelab_\entry\build\default\intermediates\loader_out\default\js cache.
[2026-06-02T18:05:07.781] [DEBUG] debug-file - Incremental task entry:default@BuildJS post-execution cost:3 ms .
[2026-06-02T18:05:07.781] [DEBUG] debug-file - There is no need to refresh cache, since the incremental task entry:default@CacheNativeLibs is up-to-date.
[2026-06-02T18:05:07.781] [DEBUG] debug-file - There is no need to refresh cache, since the incremental task entry:default@GeneratePkgModuleJson is up-to-date.
[2026-06-02T18:05:07.781] [DEBUG] debug-file - Incremental task entry:default@ProcessCompiledResources post-execution cost:1 ms .
[2026-06-02T18:05:07.781] [DEBUG] debug-file - There is no need to refresh cache, since the incremental task entry:default@PackageHap is up-to-date.
[2026-06-02T18:05:07.781] [DEBUG] debug-file - Update task entry:default@SignHap input file:C:\Users\27843\Downloads\RingtoneKit_Codelab_\entry\build\default\outputs\default\entry-default-unsigned.hap cache by regenerate.
[2026-06-02T18:05:07.781] [DEBUG] debug-file - Update task entry:default@SignHap output file:C:\Users\27843\Downloads\RingtoneKit_Codelab_\entry\build\default\outputs\default\entry-default-signed.hap cache.
[2026-06-02T18:05:07.782] [DEBUG] debug-file - Incremental task entry:default@SignHap post-execution cost:1 ms .
[2026-06-02T18:05:07.782] [DEBUG] debug-file - Update task entry:default@CollectDebugSymbol input file:C:\Users\27843\Downloads\RingtoneKit_Codelab_\entry\build\default\intermediates\loader_out\default\ets\sourceMaps.map cache by regenerate.
[2026-06-02T18:05:07.782] [DEBUG] debug-file - Update task entry:default@CollectDebugSymbol input file:C:\Users\27843\Downloads\RingtoneKit_Codelab_\entry\build\default\intermediates\libs\default cache by regenerate.
[2026-06-02T18:05:07.783] [DEBUG] debug-file - Update task entry:default@CollectDebugSymbol output file:C:\Users\27843\Downloads\RingtoneKit_Codelab_\entry\build\default\outputs\default\symbol cache.
[2026-06-02T18:05:07.783] [DEBUG] debug-file - Incremental task entry:default@CollectDebugSymbol post-execution cost:2 ms .
[2026-06-02T18:05:07.873] [DEBUG] debug-file - hvigor build process will be closed.
[2026-06-02T18:05:07.881] [DEBUG] debug-file - session manager: send message to worker process.
[2026-06-02T18:05:07.881] [DEBUG] debug-file - session manager: send message to worker process.
[2026-06-02T18:05:07.934] [DEBUG] debug-file - watch worker: worker id should be larger than 0. Nothing will be sent to any worker thread.
[2026-06-02T18:05:07.935] [DEBUG] debug-file - watch worker: worker id should be larger than 0. Nothing will be sent to any worker thread.
[2026-06-02T18:08:26.557] [DEBUG] debug-file - session manager: set active socket. socketId=lN_uOQRqWBHqGhknAAAd
[2026-06-02T18:08:26.564] [DEBUG] debug-file - watch worker: worker id should be larger than 0. Nothing will be sent to any worker thread.
[2026-06-02T18:08:26.568] [DEBUG] debug-file - Workers' log level updated to INFO
[2026-06-02T18:08:26.571] [DEBUG] debug-file - Hvigor init with startParameters:{
  hvigorfileTypeCheck: false,
  parallelExecution: true,
  incrementalExecution: true,
  printStackTrace: false,
  daemon: true,
  analyze: 0,
  logLevel: Level { level: 20000, levelStr: 'INFO', colour: 'green' },
  optimizationStrategy: 'memory',
  hotCompile: undefined,
  hotReloadBuild: undefined,
  customizedParam: undefined
}
[2026-06-02T18:08:26.577] [DEBUG] debug-file - Cache service initialization finished in 6 ms 
[2026-06-02T18:08:26.578] [DEBUG] debug-file - hvigorfile, resolving C:\Users\27843\Downloads\RingtoneKit_Codelab_\hvigorfile.ts
[2026-06-02T18:08:26.585] [DEBUG] debug-file - hvigorfile, require result:  { default: { plugins: [] } }
[2026-06-02T18:08:26.585] [DEBUG] debug-file - hvigorfile, binding system plugins null
[2026-06-02T18:08:26.586] [DEBUG] debug-file - Starting plugin build process
[2026-06-02T18:08:26.586] [DEBUG] debug-file - App plugin prepare start...
[2026-06-02T18:08:26.586] [DEBUG] debug-file - App plugin prepare end...
[2026-06-02T18:08:26.586] [DEBUG] debug-file - App plugin creating...
[2026-06-02T18:08:26.591] [DEBUG] debug-file - App plugin register hook start...
[2026-06-02T18:08:26.591] [DEBUG] debug-file - App plugin register hook end...
[2026-06-02T18:08:26.591] [DEBUG] debug-file - Plugin build process completed
[2026-06-02T18:08:26.593] [DEBUG] debug-file - Start initialize project's product build option map with build mode debug.
[2026-06-02T18:08:26.593] [DEBUG] debug-file - Picking option from product 'default' with build mode 'debug'.
[2026-06-02T18:08:26.593] [DEBUG] debug-file - Product 'default' build option initialized
[2026-06-02T18:08:26.593] [DEBUG] debug-file - End initialize project's product build option map with build mode 'debug'.
[2026-06-02T18:08:26.594] [DEBUG] debug-file - Obtain build option for product 'default'in this build.
[2026-06-02T18:08:26.595] [DEBUG] debug-file - No signingConfig found, initRemoteHspCache failed.
[2026-06-02T18:08:26.598] [DEBUG] debug-file - Start recording SDK configuration permission data.
[2026-06-02T18:08:26.638] [DEBUG] debug-file - Sdk init in 43 ms 
[2026-06-02T18:08:26.641] [DEBUG] debug-file - Project task initialization takes 3 ms 
[2026-06-02T18:08:26.641] [DEBUG] debug-file - hvigorfile, binding custom plugins []
[2026-06-02T18:08:26.642] [DEBUG] debug-file - hvigorfile, no custom plugins were found in C:\Users\27843\Downloads\RingtoneKit_Codelab_\hvigorfile.ts
[2026-06-02T18:08:26.642] [DEBUG] debug-file - hvigorfile, resolve finished C:\Users\27843\Downloads\RingtoneKit_Codelab_\hvigorfile.ts
[2026-06-02T18:08:26.642] [DEBUG] debug-file - hvigorfile, resolving C:\Users\27843\Downloads\RingtoneKit_Codelab_\entry\hvigorfile.ts
[2026-06-02T18:08:26.646] [DEBUG] debug-file - hvigorfile, require result:  { default: { plugins: [] } }
[2026-06-02T18:08:26.646] [DEBUG] debug-file - hvigorfile, binding system plugins null
[2026-06-02T18:08:26.646] [DEBUG] debug-file - Starting plugin build process
[2026-06-02T18:08:26.646] [DEBUG] debug-file - Hap plugin creating...
[2026-06-02T18:08:26.647] [DEBUG] debug-file - failed to load cangjie to dynamically generate schemas: Error: Cannot find module '@ohos/cangjie-build-support/index'
Require stack:
- C:\Program Files\Huawei\DevEco Studio\tools\hvigor\hvigor-ohos-plugin\src\plugin\hooks\cangjie-register.js
- C:\Program Files\Huawei\DevEco Studio\tools\hvigor\hvigor-ohos-plugin\src\plugin\strategy\stage-init-strategy.js
- C:\Program Files\Huawei\DevEco Studio\tools\hvigor\hvigor-ohos-plugin\src\plugin\builder\abstract-plugin-builder.js
- C:\Program Files\Huawei\DevEco Studio\tools\hvigor\hvigor-ohos-plugin\src\plugin\builder\app-plugin-builder.js
- C:\Program Files\Huawei\DevEco Studio\tools\hvigor\hvigor-ohos-plugin\src\plugin\factory\plugin-factory.js
- C:\Program Files\Huawei\DevEco Studio\tools\hvigor\hvigor-ohos-plugin\index.js
- C:\Users\27843\Downloads\RingtoneKit_Codelab_\hvigorfile.ts
- C:\Program Files\Huawei\DevEco Studio\tools\hvigor\hvigor\src\base\internal\lifecycle\configuration.js
- C:\Program Files\Huawei\DevEco Studio\tools\hvigor\hvigor\src\base\boot\index.js
- C:\Program Files\Huawei\DevEco Studio\tools\hvigor\hvigor\src\base\daemon\cluster\worker-process-lifecycle.js
- C:\Program Files\Huawei\DevEco Studio\tools\hvigor\hvigor\src\base\daemon\process\daemon-process-boot-script.js
[2026-06-02T18:08:26.649] [DEBUG] debug-file - Start initialize module-target build option map, moduleName=entry, buildMode=debug
[2026-06-02T18:08:26.650] [DEBUG] debug-file - Target 'default' config initialized
[2026-06-02T18:08:26.650] [DEBUG] debug-file - Module 'entry' target 'default' build option initialized
[2026-06-02T18:08:26.650] [DEBUG] debug-file - End initialize module-target build option map, moduleName=entry
[2026-06-02T18:08:26.650] [DEBUG] debug-file - Start initialize module-target build option map, moduleName=entry, buildMode=release
[2026-06-02T18:08:26.650] [DEBUG] debug-file - Target 'default' config initialized
[2026-06-02T18:08:26.650] [DEBUG] debug-file - Module 'entry' target 'default' build option initialized
[2026-06-02T18:08:26.650] [DEBUG] debug-file - End initialize module-target build option map, moduleName=entry
[2026-06-02T18:08:26.650] [DEBUG] debug-file - Start initialize module-target build option map, moduleName=entry, buildMode=debug
[2026-06-02T18:08:26.650] [DEBUG] debug-file - Target 'default' config initialized
[2026-06-02T18:08:26.651] [DEBUG] debug-file - Module 'entry' target 'default' build option initialized
[2026-06-02T18:08:26.651] [DEBUG] debug-file - End initialize module-target build option map, moduleName=entry
[2026-06-02T18:08:26.651] [DEBUG] debug-file - Obtain build option for module 'entry' target 'default'in this build.
[2026-06-02T18:08:26.653] [DEBUG] debug-file - Module entry task initialization takes 1 ms 
[2026-06-02T18:08:26.653] [DEBUG] debug-file - Hap plugin register hook start...
[2026-06-02T18:08:26.653] [DEBUG] debug-file - Hap plugin register hook end...
[2026-06-02T18:08:26.653] [DEBUG] debug-file - Plugin build process completed
[2026-06-02T18:08:26.653] [DEBUG] debug-file - hvigorfile, binding custom plugins []
[2026-06-02T18:08:26.653] [DEBUG] debug-file - hvigorfile, no custom plugins were found in C:\Users\27843\Downloads\RingtoneKit_Codelab_\entry\hvigorfile.ts
[2026-06-02T18:08:26.653] [DEBUG] debug-file - hvigorfile, resolve finished C:\Users\27843\Downloads\RingtoneKit_Codelab_\entry\hvigorfile.ts
[2026-06-02T18:08:26.753] [DEBUG] debug-file - hvigorfile, resolve hvigorfile dependencies in 100 ms 
[2026-06-02T18:08:26.753] [DEBUG] debug-file - project has submodules:entry
[2026-06-02T18:08:26.754] [DEBUG] debug-file - start to load updatedOhPackageInfo to the disk
[2026-06-02T18:08:26.759] [DEBUG] debug-file - load to the disk finished
[2026-06-02T18:08:26.760] [DEBUG] debug-file - Start to initialize dependency information.
[2026-06-02T18:08:26.761] [DEBUG] debug-file - Module RingtoneKit_Codelab_ Collected Dependency: 
[2026-06-02T18:08:26.761] [DEBUG] debug-file - Module RingtoneKit_Codelab_'s total dependency: 0
[2026-06-02T18:08:26.761] [DEBUG] debug-file - Start to initialize dependency information.
[2026-06-02T18:08:26.763] [DEBUG] debug-file - Module entry Collected Dependency: 
[2026-06-02T18:08:26.763] [DEBUG] debug-file - Module entry's total dependency: 0
[2026-06-02T18:08:26.764] [DEBUG] debug-file - Configuration phase cost:188 ms 
[2026-06-02T18:08:26.766] [DEBUG] debug-file - Configuration task cost before running: 198 ms 
[2026-06-02T18:08:26.769] [DEBUG] debug-file - Executing task :entry:default@PreBuild
[2026-06-02T18:08:26.770] [WARN] debug-file - The project has not explicitly set the 'targetSdkVersion' version at build-profile.json5. It is recommended to configure it. Reference: https://developer.huawei.com/consumer/cn/doc/harmonyos-guides/ide-hvigor-build-profile-app#section45865492619
[2026-06-02T18:08:26.770] [DEBUG] debug-file - Task 'entry:default@PreBuild' cost while wrapping incremental declarations: 1 ms 
[2026-06-02T18:08:26.777] [DEBUG] debug-file - Incremental task entry:default@PreBuild pre-execution cost: 5 ms .
[2026-06-02T18:08:26.777] [DEBUG] debug-file - entry : default@PreBuild cost memory 0.31058502197265625
[2026-06-02T18:08:26.780] [INFO] debug-file - UP-TO-DATE :entry:default@PreBuild...  
[2026-06-02T18:08:26.781] [DEBUG] debug-file - Executing task :entry:default@CreateModuleInfo
[2026-06-02T18:08:26.781] [DEBUG] debug-file - Task 'entry:default@CreateModuleInfo' cost while wrapping incremental declarations: 1 ms 
[2026-06-02T18:08:26.781] [DEBUG] debug-file - entry : default@CreateModuleInfo cost memory 0.0391998291015625
[2026-06-02T18:08:26.781] [DEBUG] debug-file - runTaskFromQueue task cost before running: 214 ms 
[2026-06-02T18:08:26.781] [INFO] debug-file - Finished :entry:default@CreateModuleInfo... after 1 ms 
[2026-06-02T18:08:26.782] [DEBUG] debug-file - Executing task :entry:default@GenerateMetadata
[2026-06-02T18:08:26.783] [DEBUG] debug-file - Task 'entry:default@GenerateMetadata' cost while wrapping incremental declarations: 1 ms 
[2026-06-02T18:08:26.784] [DEBUG] debug-file - Incremental task entry:default@GenerateMetadata pre-execution cost: 2 ms .
[2026-06-02T18:08:26.784] [DEBUG] debug-file - entry : default@GenerateMetadata cost memory 0.08477783203125
[2026-06-02T18:08:26.784] [INFO] debug-file - UP-TO-DATE :entry:default@GenerateMetadata...  
[2026-06-02T18:08:26.785] [DEBUG] debug-file - Executing task :entry:default@ConfigureCmake
[2026-06-02T18:08:26.785] [DEBUG] debug-file - entry : default@ConfigureCmake cost memory 0.0136871337890625
[2026-06-02T18:08:26.785] [DEBUG] debug-file - runTaskFromQueue task cost before running: 218 ms 
[2026-06-02T18:08:26.785] [INFO] debug-file - Finished :entry:default@ConfigureCmake... after 1 ms 
[2026-06-02T18:08:26.786] [DEBUG] debug-file - Executing task :entry:default@MergeProfile
[2026-06-02T18:08:26.786] [DEBUG] debug-file - Task 'entry:default@MergeProfile' cost while wrapping incremental declarations: 1 ms 
[2026-06-02T18:08:26.788] [DEBUG] debug-file - Incremental task entry:default@MergeProfile pre-execution cost: 2 ms .
[2026-06-02T18:08:26.788] [DEBUG] debug-file - entry : default@MergeProfile cost memory 0.114715576171875
[2026-06-02T18:08:26.788] [INFO] debug-file - UP-TO-DATE :entry:default@MergeProfile...  
[2026-06-02T18:08:26.789] [DEBUG] debug-file - Executing task :entry:default@CreateBuildProfile
[2026-06-02T18:08:26.790] [DEBUG] debug-file - Task 'entry:default@CreateBuildProfile' cost while wrapping incremental declarations: 1 ms 
[2026-06-02T18:08:26.791] [DEBUG] debug-file - Incremental task entry:default@CreateBuildProfile pre-execution cost: 1 ms .
[2026-06-02T18:08:26.791] [DEBUG] debug-file - entry : default@CreateBuildProfile cost memory 0.08661651611328125
[2026-06-02T18:08:26.791] [INFO] debug-file - UP-TO-DATE :entry:default@CreateBuildProfile...  
[2026-06-02T18:08:26.792] [DEBUG] debug-file - Executing task :entry:default@PreCheckSyscap
[2026-06-02T18:08:26.792] [DEBUG] debug-file - entry : default@PreCheckSyscap cost memory 0.01390838623046875
[2026-06-02T18:08:26.792] [DEBUG] debug-file - runTaskFromQueue task cost before running: 225 ms 
[2026-06-02T18:08:26.792] [INFO] debug-file - Finished :entry:default@PreCheckSyscap... after 1 ms 
[2026-06-02T18:08:26.794] [DEBUG] debug-file - Executing task :entry:default@GeneratePkgContextInfo
[2026-06-02T18:08:26.797] [DEBUG] debug-file - Task 'entry:default@GeneratePkgContextInfo' cost while wrapping incremental declarations: 1 ms 
[2026-06-02T18:08:26.797] [DEBUG] debug-file - entry : default@GeneratePkgContextInfo cost memory 0.16674041748046875
[2026-06-02T18:08:26.798] [DEBUG] debug-file - runTaskFromQueue task cost before running: 230 ms 
[2026-06-02T18:08:26.798] [INFO] debug-file - Finished :entry:default@GeneratePkgContextInfo... after 4 ms 
[2026-06-02T18:08:26.801] [DEBUG] debug-file - Executing task :entry:default@ProcessIntegratedHsp
[2026-06-02T18:08:26.801] [DEBUG] debug-file - entry:default@ProcessIntegratedHsp is not up-to-date, since the output file 'C:\Users\27843\Downloads\RingtoneKit_Codelab_\build\cache\default\integrated_hsp\integratedHspCache.json' does not exist.
[2026-06-02T18:08:26.801] [DEBUG] debug-file - Incremental task entry:default@ProcessIntegratedHsp pre-execution cost: 1 ms .
[2026-06-02T18:08:26.801] [DEBUG] debug-file - entry : default@ProcessIntegratedHsp cost memory 0.0562896728515625
[2026-06-02T18:08:26.801] [DEBUG] debug-file - runTaskFromQueue task cost before running: 234 ms 
[2026-06-02T18:08:26.801] [INFO] debug-file - Finished :entry:default@ProcessIntegratedHsp... after 1 ms 
[2026-06-02T18:08:26.802] [DEBUG] debug-file - Executing task :entry:default@BuildNativeWithCmake
[2026-06-02T18:08:26.802] [DEBUG] debug-file - entry : default@BuildNativeWithCmake cost memory 0.0136871337890625
[2026-06-02T18:08:26.802] [DEBUG] debug-file - runTaskFromQueue task cost before running: 235 ms 
[2026-06-02T18:08:26.803] [INFO] debug-file - Finished :entry:default@BuildNativeWithCmake... after 1 ms 
[2026-06-02T18:08:26.804] [DEBUG] debug-file - Executing task :entry:default@MakePackInfo
[2026-06-02T18:08:26.805] [DEBUG] debug-file - Incremental task entry:default@MakePackInfo pre-execution cost: 2 ms .
[2026-06-02T18:08:26.806] [DEBUG] debug-file - entry : default@MakePackInfo cost memory 0.0990447998046875
[2026-06-02T18:08:26.806] [INFO] debug-file - UP-TO-DATE :entry:default@MakePackInfo...  
[2026-06-02T18:08:26.807] [DEBUG] debug-file - Executing task :entry:default@SyscapTransform
[2026-06-02T18:08:26.807] [DEBUG] debug-file - File: 'C:\Users\27843\Downloads\RingtoneKit_Codelab_\entry\src\main\syscap.json' from 'sysCapJsonPath' is not exists, just ignore.
[2026-06-02T18:08:26.808] [DEBUG] debug-file - Task 'entry:default@SyscapTransform' cost while wrapping incremental declarations: 1 ms 
[2026-06-02T18:08:26.810] [DEBUG] debug-file - entry:default@SyscapTransform is not up-to-date, since the output file 'C:\Users\27843\Downloads\RingtoneKit_Codelab_\entry\build\default\intermediates\syscap\default\rpcid.sc' does not exist.
[2026-06-02T18:08:26.810] [DEBUG] debug-file - Incremental task entry:default@SyscapTransform pre-execution cost: 3 ms .
[2026-06-02T18:08:26.810] [DEBUG] debug-file - entry : default@SyscapTransform cost memory 0.14350128173828125
[2026-06-02T18:08:26.810] [DEBUG] debug-file - runTaskFromQueue task cost before running: 243 ms 
[2026-06-02T18:08:26.811] [INFO] debug-file - Finished :entry:default@SyscapTransform... after 4 ms 
[2026-06-02T18:08:26.812] [DEBUG] debug-file - Executing task :entry:default@ProcessProfile
[2026-06-02T18:08:26.813] [DEBUG] debug-file - Task 'entry:default@ProcessProfile' cost while wrapping incremental declarations: 1 ms 
[2026-06-02T18:08:26.813] [DEBUG] debug-file - Incremental task entry:default@ProcessProfile pre-execution cost: 1 ms .
[2026-06-02T18:08:26.814] [DEBUG] debug-file - entry : default@ProcessProfile cost memory 0.1183319091796875
[2026-06-02T18:08:26.814] [INFO] debug-file - UP-TO-DATE :entry:default@ProcessProfile...  
[2026-06-02T18:08:26.815] [DEBUG] debug-file - Executing task :entry:default@ProcessRouterMap
[2026-06-02T18:08:26.817] [DEBUG] debug-file - Incremental task entry:default@ProcessRouterMap pre-execution cost: 2 ms .
[2026-06-02T18:08:26.817] [DEBUG] debug-file - entry : default@ProcessRouterMap cost memory 0.13014984130859375
[2026-06-02T18:08:26.818] [INFO] debug-file - UP-TO-DATE :entry:default@ProcessRouterMap...  
[2026-06-02T18:08:26.819] [DEBUG] debug-file - Executing task :entry:default@ProcessShareConfig
[2026-06-02T18:08:26.821] [DEBUG] debug-file - Incremental task entry:default@ProcessShareConfig pre-execution cost: 2 ms .
[2026-06-02T18:08:26.821] [DEBUG] debug-file - entry : default@ProcessShareConfig cost memory 0.10869598388671875
[2026-06-02T18:08:26.821] [INFO] debug-file - UP-TO-DATE :entry:default@ProcessShareConfig...  
[2026-06-02T18:08:26.823] [DEBUG] debug-file - Executing task :entry:default@ProcessStartupConfig
[2026-06-02T18:08:26.823] [DEBUG] debug-file - Task 'entry:default@ProcessStartupConfig' cost while wrapping incremental declarations: 1 ms 
[2026-06-02T18:08:26.824] [DEBUG] debug-file - entry:default@ProcessStartupConfig is not up-to-date, since the output file 'C:\Users\27843\Downloads\RingtoneKit_Codelab_\entry\build\default\intermediates\startup\default\startup_config.json' does not exist.
[2026-06-02T18:08:26.824] [DEBUG] debug-file - Incremental task entry:default@ProcessStartupConfig pre-execution cost: 1 ms .
[2026-06-02T18:08:26.824] [DEBUG] debug-file - entry : default@ProcessStartupConfig cost memory 0.0942535400390625
[2026-06-02T18:08:26.824] [DEBUG] debug-file - runTaskFromQueue task cost before running: 257 ms 
[2026-06-02T18:08:26.825] [INFO] debug-file - Finished :entry:default@ProcessStartupConfig... after 2 ms 
[2026-06-02T18:08:26.826] [DEBUG] debug-file - Executing task :entry:default@BuildNativeWithNinja
[2026-06-02T18:08:26.827] [DEBUG] debug-file - entry : default@BuildNativeWithNinja cost memory 0.0208587646484375
[2026-06-02T18:08:26.827] [DEBUG] debug-file - runTaskFromQueue task cost before running: 259 ms 
[2026-06-02T18:08:26.827] [INFO] debug-file - Finished :entry:default@BuildNativeWithNinja... after 1 ms 
[2026-06-02T18:08:26.829] [DEBUG] debug-file - restool module names: entry; moduleName=entry, taskName=default@ProcessResource
[2026-06-02T18:08:26.830] [DEBUG] debug-file - Executing task :entry:default@ProcessResource
[2026-06-02T18:08:26.830] [DEBUG] debug-file - Task 'entry:default@ProcessResource' cost while wrapping incremental declarations: 1 ms 
[2026-06-02T18:08:26.831] [DEBUG] debug-file - Incremental task entry:default@ProcessResource pre-execution cost: 1 ms .
[2026-06-02T18:08:26.831] [DEBUG] debug-file - entry : default@ProcessResource cost memory 0.13072967529296875
[2026-06-02T18:08:26.833] [INFO] debug-file - UP-TO-DATE :entry:default@ProcessResource...  
[2026-06-02T18:08:26.837] [DEBUG] debug-file - Executing task :entry:default@GenerateLoaderJson
[2026-06-02T18:08:26.837] [DEBUG] debug-file - Task 'entry:default@GenerateLoaderJson' cost while wrapping incremental declarations: 1 ms 
[2026-06-02T18:08:26.846] [DEBUG] debug-file - Incremental task entry:default@GenerateLoaderJson pre-execution cost: 5 ms .
[2026-06-02T18:08:26.846] [DEBUG] debug-file - entry : default@GenerateLoaderJson cost memory 0.464508056640625
[2026-06-02T18:08:26.849] [INFO] debug-file - UP-TO-DATE :entry:default@GenerateLoaderJson...  
[2026-06-02T18:08:26.850] [DEBUG] debug-file - Executing task :entry:default@ProcessLibs
[2026-06-02T18:08:26.852] [DEBUG] debug-file - Incremental task entry:default@ProcessLibs pre-execution cost: 2 ms .
[2026-06-02T18:08:26.852] [DEBUG] debug-file - entry : default@ProcessLibs cost memory 0.10237884521484375
[2026-06-02T18:08:26.853] [INFO] debug-file - UP-TO-DATE :entry:default@ProcessLibs...  
[2026-06-02T18:08:26.854] [DEBUG] debug-file - restool module names: entry; moduleName=entry, taskName=default@CompileResource
[2026-06-02T18:08:26.854] [DEBUG] debug-file - Executing task :entry:default@CompileResource
[2026-06-02T18:08:26.866] [DEBUG] debug-file - Incremental task entry:default@CompileResource pre-execution cost: 11 ms .
[2026-06-02T18:08:26.866] [DEBUG] debug-file - entry : default@CompileResource cost memory 0.5676345825195312
[2026-06-02T18:08:26.867] [INFO] debug-file - UP-TO-DATE :entry:default@CompileResource...  
[2026-06-02T18:08:26.869] [DEBUG] debug-file - Executing task :entry:default@DoNativeStrip
[2026-06-02T18:08:26.869] [DEBUG] debug-file - Task 'entry:default@DoNativeStrip' cost while wrapping incremental declarations: 1 ms 
[2026-06-02T18:08:26.870] [DEBUG] debug-file - Incremental task entry:default@DoNativeStrip pre-execution cost: 1 ms .
[2026-06-02T18:08:26.870] [DEBUG] debug-file - entry : default@DoNativeStrip cost memory 0.0731658935546875
[2026-06-02T18:08:26.870] [INFO] debug-file - UP-TO-DATE :entry:default@DoNativeStrip...  
[2026-06-02T18:08:26.872] [DEBUG] debug-file - Executing task :entry:default@CompileArkTS
[2026-06-02T18:08:26.872] [DEBUG] debug-file - obfuscationOptions: undefined
[2026-06-02T18:08:26.873] [DEBUG] debug-file - Task 'entry:default@CompileArkTS' cost while wrapping incremental declarations: 1 ms 
[2026-06-02T18:08:26.880] [DEBUG] debug-file - entry:default@CompileArkTS is not up-to-date, since the input file 'C:\Users\27843\Downloads\RingtoneKit_Codelab_\entry\src\main\ets' has been changed.
[2026-06-02T18:08:26.880] [DEBUG] debug-file - Incremental task entry:default@CompileArkTS pre-execution cost: 6 ms .
[2026-06-02T18:08:26.895] [DEBUG] debug-file - build config:
[2026-06-02T18:08:26.895] [DEBUG] debug-file - {
  moduleType: 'entry',
  perf: 0,
  targetName: '.default',
  packageManagerType: 'ohpm',
  localPropertiesPath: 'C:\\Users\\27843\\Downloads\\RingtoneKit_Codelab_\\local.properties',
  isPreview: false,
  isOhosTest: false,
  isLocalTest: false,
  buildMode: 'Debug',
  hotReloadBuild: undefined,
  watchMode: 'false',
  aceProfilePath: 'C:\\Users\\27843\\Downloads\\RingtoneKit_Codelab_\\entry\\build\\default\\intermediates\\res\\default\\resources\\base\\profile',
  etsLoaderPath: 'C:\\Program Files\\Huawei\\DevEco Studio\\sdk\\default\\openharmony\\ets\\build-tools\\ets-loader',
  modulePath: 'C:\\Users\\27843\\Downloads\\RingtoneKit_Codelab_\\entry',
  testFrameworkPar: {
    testMode: undefined,
    coveragePathFilter: undefined,
    coverageMode: undefined
  },
  needCoverageInsert: false,
  debugLine: false,
  projectTopDir: 'C:\\Users\\27843\\Downloads\\RingtoneKit_Codelab_',
  compileSdkVersion: 22,
  compatibleSdkVersion: 12,
  originCompatibleSdkVersion: '5.0.0(12)',
  compatibleSdkVersionStage: 'beta1',
  bundleName: 'c***n',
  etsLoaderVersion: '6.0.2.130',
  etsLoaderReleaseType: 'Release',
  aotCompileMode: 'type',
  apPath: 'C:\\Users\\27843\\Downloads\\RingtoneKit_Codelab_\\entry\\modules.ap',
  entryModuleName: 'entry',
  entryModuleVersion: '1.0.0',
  entryPackageName: 'entry',
  allModuleNameHash: 'db44f8a8a620383b923efb1105d6d0eb296559a94ef72a4510286f2511f87786',
  externalApiPaths: [
    'C:\\Program Files\\Huawei\\DevEco Studio\\sdk\\default\\hms\\ets'
  ],
  compilerTypes: [],
  isCrossplatform: false,
  hvigorPluginFile: undefined,
  compilePluginPath: undefined,
  buildGeneratedProfilePath: 'C:\\Users\\27843\\Downloads\\RingtoneKit_Codelab_\\entry\\build\\default\\generated\\profile\\default',
  bundleType: 'app',
  arkTSVersion: undefined,
  apiVersion: 22,
  needCompleteSourcesMap: false,
  isFaMode: false,
  buildDir: 'C:\\Users\\27843\\Downloads\\RingtoneKit_Codelab_\\entry\\build',
  deviceTypes: [ 'phone', 'tablet', 'wearable' ],
  pkgContextInfo: undefined,
  ohPackagePathMap: {},
  dependencyAliasMap: {},
  permission: { requestPermissions: undefined, definePermissions: undefined },
  useGetCurrentBundleName: false,
  projectArkOption: undefined,
  sourceMapDir: undefined,
  branchElimination: false,
  transformLib: undefined,
  tsImportSendable: false,
  resolveConflictMode: true,
  depName2RootPath: {},
  depName2DepInfo: {},
  rootPathSet: [ 'C:\\Users\\27843\\Downloads\\RingtoneKit_Codelab_' ],
  useNativeResolver: true,
  shouldEmitJs: true,
  useTscResolve: false,
  singleFileEmit: false,
  userProjectConfig: {
    autoLazyImport: false,
    allowEmptyBundleName: false,
    reExportCheckMode: 'noCheck',
    executionMode: 'memory',
    usePathPlaceholder: false,
    writeRollupCache: true,
    isExpandImportEnabled: false,
    expandImportExclude: '',
    lazyImportExclude: '',
    lazyImportInclude: '',
    ignoreCrossplatformCheck: false,
    isHarDeduplicateEnabled: false,
    skipOhModulesLint: false,
    enableStrictCheckOHModule: false,
    disableSendableCheckRules: [],
    useDeclarationFileSignature: false,
    customizedOptions: undefined,
    integratedHsp: false,
    isPreloadSoEnabled: false
  },
  executionMode: 'memory',
  arkCompileCachePath: 'C:\\Users\\27843\\Downloads\\RingtoneKit_Codelab_\\entry\\build\\default\\cache\\default\\default@CompileArkTS\\esmodule',
  autoLazyFilter: undefined,
  isHarDeduplicateEnabled: false,
  intermediateHarDuplicateDirPath: 'C:\\Users\\27843\\Downloads\\RingtoneKit_Codelab_\\entry\\build\\default\\intermediates\\har_duplicate\\default',
  autoLazyImport: false,
  allowEmptyBundleName: false,
  reExportCheckMode: 'noCheck',
  usePathPlaceholder: false,
  writeRollupCache: true,
  isExpandImportEnabled: false,
  expandImportExclude: '',
  lazyImportExclude: '',
  lazyImportInclude: '',
  ignoreCrossplatformCheck: false,
  skipOhModulesLint: false,
  enableStrictCheckOHModule: false,
  disableSendableCheckRules: [],
  useDeclarationFileSignature: false,
  customizedOptions: undefined,
  integratedHsp: false,
  isPreloadSoEnabled: false,
  strictMode: undefined,
  useNormalizedOHMUrl: false,
  caseSensitiveCheck: false,
  aceModuleJsonPath: 'C:\\Users\\27843\\Downloads\\RingtoneKit_Codelab_\\entry\\build\\default\\intermediates\\res\\default\\ark_module.json',
  appResource: 'C:\\Users\\27843\\Downloads\\RingtoneKit_Codelab_\\entry\\build\\default\\intermediates\\res\\default\\ResourceTable.txt',
  rawFileResource: 'C:\\Users\\27843\\Downloads\\RingtoneKit_Codelab_\\entry\\build\\default\\intermediates\\res\\default\\resources\\rawfile',
  resourceTableHash: '0a5e461b8cc472af07d60289bf2402599b7c63db39b7448590c7effc1f3dc134',
  runtimeOS: 'HarmonyOS',
  sdkInfo: 'false:22:6.0.2.130:Release',
  aceModuleRoot: 'C:\\Users\\27843\\Downloads\\RingtoneKit_Codelab_\\entry\\src\\main\\ets',
  compileMode: 'esmodule',
  aceSuperVisualPath: 'C:\\Users\\27843\\Downloads\\RingtoneKit_Codelab_\\entry\\src\\main\\supervisual',
  aceBuildJson: 'C:\\Users\\27843\\Downloads\\RingtoneKit_Codelab_\\entry\\build\\default\\intermediates\\loader\\default\\loader.json',
  cachePath: 'C:\\Users\\27843\\Downloads\\RingtoneKit_Codelab_\\entry\\build\\default\\cache\\default\\default@CompileArkTS\\esmodule\\debug',
  aceModuleBuild: 'C:\\Users\\27843\\Downloads\\RingtoneKit_Codelab_\\entry\\build\\default\\intermediates\\loader_out\\default\\ets',
  supportChunks: true,
  declaredFilesPath: undefined,
  shouldCollectDirectImportees: false,
  isByteCodeHarOptimize: false,
  expandImportPath: undefined,
  pkgNameToPkgBriefInfo: {
    entry: {
      pkgRoot: 'C:\\Users\\27843\\Downloads\\RingtoneKit_Codelab_\\entry',
      originalSourceRoots: undefined,
      sourceRoots: [Array],
      pkgName: 'entry'
    }
  },
  projectModel: {
    'C:\\Users\\27843\\Downloads\\RingtoneKit_Codelab_\\entry\\src\\main': {
      moduleName: 'entry',
      modulePkgPath: 'C:\\Users\\27843\\Downloads\\RingtoneKit_Codelab_\\entry',
      belongProjectPath: 'C:\\Users\\27843\\Downloads\\RingtoneKit_Codelab_'
    },
    'C:\\Users\\27843\\Downloads\\RingtoneKit_Codelab_\\entry': {
      moduleName: 'entry',
      modulePkgPath: 'C:\\Users\\27843\\Downloads\\RingtoneKit_Codelab_\\entry',
      belongProjectPath: 'C:\\Users\\27843\\Downloads\\RingtoneKit_Codelab_'
    },
    'C:\\Users\\27843\\Downloads\\RingtoneKit_Codelab_': {
      moduleName: 'RingtoneKit_Codelab_',
      modulePkgPath: 'C:\\Users\\27843\\Downloads\\RingtoneKit_Codelab_',
      belongProjectPath: 'C:\\Users\\27843\\Downloads\\RingtoneKit_Codelab_'
    }
  },
  pkgJsonFileHash: '2d3aabe892cb47a8d32dc51369771e7583ba0b181fb1299d8dac661ceb735d99',
  allModulePaths: [ 'C:\\Users\\27843\\Downloads\\RingtoneKit_Codelab_\\entry' ],
  routerMap: {},
  obfuscationOptions: undefined,
  byteCodeHarToDependencyKeys: undefined,
  compileBlockPkg: [],
  mockParams: {
    decorator: '@MockSetup',
    packageName: '@ohos/hamock',
    etsSourceRootPath: 'src/main/ets',
    mockConfigPath: undefined,
    mockConfigKey2ModuleInfo: {},
    source2ModuleIdMap: {}
  },
  copyCodeResourceEnable: true,
  copyCodeResourceExcludes: [],
  copyCodeResourceIncludes: undefined,
  uiTransformOptimization: false,
  sdkPath: 'C:/Program Files/Huawei/DevEco Studio/sdk',
  needPreloadSoFileSet: {},
  preloadSoFilePath: 'C:\\Users\\27843\\Downloads\\RingtoneKit_Codelab_\\entry\\build\\default\\intermediates\\preload\\default\\preload.json',
  useSourceHash: false,
  localModuleParamMap: {},
  otherPaths: {
    'entry/*': [
      '..\\*',
      '..\\..\\..\\build\\default\\generated\\profile\\default\\*'
    ]
  },
  collectImportersConfig: undefined
}
[2026-06-02T18:08:26.896] [DEBUG] debug-file - Compile arkts with external api path: C:\Program Files\Huawei\DevEco Studio\sdk\default\hms\ets
[2026-06-02T18:08:26.898] [DEBUG] debug-file - default@CompileArkTS work[18] is submitted.
[2026-06-02T18:08:26.898] [DEBUG] debug-file - default@CompileArkTS work[18] is pushed to ready queue.
[2026-06-02T18:08:26.898] [DEBUG] debug-file - A work dispatched to worker[31] failed because unable to get work from ready queue.
[2026-06-02T18:08:26.898] [DEBUG] debug-file - A work dispatched to worker[30] failed because unable to get work from ready queue.
[2026-06-02T18:08:26.898] [DEBUG] debug-file - A work dispatched to worker[29] failed because unable to get work from ready queue.
[2026-06-02T18:08:26.898] [DEBUG] debug-file - A work dispatched to worker[28] failed because unable to get work from ready queue.
[2026-06-02T18:08:26.898] [DEBUG] debug-file - A work dispatched to worker[27] failed because unable to get work from ready queue.
[2026-06-02T18:08:26.898] [DEBUG] debug-file - A work dispatched to worker[26] failed because unable to get work from ready queue.
[2026-06-02T18:08:26.898] [DEBUG] debug-file - A work dispatched to worker[25] failed because unable to get work from ready queue.
[2026-06-02T18:08:26.899] [DEBUG] debug-file - A work dispatched to worker[24] failed because unable to get work from ready queue.
[2026-06-02T18:08:26.899] [DEBUG] debug-file - A work dispatched to worker[23] failed because unable to get work from ready queue.
[2026-06-02T18:08:26.899] [DEBUG] debug-file - A work dispatched to worker[22] failed because unable to get work from ready queue.
[2026-06-02T18:08:26.899] [DEBUG] debug-file - A work dispatched to worker[21] failed because unable to get work from ready queue.
[2026-06-02T18:08:26.899] [DEBUG] debug-file - A work dispatched to worker[20] failed because unable to get work from ready queue.
[2026-06-02T18:08:26.899] [DEBUG] debug-file - A work dispatched to worker[19] failed because unable to get work from ready queue.
[2026-06-02T18:08:26.899] [DEBUG] debug-file - A work dispatched to worker[18] failed because unable to get work from ready queue.
[2026-06-02T18:08:26.899] [DEBUG] debug-file - A work dispatched to worker[17] failed because unable to get work from ready queue.
[2026-06-02T18:08:26.899] [DEBUG] debug-file - A work dispatched to worker[16] failed because unable to get work from ready queue.
[2026-06-02T18:08:26.899] [DEBUG] debug-file - A work dispatched to worker[15] failed because unable to get work from ready queue.
[2026-06-02T18:08:26.899] [DEBUG] debug-file - A work dispatched to worker[14] failed because unable to get work from ready queue.
[2026-06-02T18:08:26.899] [DEBUG] debug-file - A work dispatched to worker[13] failed because unable to get work from ready queue.
[2026-06-02T18:08:26.899] [DEBUG] debug-file - A work dispatched to worker[12] failed because unable to get work from ready queue.
[2026-06-02T18:08:26.899] [DEBUG] debug-file - A work dispatched to worker[11] failed because unable to get work from ready queue.
[2026-06-02T18:08:26.899] [DEBUG] debug-file - A work dispatched to worker[10] failed because unable to get work from ready queue.
[2026-06-02T18:08:26.899] [DEBUG] debug-file - A work dispatched to worker[9] failed because unable to get work from ready queue.
[2026-06-02T18:08:26.899] [DEBUG] debug-file - A work dispatched to worker[8] failed because unable to get work from ready queue.
[2026-06-02T18:08:26.900] [DEBUG] debug-file - A work dispatched to worker[7] failed because unable to get work from ready queue.
[2026-06-02T18:08:26.900] [DEBUG] debug-file - A work dispatched to worker[6] failed because unable to get work from ready queue.
[2026-06-02T18:08:26.900] [DEBUG] debug-file - A work dispatched to worker[5] failed because unable to get work from ready queue.
[2026-06-02T18:08:26.900] [DEBUG] debug-file - default@CompileArkTS work[18] has been dispatched to worker[4].
[2026-06-02T18:08:26.900] [DEBUG] debug-file - default@CompileArkTS work[18] is dispatched.
[2026-06-02T18:08:26.900] [DEBUG] debug-file - CopyResources startTime: 6209676985800
[2026-06-02T18:08:26.900] [DEBUG] debug-file - default@CompileArkTS work[19] is submitted.
[2026-06-02T18:08:26.900] [DEBUG] debug-file - default@CompileArkTS work[19] is pushed to ready queue.
[2026-06-02T18:08:26.901] [DEBUG] debug-file - A work dispatched to worker[31] failed because unable to get work from ready queue.
[2026-06-02T18:08:26.901] [DEBUG] debug-file - Create  resident worker with id: 30.
[2026-06-02T18:08:26.903] [DEBUG] debug-file - default@CompileArkTS work[19] has been dispatched to worker[30].
[2026-06-02T18:08:26.903] [DEBUG] debug-file - default@CompileArkTS work[19] is dispatched.
[2026-06-02T18:08:26.904] [DEBUG] debug-file - entry : default@CompileArkTS cost memory 1.6012039184570312
[2026-06-02T18:08:26.905] [DEBUG] debug-file - Executing task :entry:default@BuildJS
[2026-06-02T18:08:26.905] [DEBUG] debug-file - Task 'entry:default@BuildJS' cost while wrapping incremental declarations: 1 ms 
[2026-06-02T18:08:26.908] [DEBUG] debug-file - entry : default@BuildJS cost memory 0.147369384765625
[2026-06-02T18:08:26.908] [DEBUG] debug-file - runTaskFromQueue task cost before running: 341 ms 
[2026-06-02T18:08:26.908] [INFO] debug-file - Finished :entry:default@BuildJS... after 4 ms 
[2026-06-02T18:08:26.910] [DEBUG] debug-file - Executing task :entry:default@CacheNativeLibs
[2026-06-02T18:08:26.910] [DEBUG] debug-file - Task 'entry:default@CacheNativeLibs' cost while wrapping incremental declarations: 1 ms 
[2026-06-02T18:08:26.912] [DEBUG] debug-file - Incremental task entry:default@CacheNativeLibs pre-execution cost: 2 ms .
[2026-06-02T18:08:26.912] [DEBUG] debug-file - entry : default@CacheNativeLibs cost memory 0.08991241455078125
[2026-06-02T18:08:26.912] [INFO] debug-file - UP-TO-DATE :entry:default@CacheNativeLibs...  
[2026-06-02T18:08:28.180] [WARN] debug-file - [33mWARN: [33m[33mArkTS:WARN File: C:/Users/27843/Downloads/RingtoneKit_Codelab_/entry/src/main/ets/pages/Index.ets:168:7
 Function may throw exceptions. Special handling is required.
[39m[39m
[33mWARN: [33m[33mArkTS:WARN File: C:/Users/27843/Downloads/RingtoneKit_Codelab_/entry/src/main/ets/pages/Index.ets:183:5
 Function may throw exceptions. Special handling is required.
[39m[39m
[33mWARN: [33m[33mArkTS:WARN File: C:/Users/27843/Downloads/RingtoneKit_Codelab_/entry/src/main/ets/pages/Index.ets:200:7
 Function may throw exceptions. Special handling is required.
[39m[39m
[33mWARN: [33m[33mArkTS:WARN File: C:/Users/27843/Downloads/RingtoneKit_Codelab_/entry/src/main/ets/pages/Index.ets:204:5
 The system capacity of this api 'ringtone' is not supported on all devices
[39m[39m
[33mWARN: [33m[33mArkTS:WARN File: C:/Users/27843/Downloads/RingtoneKit_Codelab_/entry/src/main/ets/pages/Index.ets:204:14
 The system capacity of this api 'startRingtoneSetting' is not supported on all devices
[39m[39m
[33mWARN: [33m[33mArkTS:WARN File: C:/Users/27843/Downloads/RingtoneKit_Codelab_/entry/src/main/ets/pages/Index.ets:209:24
 The system capacity of this api 'ringtone' is not supported on all devices
[39m[39m
[33mWARN: [33m[33mArkTS:WARN File: C:/Users/27843/Downloads/RingtoneKit_Codelab_/entry/src/main/ets/pages/Index.ets:209:33
 The system capacity of this api 'RingtoneErrors' is not supported on all devices
[39m[39m
[33mWARN: [33m[33mArkTS:WARN File: C:/Users/27843/Downloads/RingtoneKit_Codelab_/entry/src/main/ets/pages/Index.ets:209:48
 The system capacity of this api 'ERROR_FILE_NOT_FOUND' is not supported on all devices
[39m[39m

[2026-06-02T18:08:28.180] [DEBUG] debug-file - Ark compile task finished.finished time is 6210956816100
[2026-06-02T18:08:28.181] [DEBUG] debug-file - worker[4] has one work done.
[2026-06-02T18:08:28.183] [DEBUG] debug-file - default@CompileArkTS work[18] done.
[2026-06-02T18:08:28.183] [DEBUG] debug-file - A work dispatched to worker[4] failed because unable to get work from ready queue.
[2026-06-02T18:08:28.975] [DEBUG] debug-file - worker[30] has one work done.
[2026-06-02T18:08:28.975] [DEBUG] debug-file - CopyResources is end, endTime: 6211752315300
[2026-06-02T18:08:28.976] [DEBUG] debug-file - default@CompileArkTS work[19] done.
[2026-06-02T18:08:28.976] [DEBUG] debug-file - A work dispatched to worker[30] failed because unable to get work from ready queue.
[2026-06-02T18:08:28.979] [INFO] debug-file - Finished :entry:default@CompileArkTS... after 1 s 327 ms 
[2026-06-02T18:08:28.980] [DEBUG] debug-file - Executing task :entry:default@GeneratePkgModuleJson
[2026-06-02T18:08:28.980] [DEBUG] debug-file - File: 'C:\Users\27843\Downloads\RingtoneKit_Codelab_\entry\build\default\intermediates\preload\default\preload.json' from 'preloadSoJsonPath' is not exists, just ignore.
[2026-06-02T18:08:28.981] [DEBUG] debug-file - Error occurs while handling @Input 'shouldDeduplicateHar': The "data" argument must be of type string or an instance of Buffer, TypedArray, or DataView. Received undefined
[2026-06-02T18:08:28.981] [DEBUG] debug-file - Task 'entry:default@GeneratePkgModuleJson' cost while wrapping incremental declarations: 1 ms 
[2026-06-02T18:08:28.982] [DEBUG] debug-file - Incremental task entry:default@GeneratePkgModuleJson pre-execution cost: 2 ms .
[2026-06-02T18:08:28.982] [DEBUG] debug-file - entry : default@GeneratePkgModuleJson cost memory 0.1125335693359375
[2026-06-02T18:08:28.983] [INFO] debug-file - UP-TO-DATE :entry:default@GeneratePkgModuleJson...  
[2026-06-02T18:08:28.984] [DEBUG] debug-file - Executing task :entry:default@ProcessCompiledResources
[2026-06-02T18:08:28.984] [DEBUG] debug-file - File: 'C:\Users\27843\Downloads\RingtoneKit_Codelab_\entry\build\default\intermediates\preload\default\preload.json' from 'preloadSoJsonPath' is not exists, just ignore.
[2026-06-02T18:08:28.984] [DEBUG] debug-file - Task 'entry:default@ProcessCompiledResources' cost while wrapping incremental declarations: 1 ms 
[2026-06-02T18:08:28.984] [DEBUG] debug-file - entry : default@ProcessCompiledResources cost memory 0.05796051025390625
[2026-06-02T18:08:28.985] [DEBUG] debug-file - runTaskFromQueue task cost before running: 2 s 417 ms 
[2026-06-02T18:08:28.985] [INFO] debug-file - Finished :entry:default@ProcessCompiledResources... after 1 ms 
[2026-06-02T18:08:28.987] [DEBUG] debug-file - Executing task :entry:default@PackageHap
[2026-06-02T18:08:28.993] [DEBUG] debug-file - entry:default@PackageHap is not up-to-date, since the input file 'C:\Users\27843\Downloads\RingtoneKit_Codelab_\entry\build\default\intermediates\loader_out\default\ets' has been changed.
[2026-06-02T18:08:28.993] [DEBUG] debug-file - Incremental task entry:default@PackageHap pre-execution cost: 6 ms .
[2026-06-02T18:08:28.994] [DEBUG] debug-file - Use tool [C:\Program Files\Huawei\DevEco Studio\sdk\default\openharmony\toolchains\lib\app_packing_tool.jar]
 [
  'java',
  '-Dfile.encoding=GBK',
  '-jar',
  'C:\\Program Files\\Huawei\\DevEco Studio\\sdk\\default\\openharmony\\toolchains\\lib\\app_packing_tool.jar',
  '--mode',
  'hap',
  '--force',
  'true',
  '--lib-path',
  'C:\\Users\\27843\\Downloads\\RingtoneKit_Codelab_\\entry\\build\\default\\intermediates\\stripped_native_libs\\default',
  '--json-path',
  'C:\\Users\\27843\\Downloads\\RingtoneKit_Codelab_\\entry\\build\\default\\intermediates\\package\\default\\module.json',
  '--resources-path',
  'C:\\Users\\27843\\Downloads\\RingtoneKit_Codelab_\\entry\\build\\default\\intermediates\\res\\default\\resources',
  '--index-path',
  'C:\\Users\\27843\\Downloads\\RingtoneKit_Codelab_\\entry\\build\\default\\intermediates\\res\\default\\resources.index',
  '--pack-info-path',
  'C:\\Users\\27843\\Downloads\\RingtoneKit_Codelab_\\entry\\build\\default\\outputs\\default\\pack.info',
  '--out-path',
  'C:\\Users\\27843\\Downloads\\RingtoneKit_Codelab_\\entry\\build\\default\\outputs\\default\\entry-default-unsigned.hap',
  '--ets-path',
  'C:\\Users\\27843\\Downloads\\RingtoneKit_Codelab_\\entry\\build\\default\\intermediates\\loader_out\\default\\ets'
]
[2026-06-02T18:08:29.048] [DEBUG] debug-file - java daemon socket received message:{"code":0,"message":"pack success"}
[2026-06-02T18:08:29.053] [DEBUG] debug-file - entry : default@PackageHap cost memory 0.8227157592773438
[2026-06-02T18:08:29.054] [DEBUG] debug-file - runTaskFromQueue task cost before running: 2 s 486 ms 
[2026-06-02T18:08:29.055] [INFO] debug-file - Finished :entry:default@PackageHap... after 67 ms 
[2026-06-02T18:08:29.056] [DEBUG] debug-file - Executing task :entry:default@PackingCheck
[2026-06-02T18:08:29.063] [DEBUG] debug-file - entry : default@PackingCheck cost memory 0.38420867919921875
[2026-06-02T18:08:29.063] [DEBUG] debug-file - runTaskFromQueue task cost before running: 2 s 495 ms 
[2026-06-02T18:08:29.063] [INFO] debug-file - Finished :entry:default@PackingCheck... after 7 ms 
[2026-06-02T18:08:29.065] [DEBUG] debug-file - Executing task :entry:default@SignHap
[2026-06-02T18:08:29.065] [WARN] debug-file - Will skip sign 'hos_hap'. No signingConfigs profile is configured in current project.
             If needed, configure the signingConfigs in C:\Users\27843\Downloads\RingtoneKit_Codelab_\build-profile.json5.
[2026-06-02T18:08:29.066] [DEBUG] debug-file - entry:default@SignHap is not up-to-date, since the input file 'C:\Users\27843\Downloads\RingtoneKit_Codelab_\entry\build\default\outputs\default\entry-default-unsigned.hap' has been changed.
[2026-06-02T18:08:29.066] [DEBUG] debug-file - Incremental task entry:default@SignHap pre-execution cost: 1 ms .
[2026-06-02T18:08:29.067] [DEBUG] debug-file - entry : default@SignHap cost memory 0.0863037109375
[2026-06-02T18:08:29.067] [DEBUG] debug-file - runTaskFromQueue task cost before running: 2 s 499 ms 
[2026-06-02T18:08:29.067] [INFO] debug-file - Finished :entry:default@SignHap... after 2 ms 
[2026-06-02T18:08:29.069] [DEBUG] debug-file - Executing task :entry:default@CollectDebugSymbol
[2026-06-02T18:08:29.070] [DEBUG] debug-file - entry : default@CollectDebugSymbol cost memory 0.0958099365234375
[2026-06-02T18:08:29.070] [DEBUG] debug-file - runTaskFromQueue task cost before running: 2 s 502 ms 
[2026-06-02T18:08:29.070] [INFO] debug-file - Finished :entry:default@CollectDebugSymbol... after 2 ms 
[2026-06-02T18:08:29.070] [DEBUG] debug-file - Executing task :entry:assembleHap
[2026-06-02T18:08:29.071] [DEBUG] debug-file - entry : assembleHap cost memory 0.01198577880859375
[2026-06-02T18:08:29.071] [DEBUG] debug-file - runTaskFromQueue task cost before running: 2 s 503 ms 
[2026-06-02T18:08:29.071] [INFO] debug-file - Finished :entry:assembleHap... after 1 ms 
[2026-06-02T18:08:29.156] [INFO] debug-file - BUILD SUCCESSFUL in 2 s 588 ms 
[2026-06-02T18:08:29.156] [DEBUG] debug-file - There is no need to refresh cache, since the incremental task entry:default@PreBuild is up-to-date.
[2026-06-02T18:08:29.156] [DEBUG] debug-file - Update task entry:default@CreateModuleInfo output file:C:\Users\27843\Downloads\RingtoneKit_Codelab_\entry\build\default\generated\profile\default\ModuleInfo.ts cache.
[2026-06-02T18:08:29.156] [DEBUG] debug-file - Incremental task entry:default@CreateModuleInfo post-execution cost:1 ms .
[2026-06-02T18:08:29.156] [DEBUG] debug-file - There is no need to refresh cache, since the incremental task entry:default@GenerateMetadata is up-to-date.
[2026-06-02T18:08:29.156] [DEBUG] debug-file - There is no need to refresh cache, since the incremental task entry:default@MergeProfile is up-to-date.
[2026-06-02T18:08:29.157] [DEBUG] debug-file - There is no need to refresh cache, since the incremental task entry:default@CreateBuildProfile is up-to-date.
[2026-06-02T18:08:29.157] [DEBUG] debug-file - Update task entry:default@GeneratePkgContextInfo output file:C:\Users\27843\Downloads\RingtoneKit_Codelab_\entry\build\default\intermediates\loader\default\pkgContextInfo.json cache.
[2026-06-02T18:08:29.157] [DEBUG] debug-file - Incremental task entry:default@GeneratePkgContextInfo post-execution cost:1 ms .
[2026-06-02T18:08:29.157] [DEBUG] debug-file - Update task entry:default@ProcessIntegratedHsp output file:C:\Users\27843\Downloads\RingtoneKit_Codelab_\build\cache\default\integrated_hsp\integratedHspCache.json cache.
[2026-06-02T18:08:29.157] [DEBUG] debug-file - Incremental task entry:default@ProcessIntegratedHsp post-execution cost:1 ms .
[2026-06-02T18:08:29.157] [DEBUG] debug-file - There is no need to refresh cache, since the incremental task entry:default@MakePackInfo is up-to-date.
[2026-06-02T18:08:29.157] [DEBUG] debug-file - Update task entry:default@SyscapTransform input file:C:\Program Files\Huawei\DevEco Studio\sdk\default\openharmony\toolchains\syscap_tool.exe cache by regenerate.
[2026-06-02T18:08:29.158] [DEBUG] debug-file - Update task entry:default@SyscapTransform input file:C:\Program Files\Huawei\DevEco Studio\sdk\default\openharmony\ets\api\device-define cache by regenerate.
[2026-06-02T18:08:29.159] [DEBUG] debug-file - Update task entry:default@SyscapTransform output file:C:\Users\27843\Downloads\RingtoneKit_Codelab_\entry\build\default\intermediates\syscap\default\rpcid.sc cache.
[2026-06-02T18:08:29.160] [DEBUG] debug-file - Incremental task entry:default@SyscapTransform post-execution cost:3 ms .
[2026-06-02T18:08:29.160] [DEBUG] debug-file - There is no need to refresh cache, since the incremental task entry:default@ProcessProfile is up-to-date.
[2026-06-02T18:08:29.160] [DEBUG] debug-file - There is no need to refresh cache, since the incremental task entry:default@ProcessRouterMap is up-to-date.
[2026-06-02T18:08:29.160] [DEBUG] debug-file - There is no need to refresh cache, since the incremental task entry:default@ProcessShareConfig is up-to-date.
[2026-06-02T18:08:29.160] [DEBUG] debug-file - Update task entry:default@ProcessStartupConfig output file:C:\Users\27843\Downloads\RingtoneKit_Codelab_\entry\build\default\intermediates\startup\default\startup_config.json cache.
[2026-06-02T18:08:29.160] [DEBUG] debug-file - Incremental task entry:default@ProcessStartupConfig post-execution cost:1 ms .
[2026-06-02T18:08:29.160] [DEBUG] debug-file - There is no need to refresh cache, since the incremental task entry:default@ProcessResource is up-to-date.
[2026-06-02T18:08:29.160] [DEBUG] debug-file - There is no need to refresh cache, since the incremental task entry:default@GenerateLoaderJson is up-to-date.
[2026-06-02T18:08:29.161] [DEBUG] debug-file - There is no need to refresh cache, since the incremental task entry:default@ProcessLibs is up-to-date.
[2026-06-02T18:08:29.161] [DEBUG] debug-file - There is no need to refresh cache, since the incremental task entry:default@CompileResource is up-to-date.
[2026-06-02T18:08:29.161] [DEBUG] debug-file - There is no need to refresh cache, since the incremental task entry:default@DoNativeStrip is up-to-date.
[2026-06-02T18:08:29.163] [DEBUG] debug-file - Update task entry:default@CompileArkTS input file:C:\Users\27843\Downloads\RingtoneKit_Codelab_\entry\build\default\intermediates\loader\default cache by regenerate.
[2026-06-02T18:08:29.164] [DEBUG] debug-file - Update task entry:default@CompileArkTS input file:C:\Users\27843\Downloads\RingtoneKit_Codelab_\entry\build\default\intermediates\res\default\ResourceTable.txt cache by regenerate.
[2026-06-02T18:08:29.164] [DEBUG] debug-file - Update task entry:default@CompileArkTS input file:C:\Users\27843\Downloads\RingtoneKit_Codelab_\entry\build\default\intermediates\res\default\ark_module.json cache by regenerate.
[2026-06-02T18:08:29.164] [DEBUG] debug-file - Update task entry:default@CompileArkTS input file:C:\Users\27843\Downloads\RingtoneKit_Codelab_\entry\build\default\intermediates\res\default\resources\base\profile cache by regenerate.
[2026-06-02T18:08:29.165] [DEBUG] debug-file - Update task entry:default@CompileArkTS input file:C:\Users\27843\Downloads\RingtoneKit_Codelab_\entry\src\main\ets cache from map.
[2026-06-02T18:08:29.165] [DEBUG] debug-file - Update task entry:default@CompileArkTS input file:C:\Users\27843\Downloads\RingtoneKit_Codelab_\entry\build\default\generated\profile\default\BuildProfile.ets cache by regenerate.
[2026-06-02T18:08:29.166] [DEBUG] debug-file - Update task entry:default@CompileArkTS output file:C:\Users\27843\Downloads\RingtoneKit_Codelab_\entry\build\default\intermediates\loader_out\default\ets cache.
[2026-06-02T18:08:29.166] [DEBUG] debug-file - Incremental task entry:default@CompileArkTS post-execution cost:6 ms .
[2026-06-02T18:08:29.168] [DEBUG] debug-file - Update task entry:default@BuildJS input file:C:\Users\27843\Downloads\RingtoneKit_Codelab_\entry\build\default\intermediates\loader\default cache by regenerate.
[2026-06-02T18:08:29.168] [DEBUG] debug-file - Update task entry:default@BuildJS input file:C:\Users\27843\Downloads\RingtoneKit_Codelab_\entry\build\default\intermediates\res\default\ResourceTable.txt cache by regenerate.
[2026-06-02T18:08:29.168] [DEBUG] debug-file - Update task entry:default@BuildJS input file:C:\Users\27843\Downloads\RingtoneKit_Codelab_\entry\build\default\intermediates\res\default\ark_module.json cache by regenerate.
[2026-06-02T18:08:29.169] [DEBUG] debug-file - Update task entry:default@BuildJS input file:C:\Users\27843\Downloads\RingtoneKit_Codelab_\entry\build\default\intermediates\res\default\resources\base\profile cache by regenerate.
[2026-06-02T18:08:29.170] [DEBUG] debug-file - Update task entry:default@BuildJS output file:C:\Users\27843\Downloads\RingtoneKit_Codelab_\entry\build\default\intermediates\loader_out\default\js cache.
[2026-06-02T18:08:29.170] [DEBUG] debug-file - Incremental task entry:default@BuildJS post-execution cost:4 ms .
[2026-06-02T18:08:29.170] [DEBUG] debug-file - There is no need to refresh cache, since the incremental task entry:default@CacheNativeLibs is up-to-date.
[2026-06-02T18:08:29.170] [DEBUG] debug-file - There is no need to refresh cache, since the incremental task entry:default@GeneratePkgModuleJson is up-to-date.
[2026-06-02T18:08:29.170] [DEBUG] debug-file - Incremental task entry:default@ProcessCompiledResources post-execution cost:1 ms .
[2026-06-02T18:08:29.171] [DEBUG] debug-file - Update task entry:default@PackageHap input file:C:\Users\27843\Downloads\RingtoneKit_Codelab_\entry\build\default\intermediates\stripped_native_libs\default cache by regenerate.
[2026-06-02T18:08:29.172] [DEBUG] debug-file - Update task entry:default@PackageHap input file:C:\Users\27843\Downloads\RingtoneKit_Codelab_\entry\build\default\intermediates\res\default\module.json cache by regenerate.
[2026-06-02T18:08:29.172] [DEBUG] debug-file - Update task entry:default@PackageHap input file:C:\Users\27843\Downloads\RingtoneKit_Codelab_\entry\build\default\intermediates\res\default\resources cache by regenerate.
[2026-06-02T18:08:29.174] [DEBUG] debug-file - Update task entry:default@PackageHap input file:C:\Users\27843\Downloads\RingtoneKit_Codelab_\entry\build\default\intermediates\res\default\resources.index cache by regenerate.
[2026-06-02T18:08:29.175] [DEBUG] debug-file - Update task entry:default@PackageHap input file:C:\Users\27843\Downloads\RingtoneKit_Codelab_\entry\build\default\outputs\default\pack.info cache by regenerate.
[2026-06-02T18:08:29.175] [DEBUG] debug-file - Update task entry:default@PackageHap input file:C:\Users\27843\Downloads\RingtoneKit_Codelab_\entry\build\default\intermediates\loader_out\default\ets cache from map.
[2026-06-02T18:08:29.175] [DEBUG] debug-file - Update task entry:default@PackageHap input file:C:\Users\27843\Downloads\RingtoneKit_Codelab_\entry\build\default\intermediates\loader_out\default\ets\sourceMaps.map cache by regenerate.
[2026-06-02T18:08:29.175] [DEBUG] debug-file - Update task entry:default@PackageHap input file:C:\Users\27843\Downloads\RingtoneKit_Codelab_\entry\build\default\generated\profile\default\BuildProfile.ets cache by regenerate.
[2026-06-02T18:08:29.176] [DEBUG] debug-file - Update task entry:default@PackageHap output file:C:\Users\27843\Downloads\RingtoneKit_Codelab_\entry\build\default\outputs\default\entry-default-unsigned.hap cache.
[2026-06-02T18:08:29.176] [DEBUG] debug-file - Update task entry:default@PackageHap output file:C:\Users\27843\Downloads\RingtoneKit_Codelab_\entry\build\default\intermediates\source_map\default\sourceMaps.map cache.
[2026-06-02T18:08:29.177] [DEBUG] debug-file - Update task entry:default@PackageHap output file:C:\Users\27843\Downloads\RingtoneKit_Codelab_\entry\build\default\outputs\default\mapping\sourceMaps.map cache.
[2026-06-02T18:08:29.177] [DEBUG] debug-file - Incremental task entry:default@PackageHap post-execution cost:7 ms .
[2026-06-02T18:08:29.177] [DEBUG] debug-file - Update task entry:default@SignHap input file:C:\Users\27843\Downloads\RingtoneKit_Codelab_\entry\build\default\outputs\default\entry-default-unsigned.hap cache from map.
[2026-06-02T18:08:29.178] [DEBUG] debug-file - Update task entry:default@SignHap output file:C:\Users\27843\Downloads\RingtoneKit_Codelab_\entry\build\default\outputs\default\entry-default-signed.hap cache.
[2026-06-02T18:08:29.178] [DEBUG] debug-file - Incremental task entry:default@SignHap post-execution cost:1 ms .
[2026-06-02T18:08:29.179] [DEBUG] debug-file - Update task entry:default@CollectDebugSymbol input file:C:\Users\27843\Downloads\RingtoneKit_Codelab_\entry\build\default\intermediates\loader_out\default\ets\sourceMaps.map cache by regenerate.
[2026-06-02T18:08:29.179] [DEBUG] debug-file - Update task entry:default@CollectDebugSymbol input file:C:\Users\27843\Downloads\RingtoneKit_Codelab_\entry\build\default\intermediates\libs\default cache by regenerate.
[2026-06-02T18:08:29.179] [DEBUG] debug-file - Update task entry:default@CollectDebugSymbol output file:C:\Users\27843\Downloads\RingtoneKit_Codelab_\entry\build\default\outputs\default\symbol cache.
[2026-06-02T18:08:29.180] [DEBUG] debug-file - Incremental task entry:default@CollectDebugSymbol post-execution cost:2 ms .
[2026-06-02T18:08:29.301] [DEBUG] debug-file - Cleanup worker 30.
[2026-06-02T18:08:29.301] [DEBUG] debug-file - Worker 30 has been cleaned up.
[2026-06-02T18:08:29.301] [DEBUG] debug-file - Current idle worker size: 1.
[2026-06-02T18:08:29.302] [DEBUG] debug-file - Current resident worker size: 2.
[2026-06-02T18:08:29.302] [DEBUG] debug-file - hvigor build process will be closed.
[2026-06-02T18:08:29.303] [DEBUG] debug-file - java daemon socket close code:1000 reason:close by user
[2026-06-02T18:08:29.305] [DEBUG] debug-file - session manager: send message to worker process.
[2026-06-02T18:08:29.305] [DEBUG] debug-file - session manager: send message to worker process.
[2026-06-02T18:08:29.306] [DEBUG] debug-file - watch worker: worker id should be larger than 0. Nothing will be sent to any worker thread.
[2026-06-02T18:08:29.306] [DEBUG] debug-file - watch worker: worker id should be larger than 0. Nothing will be sent to any worker thread.
[2026-06-02T18:08:29.316] [DEBUG] debug-file - worker[30] exits with exit code 1.
[2026-06-02T22:14:59.404] [DEBUG] debug-file - env: nodejsVersion=v18.20.1
[2026-06-02T22:14:59.453] [DEBUG] debug-file - env: daemon=true
[2026-06-02T22:14:59.405] [DEBUG] debug-file - env: hvigor-config.json5 content = {
  modelVersion: '5.0.0',
  dependencies: {},
  execution: {},
  logging: {},
  debugging: {},
  nodeOptions: {}
}
[2026-06-02T22:15:00.056] [DEBUG] debug-file - java daemon tryConnect failed Error: connect ECONNREFUSED 127.0.0.1:45050
[2026-06-02T22:15:00.064] [DEBUG] debug-file - java daemon started at port 45050 pid 22976
[2026-06-02T22:15:00.089] [DEBUG] debug-file - session manager: set active socket. socketId=7FnMvcKpn6hB5B1dAAAB
[2026-06-02T22:15:00.692] [DEBUG] debug-file - watch worker: worker id should be larger than 0. Nothing will be sent to any worker thread.
[2026-06-02T22:15:00.696] [DEBUG] debug-file - Since there is no instance or instance is terminated, create a new worker pool.
[2026-06-02T22:15:00.697] [DEBUG] debug-file - Worker pool is initialized with config:  {
  minPoolNum: 2,
  maxPoolNum: undefined,
  maxCoreSize: undefined,
  cacheCapacity: undefined,
  cacheTtl: undefined
}
[2026-06-02T22:15:00.697] [DEBUG] debug-file - Create  resident worker with id: 0.
[2026-06-02T22:15:00.699] [DEBUG] debug-file - Create  resident worker with id: 1.
[2026-06-02T22:15:00.701] [DEBUG] debug-file - Workers' log level updated to INFO
[2026-06-02T22:15:00.706] [DEBUG] debug-file - Hvigor init with startParameters:{
  hvigorfileTypeCheck: false,
  parallelExecution: true,
  incrementalExecution: true,
  printStackTrace: false,
  daemon: true,
  analyze: 0,
  logLevel: Level { level: 20000, levelStr: 'INFO', colour: 'green' },
  optimizationStrategy: 'memory',
  hotCompile: undefined,
  hotReloadBuild: undefined,
  customizedParam: undefined
}
[2026-06-02T22:15:00.711] [DEBUG] debug-file - Cache service initialization finished in 5 ms 
[2026-06-02T22:15:00.712] [DEBUG] debug-file - hvigorfile, resolving C:\Users\27843\Downloads\RingtoneKit_Codelab_\hvigorfile.ts
[2026-06-02T22:15:02.586] [DEBUG] debug-file - hvigorfile, require result:  { default: { plugins: [] } }
[2026-06-02T22:15:02.586] [DEBUG] debug-file - hvigorfile, binding system plugins null
[2026-06-02T22:15:02.586] [DEBUG] debug-file - Starting plugin build process
[2026-06-02T22:15:02.587] [DEBUG] debug-file - App plugin prepare start...
[2026-06-02T22:15:02.587] [DEBUG] debug-file - App plugin prepare end...
[2026-06-02T22:15:02.587] [DEBUG] debug-file - App plugin creating...
[2026-06-02T22:15:02.720] [DEBUG] debug-file - App plugin register hook start...
[2026-06-02T22:15:02.720] [DEBUG] debug-file - App plugin register hook end...
[2026-06-02T22:15:02.720] [DEBUG] debug-file - Plugin build process completed
[2026-06-02T22:15:02.721] [DEBUG] debug-file - Start initialize project's product build option map with build mode debug.
[2026-06-02T22:15:02.722] [DEBUG] debug-file - Picking option from product 'default' with build mode 'debug'.
[2026-06-02T22:15:02.722] [DEBUG] debug-file - Product 'default' build option initialized
[2026-06-02T22:15:02.722] [DEBUG] debug-file - End initialize project's product build option map with build mode 'debug'.
[2026-06-02T22:15:02.723] [DEBUG] debug-file - Obtain build option for product 'default'in this build.
[2026-06-02T22:15:02.725] [DEBUG] debug-file - No signingConfig found, initRemoteHspCache failed.
[2026-06-02T22:15:02.727] [DEBUG] debug-file - Local scan or download HarmonyOS sdk components toolchains,ets,js,native,previewer
[2026-06-02T22:15:02.731] [DEBUG] debug-file - Local scan or download hmscore sdk components toolchains,ets,native
[2026-06-02T22:15:02.734] [DEBUG] debug-file - Start recording SDK configuration permission data.
[2026-06-02T22:15:02.761] [DEBUG] debug-file - Sdk init in 35 ms 
[2026-06-02T22:15:02.765] [DEBUG] debug-file - Project task initialization takes 4 ms 
[2026-06-02T22:15:02.766] [DEBUG] debug-file - hvigorfile, binding custom plugins []
[2026-06-02T22:15:02.766] [DEBUG] debug-file - hvigorfile, no custom plugins were found in C:\Users\27843\Downloads\RingtoneKit_Codelab_\hvigorfile.ts
[2026-06-02T22:15:02.766] [DEBUG] debug-file - hvigorfile, resolve finished C:\Users\27843\Downloads\RingtoneKit_Codelab_\hvigorfile.ts
[2026-06-02T22:15:02.766] [DEBUG] debug-file - hvigorfile, resolving C:\Users\27843\Downloads\RingtoneKit_Codelab_\entry\hvigorfile.ts
[2026-06-02T22:15:02.771] [DEBUG] debug-file - hvigorfile, require result:  { default: { plugins: [] } }
[2026-06-02T22:15:02.771] [DEBUG] debug-file - hvigorfile, binding system plugins null
[2026-06-02T22:15:02.771] [DEBUG] debug-file - Starting plugin build process
[2026-06-02T22:15:02.771] [DEBUG] debug-file - Hap plugin creating...
[2026-06-02T22:15:02.772] [DEBUG] debug-file - failed to load cangjie to dynamically generate schemas: Error: Cannot find module '@ohos/cangjie-build-support/index'
Require stack:
- C:\Program Files\Huawei\DevEco Studio\tools\hvigor\hvigor-ohos-plugin\src\plugin\hooks\cangjie-register.js
- C:\Program Files\Huawei\DevEco Studio\tools\hvigor\hvigor-ohos-plugin\src\plugin\strategy\stage-init-strategy.js
- C:\Program Files\Huawei\DevEco Studio\tools\hvigor\hvigor-ohos-plugin\src\plugin\builder\abstract-plugin-builder.js
- C:\Program Files\Huawei\DevEco Studio\tools\hvigor\hvigor-ohos-plugin\src\plugin\builder\app-plugin-builder.js
- C:\Program Files\Huawei\DevEco Studio\tools\hvigor\hvigor-ohos-plugin\src\plugin\factory\plugin-factory.js
- C:\Program Files\Huawei\DevEco Studio\tools\hvigor\hvigor-ohos-plugin\index.js
- C:\Users\27843\Downloads\RingtoneKit_Codelab_\hvigorfile.ts
- C:\Program Files\Huawei\DevEco Studio\tools\hvigor\hvigor\src\base\internal\lifecycle\configuration.js
- C:\Program Files\Huawei\DevEco Studio\tools\hvigor\hvigor\src\base\boot\index.js
- C:\Program Files\Huawei\DevEco Studio\tools\hvigor\hvigor\src\base\daemon\cluster\worker-process-lifecycle.js
- C:\Program Files\Huawei\DevEco Studio\tools\hvigor\hvigor\src\base\daemon\process\daemon-process-boot-script.js
[2026-06-02T22:15:02.783] [DEBUG] debug-file - Start initialize module-target build option map, moduleName=entry, buildMode=debug
[2026-06-02T22:15:02.784] [DEBUG] debug-file - Target 'default' config initialized
[2026-06-02T22:15:02.785] [DEBUG] debug-file - Module 'entry' target 'default' build option initialized
[2026-06-02T22:15:02.785] [DEBUG] debug-file - End initialize module-target build option map, moduleName=entry
[2026-06-02T22:15:02.785] [DEBUG] debug-file - Start initialize module-target build option map, moduleName=entry, buildMode=release
[2026-06-02T22:15:02.785] [DEBUG] debug-file - Target 'default' config initialized
[2026-06-02T22:15:02.786] [DEBUG] debug-file - Module 'entry' target 'default' build option initialized
[2026-06-02T22:15:02.786] [DEBUG] debug-file - End initialize module-target build option map, moduleName=entry
[2026-06-02T22:15:02.786] [DEBUG] debug-file - Start initialize module-target build option map, moduleName=entry, buildMode=debug
[2026-06-02T22:15:02.786] [DEBUG] debug-file - Target 'default' config initialized
[2026-06-02T22:15:02.786] [DEBUG] debug-file - Module 'entry' target 'default' build option initialized
[2026-06-02T22:15:02.786] [DEBUG] debug-file - End initialize module-target build option map, moduleName=entry
[2026-06-02T22:15:02.786] [DEBUG] debug-file - Obtain build option for module 'entry' target 'default'in this build.
[2026-06-02T22:15:02.790] [DEBUG] debug-file - Module entry task initialization takes 3 ms 
[2026-06-02T22:15:02.790] [DEBUG] debug-file - Hap plugin register hook start...
[2026-06-02T22:15:02.790] [DEBUG] debug-file - Hap plugin register hook end...
[2026-06-02T22:15:02.790] [DEBUG] debug-file - Plugin build process completed
[2026-06-02T22:15:02.790] [DEBUG] debug-file - hvigorfile, binding custom plugins []
[2026-06-02T22:15:02.790] [DEBUG] debug-file - hvigorfile, no custom plugins were found in C:\Users\27843\Downloads\RingtoneKit_Codelab_\entry\hvigorfile.ts
[2026-06-02T22:15:02.790] [DEBUG] debug-file - hvigorfile, resolve finished C:\Users\27843\Downloads\RingtoneKit_Codelab_\entry\hvigorfile.ts
[2026-06-02T22:15:02.839] [DEBUG] debug-file - hvigorfile, resolve hvigorfile dependencies in 49 ms 
[2026-06-02T22:15:02.839] [DEBUG] debug-file - project has submodules:entry
[2026-06-02T22:15:02.841] [DEBUG] debug-file - start to load updatedOhPackageInfo to the disk
[2026-06-02T22:15:02.845] [DEBUG] debug-file - load to the disk finished
[2026-06-02T22:15:02.845] [DEBUG] debug-file - Start to initialize dependency information.
[2026-06-02T22:15:02.847] [DEBUG] debug-file - Module RingtoneKit_Codelab_ Collected Dependency: 
[2026-06-02T22:15:02.847] [DEBUG] debug-file - Module RingtoneKit_Codelab_'s total dependency: 0
[2026-06-02T22:15:02.848] [DEBUG] debug-file - Start to initialize dependency information.
[2026-06-02T22:15:02.849] [DEBUG] debug-file - Module entry Collected Dependency: 
[2026-06-02T22:15:02.850] [DEBUG] debug-file - Module entry's total dependency: 0
[2026-06-02T22:15:02.852] [DEBUG] debug-file - Configuration phase cost:2 s 141 ms 
[2026-06-02T22:15:02.854] [DEBUG] debug-file - Configuration task cost before running: 2 s 153 ms 
[2026-06-02T22:15:02.857] [DEBUG] debug-file - Executing task :entry:default@PreBuild
[2026-06-02T22:15:02.858] [WARN] debug-file - The project has not explicitly set the 'targetSdkVersion' version at build-profile.json5. It is recommended to configure it. Reference: https://developer.huawei.com/consumer/cn/doc/harmonyos-guides/ide-hvigor-build-profile-app#section45865492619
[2026-06-02T22:15:02.859] [DEBUG] debug-file - Task 'entry:default@PreBuild' cost while wrapping incremental declarations: 1 ms 
[2026-06-02T22:15:02.864] [DEBUG] debug-file - Incremental task entry:default@PreBuild pre-execution cost: 4 ms .
[2026-06-02T22:15:02.864] [DEBUG] debug-file - entry : default@PreBuild cost memory 0.363739013671875
[2026-06-02T22:15:02.866] [INFO] debug-file - UP-TO-DATE :entry:default@PreBuild...  
[2026-06-02T22:15:02.866] [DEBUG] debug-file - Executing task :entry:default@CreateModuleInfo
[2026-06-02T22:15:02.866] [DEBUG] debug-file - Task 'entry:default@CreateModuleInfo' cost while wrapping incremental declarations: 1 ms 
[2026-06-02T22:15:02.867] [DEBUG] debug-file - entry : default@CreateModuleInfo cost memory 0.04293060302734375
[2026-06-02T22:15:02.867] [DEBUG] debug-file - runTaskFromQueue task cost before running: 2 s 166 ms 
[2026-06-02T22:15:02.867] [INFO] debug-file - Finished :entry:default@CreateModuleInfo... after 1 ms 
[2026-06-02T22:15:02.868] [DEBUG] debug-file - Executing task :entry:default@GenerateMetadata
[2026-06-02T22:15:02.868] [DEBUG] debug-file - Task 'entry:default@GenerateMetadata' cost while wrapping incremental declarations: 1 ms 
[2026-06-02T22:15:02.869] [DEBUG] debug-file - Incremental task entry:default@GenerateMetadata pre-execution cost: 1 ms .
[2026-06-02T22:15:02.869] [DEBUG] debug-file - entry : default@GenerateMetadata cost memory 0.33448028564453125
[2026-06-02T22:15:02.869] [INFO] debug-file - UP-TO-DATE :entry:default@GenerateMetadata...  
[2026-06-02T22:15:02.870] [DEBUG] debug-file - Executing task :entry:default@ConfigureCmake
[2026-06-02T22:15:02.870] [DEBUG] debug-file - entry : default@ConfigureCmake cost memory 0.0145721435546875
[2026-06-02T22:15:02.870] [DEBUG] debug-file - runTaskFromQueue task cost before running: 2 s 169 ms 
[2026-06-02T22:15:02.870] [INFO] debug-file - Finished :entry:default@ConfigureCmake... after 1 ms 
[2026-06-02T22:15:02.871] [DEBUG] debug-file - Executing task :entry:default@MergeProfile
[2026-06-02T22:15:02.871] [DEBUG] debug-file - Task 'entry:default@MergeProfile' cost while wrapping incremental declarations: 1 ms 
[2026-06-02T22:15:02.873] [DEBUG] debug-file - Incremental task entry:default@MergeProfile pre-execution cost: 2 ms .
[2026-06-02T22:15:02.873] [DEBUG] debug-file - entry : default@MergeProfile cost memory 0.13329315185546875
[2026-06-02T22:15:02.873] [INFO] debug-file - UP-TO-DATE :entry:default@MergeProfile...  
[2026-06-02T22:15:02.874] [DEBUG] debug-file - Executing task :entry:default@CreateBuildProfile
[2026-06-02T22:15:02.874] [DEBUG] debug-file - Task 'entry:default@CreateBuildProfile' cost while wrapping incremental declarations: 1 ms 
[2026-06-02T22:15:02.875] [DEBUG] debug-file - Incremental task entry:default@CreateBuildProfile pre-execution cost: 1 ms .
[2026-06-02T22:15:02.875] [DEBUG] debug-file - entry : default@CreateBuildProfile cost memory 0.09759521484375
[2026-06-02T22:15:02.875] [INFO] debug-file - UP-TO-DATE :entry:default@CreateBuildProfile...  
[2026-06-02T22:15:02.875] [DEBUG] debug-file - Executing task :entry:default@PreCheckSyscap
[2026-06-02T22:15:02.876] [DEBUG] debug-file - entry : default@PreCheckSyscap cost memory 0.01471710205078125
[2026-06-02T22:15:02.876] [DEBUG] debug-file - runTaskFromQueue task cost before running: 2 s 175 ms 
[2026-06-02T22:15:02.876] [INFO] debug-file - Finished :entry:default@PreCheckSyscap... after 1 ms 
[2026-06-02T22:15:02.877] [DEBUG] debug-file - Executing task :entry:default@GeneratePkgContextInfo
[2026-06-02T22:15:02.883] [DEBUG] debug-file - Task 'entry:default@GeneratePkgContextInfo' cost while wrapping incremental declarations: 1 ms 
[2026-06-02T22:15:02.883] [DEBUG] debug-file - entry : default@GeneratePkgContextInfo cost memory 0.2369842529296875
[2026-06-02T22:15:02.883] [DEBUG] debug-file - runTaskFromQueue task cost before running: 2 s 182 ms 
[2026-06-02T22:15:02.883] [INFO] debug-file - Finished :entry:default@GeneratePkgContextInfo... after 7 ms 
[2026-06-02T22:15:02.886] [DEBUG] debug-file - Executing task :entry:default@ProcessIntegratedHsp
[2026-06-02T22:15:02.886] [DEBUG] debug-file - entry:default@ProcessIntegratedHsp is not up-to-date, since the output file 'C:\Users\27843\Downloads\RingtoneKit_Codelab_\build\cache\default\integrated_hsp\integratedHspCache.json' does not exist.
[2026-06-02T22:15:02.886] [DEBUG] debug-file - Incremental task entry:default@ProcessIntegratedHsp pre-execution cost: 1 ms .
[2026-06-02T22:15:02.886] [DEBUG] debug-file - entry : default@ProcessIntegratedHsp cost memory 0.0607452392578125
[2026-06-02T22:15:02.886] [DEBUG] debug-file - runTaskFromQueue task cost before running: 2 s 185 ms 
[2026-06-02T22:15:02.886] [INFO] debug-file - Finished :entry:default@ProcessIntegratedHsp... after 1 ms 
[2026-06-02T22:15:02.887] [DEBUG] debug-file - Executing task :entry:default@BuildNativeWithCmake
[2026-06-02T22:15:02.887] [DEBUG] debug-file - entry : default@BuildNativeWithCmake cost memory 0.014862060546875
[2026-06-02T22:15:02.888] [DEBUG] debug-file - runTaskFromQueue task cost before running: 2 s 187 ms 
[2026-06-02T22:15:02.888] [INFO] debug-file - Finished :entry:default@BuildNativeWithCmake... after 1 ms 
[2026-06-02T22:15:02.888] [DEBUG] debug-file - Executing task :entry:default@MakePackInfo
[2026-06-02T22:15:02.890] [DEBUG] debug-file - Incremental task entry:default@MakePackInfo pre-execution cost: 1 ms .
[2026-06-02T22:15:02.890] [DEBUG] debug-file - entry : default@MakePackInfo cost memory 0.10883331298828125
[2026-06-02T22:15:02.890] [INFO] debug-file - UP-TO-DATE :entry:default@MakePackInfo...  
[2026-06-02T22:15:02.891] [DEBUG] debug-file - Executing task :entry:default@SyscapTransform
[2026-06-02T22:15:02.891] [DEBUG] debug-file - File: 'C:\Users\27843\Downloads\RingtoneKit_Codelab_\entry\src\main\syscap.json' from 'sysCapJsonPath' is not exists, just ignore.
[2026-06-02T22:15:02.892] [DEBUG] debug-file - Task 'entry:default@SyscapTransform' cost while wrapping incremental declarations: 1 ms 
[2026-06-02T22:15:02.901] [DEBUG] debug-file - entry:default@SyscapTransform is not up-to-date, since the output file 'C:\Users\27843\Downloads\RingtoneKit_Codelab_\entry\build\default\intermediates\syscap\default\rpcid.sc' does not exist.
[2026-06-02T22:15:02.901] [DEBUG] debug-file - Incremental task entry:default@SyscapTransform pre-execution cost: 10 ms .
[2026-06-02T22:15:02.902] [DEBUG] debug-file - entry : default@SyscapTransform cost memory 0.1600341796875
[2026-06-02T22:15:02.902] [DEBUG] debug-file - runTaskFromQueue task cost before running: 2 s 201 ms 
[2026-06-02T22:15:02.902] [INFO] debug-file - Finished :entry:default@SyscapTransform... after 11 ms 
[2026-06-02T22:15:02.903] [DEBUG] debug-file - Executing task :entry:default@ProcessProfile
[2026-06-02T22:15:02.904] [DEBUG] debug-file - Task 'entry:default@ProcessProfile' cost while wrapping incremental declarations: 1 ms 
[2026-06-02T22:15:02.905] [DEBUG] debug-file - Incremental task entry:default@ProcessProfile pre-execution cost: 1 ms .
[2026-06-02T22:15:02.905] [DEBUG] debug-file - entry : default@ProcessProfile cost memory 0.1309051513671875
[2026-06-02T22:15:02.905] [INFO] debug-file - UP-TO-DATE :entry:default@ProcessProfile...  
[2026-06-02T22:15:02.906] [DEBUG] debug-file - Executing task :entry:default@ProcessRouterMap
[2026-06-02T22:15:02.908] [DEBUG] debug-file - Incremental task entry:default@ProcessRouterMap pre-execution cost: 2 ms .
[2026-06-02T22:15:02.908] [DEBUG] debug-file - entry : default@ProcessRouterMap cost memory 0.14110565185546875
[2026-06-02T22:15:02.908] [INFO] debug-file - UP-TO-DATE :entry:default@ProcessRouterMap...  
[2026-06-02T22:15:02.909] [DEBUG] debug-file - Executing task :entry:default@ProcessShareConfig
[2026-06-02T22:15:02.910] [DEBUG] debug-file - Incremental task entry:default@ProcessShareConfig pre-execution cost: 1 ms .
[2026-06-02T22:15:02.910] [DEBUG] debug-file - entry : default@ProcessShareConfig cost memory 0.11394500732421875
[2026-06-02T22:15:02.910] [INFO] debug-file - UP-TO-DATE :entry:default@ProcessShareConfig...  
[2026-06-02T22:15:02.911] [DEBUG] debug-file - Executing task :entry:default@ProcessStartupConfig
[2026-06-02T22:15:02.911] [DEBUG] debug-file - Task 'entry:default@ProcessStartupConfig' cost while wrapping incremental declarations: 1 ms 
[2026-06-02T22:15:02.911] [DEBUG] debug-file - entry:default@ProcessStartupConfig is not up-to-date, since the output file 'C:\Users\27843\Downloads\RingtoneKit_Codelab_\entry\build\default\intermediates\startup\default\startup_config.json' does not exist.
[2026-06-02T22:15:02.911] [DEBUG] debug-file - Incremental task entry:default@ProcessStartupConfig pre-execution cost: 1 ms .
[2026-06-02T22:15:02.912] [DEBUG] debug-file - entry : default@ProcessStartupConfig cost memory 0.0981292724609375
[2026-06-02T22:15:02.912] [DEBUG] debug-file - runTaskFromQueue task cost before running: 2 s 211 ms 
[2026-06-02T22:15:02.912] [INFO] debug-file - Finished :entry:default@ProcessStartupConfig... after 1 ms 
[2026-06-02T22:15:02.912] [DEBUG] debug-file - Executing task :entry:default@BuildNativeWithNinja
[2026-06-02T22:15:02.913] [DEBUG] debug-file - entry : default@BuildNativeWithNinja cost memory 0.02191925048828125
[2026-06-02T22:15:02.913] [DEBUG] debug-file - runTaskFromQueue task cost before running: 2 s 212 ms 
[2026-06-02T22:15:02.913] [INFO] debug-file - Finished :entry:default@BuildNativeWithNinja... after 1 ms 
[2026-06-02T22:15:02.914] [DEBUG] debug-file - restool module names: entry; moduleName=entry, taskName=default@ProcessResource
[2026-06-02T22:15:02.915] [DEBUG] debug-file - Executing task :entry:default@ProcessResource
[2026-06-02T22:15:02.916] [DEBUG] debug-file - Task 'entry:default@ProcessResource' cost while wrapping incremental declarations: 1 ms 
[2026-06-02T22:15:02.917] [DEBUG] debug-file - Incremental task entry:default@ProcessResource pre-execution cost: 1 ms .
[2026-06-02T22:15:02.917] [DEBUG] debug-file - entry : default@ProcessResource cost memory 0.139495849609375
[2026-06-02T22:15:02.918] [INFO] debug-file - UP-TO-DATE :entry:default@ProcessResource...  
[2026-06-02T22:15:02.919] [DEBUG] debug-file - Executing task :entry:default@GenerateLoaderJson
[2026-06-02T22:15:02.920] [DEBUG] debug-file - Task 'entry:default@GenerateLoaderJson' cost while wrapping incremental declarations: 1 ms 
[2026-06-02T22:15:02.925] [DEBUG] debug-file - Incremental task entry:default@GenerateLoaderJson pre-execution cost: 4 ms .
[2026-06-02T22:15:02.925] [DEBUG] debug-file - entry : default@GenerateLoaderJson cost memory 0.7278594970703125
[2026-06-02T22:15:02.931] [INFO] debug-file - UP-TO-DATE :entry:default@GenerateLoaderJson...  
[2026-06-02T22:15:02.932] [DEBUG] debug-file - Executing task :entry:default@ProcessLibs
[2026-06-02T22:15:02.934] [DEBUG] debug-file - Incremental task entry:default@ProcessLibs pre-execution cost: 1 ms .
[2026-06-02T22:15:02.934] [DEBUG] debug-file - entry : default@ProcessLibs cost memory 0.10739898681640625
[2026-06-02T22:15:02.934] [INFO] debug-file - UP-TO-DATE :entry:default@ProcessLibs...  
[2026-06-02T22:15:02.935] [DEBUG] debug-file - restool module names: entry; moduleName=entry, taskName=default@CompileResource
[2026-06-02T22:15:02.935] [DEBUG] debug-file - Executing task :entry:default@CompileResource
[2026-06-02T22:15:02.944] [DEBUG] debug-file - Incremental task entry:default@CompileResource pre-execution cost: 8 ms .
[2026-06-02T22:15:02.944] [DEBUG] debug-file - entry : default@CompileResource cost memory 0.6248855590820312
[2026-06-02T22:15:02.945] [INFO] debug-file - UP-TO-DATE :entry:default@CompileResource...  
[2026-06-02T22:15:02.945] [DEBUG] debug-file - Executing task :entry:default@DoNativeStrip
[2026-06-02T22:15:02.945] [DEBUG] debug-file - Task 'entry:default@DoNativeStrip' cost while wrapping incremental declarations: 1 ms 
[2026-06-02T22:15:02.946] [DEBUG] debug-file - Incremental task entry:default@DoNativeStrip pre-execution cost: 1 ms .
[2026-06-02T22:15:02.946] [DEBUG] debug-file - entry : default@DoNativeStrip cost memory 0.07982635498046875
[2026-06-02T22:15:02.946] [INFO] debug-file - UP-TO-DATE :entry:default@DoNativeStrip...  
[2026-06-02T22:15:02.947] [DEBUG] debug-file - Executing task :entry:default@CompileArkTS
[2026-06-02T22:15:02.948] [DEBUG] debug-file - obfuscationOptions: undefined
[2026-06-02T22:15:02.948] [DEBUG] debug-file - Task 'entry:default@CompileArkTS' cost while wrapping incremental declarations: 1 ms 
[2026-06-02T22:15:02.953] [DEBUG] debug-file - Incremental task entry:default@CompileArkTS pre-execution cost: 4 ms .
[2026-06-02T22:15:02.953] [DEBUG] debug-file - entry : default@CompileArkTS cost memory 0.49713897705078125
[2026-06-02T22:15:02.954] [INFO] debug-file - UP-TO-DATE :entry:default@CompileArkTS...  
[2026-06-02T22:15:02.955] [DEBUG] debug-file - Executing task :entry:default@BuildJS
[2026-06-02T22:15:02.955] [DEBUG] debug-file - Task 'entry:default@BuildJS' cost while wrapping incremental declarations: 1 ms 
[2026-06-02T22:15:02.956] [DEBUG] debug-file - entry : default@BuildJS cost memory 0.15348052978515625
[2026-06-02T22:15:02.956] [DEBUG] debug-file - runTaskFromQueue task cost before running: 2 s 256 ms 
[2026-06-02T22:15:02.957] [INFO] debug-file - Finished :entry:default@BuildJS... after 2 ms 
[2026-06-02T22:15:02.957] [DEBUG] debug-file - Executing task :entry:default@CacheNativeLibs
[2026-06-02T22:15:02.957] [DEBUG] debug-file - Task 'entry:default@CacheNativeLibs' cost while wrapping incremental declarations: 1 ms 
[2026-06-02T22:15:02.958] [DEBUG] debug-file - Incremental task entry:default@CacheNativeLibs pre-execution cost: 1 ms .
[2026-06-02T22:15:02.958] [DEBUG] debug-file - entry : default@CacheNativeLibs cost memory 0.09521484375
[2026-06-02T22:15:02.958] [INFO] debug-file - UP-TO-DATE :entry:default@CacheNativeLibs...  
[2026-06-02T22:15:02.959] [DEBUG] debug-file - Executing task :entry:default@GeneratePkgModuleJson
[2026-06-02T22:15:02.959] [DEBUG] debug-file - File: 'C:\Users\27843\Downloads\RingtoneKit_Codelab_\entry\build\default\intermediates\preload\default\preload.json' from 'preloadSoJsonPath' is not exists, just ignore.
[2026-06-02T22:15:02.959] [DEBUG] debug-file - Error occurs while handling @Input 'shouldDeduplicateHar': The "data" argument must be of type string or an instance of Buffer, TypedArray, or DataView. Received undefined
[2026-06-02T22:15:02.959] [DEBUG] debug-file - Task 'entry:default@GeneratePkgModuleJson' cost while wrapping incremental declarations: 1 ms 
[2026-06-02T22:15:02.960] [DEBUG] debug-file - Incremental task entry:default@GeneratePkgModuleJson pre-execution cost: 1 ms .
[2026-06-02T22:15:02.960] [DEBUG] debug-file - entry : default@GeneratePkgModuleJson cost memory 0.10671234130859375
[2026-06-02T22:15:02.960] [INFO] debug-file - UP-TO-DATE :entry:default@GeneratePkgModuleJson...  
[2026-06-02T22:15:02.960] [DEBUG] debug-file - Executing task :entry:default@ProcessCompiledResources
[2026-06-02T22:15:02.960] [DEBUG] debug-file - File: 'C:\Users\27843\Downloads\RingtoneKit_Codelab_\entry\build\default\intermediates\preload\default\preload.json' from 'preloadSoJsonPath' is not exists, just ignore.
[2026-06-02T22:15:02.960] [DEBUG] debug-file - Task 'entry:default@ProcessCompiledResources' cost while wrapping incremental declarations: 1 ms 
[2026-06-02T22:15:02.961] [DEBUG] debug-file - entry : default@ProcessCompiledResources cost memory 0.060272216796875
[2026-06-02T22:15:02.961] [DEBUG] debug-file - runTaskFromQueue task cost before running: 2 s 260 ms 
[2026-06-02T22:15:02.961] [INFO] debug-file - Finished :entry:default@ProcessCompiledResources... after 1 ms 
[2026-06-02T22:15:02.962] [DEBUG] debug-file - Executing task :entry:default@PackageHap
[2026-06-02T22:15:02.967] [DEBUG] debug-file - Incremental task entry:default@PackageHap pre-execution cost: 4 ms .
[2026-06-02T22:15:02.967] [DEBUG] debug-file - entry : default@PackageHap cost memory 0.41674041748046875
[2026-06-02T22:15:02.968] [INFO] debug-file - UP-TO-DATE :entry:default@PackageHap...  
[2026-06-02T22:15:02.968] [DEBUG] debug-file - Executing task :entry:default@PackingCheck
[2026-06-02T22:15:02.973] [DEBUG] debug-file - entry : default@PackingCheck cost memory 0.3612518310546875
[2026-06-02T22:15:02.973] [DEBUG] debug-file - runTaskFromQueue task cost before running: 2 s 272 ms 
[2026-06-02T22:15:02.973] [INFO] debug-file - Finished :entry:default@PackingCheck... after 5 ms 
[2026-06-02T22:15:02.974] [DEBUG] debug-file - Executing task :entry:default@SignHap
[2026-06-02T22:15:02.974] [WARN] debug-file - Will skip sign 'hos_hap'. No signingConfigs profile is configured in current project.
             If needed, configure the signingConfigs in C:\Users\27843\Downloads\RingtoneKit_Codelab_\build-profile.json5.
[2026-06-02T22:15:02.975] [DEBUG] debug-file - entry:default@SignHap is not up-to-date, since the output file 'C:\Users\27843\Downloads\RingtoneKit_Codelab_\entry\build\default\outputs\default\entry-default-signed.hap' does not exist.
[2026-06-02T22:15:02.975] [DEBUG] debug-file - Incremental task entry:default@SignHap pre-execution cost: 1 ms .
[2026-06-02T22:15:02.975] [DEBUG] debug-file - entry : default@SignHap cost memory 0.09352874755859375
[2026-06-02T22:15:02.976] [DEBUG] debug-file - runTaskFromQueue task cost before running: 2 s 275 ms 
[2026-06-02T22:15:02.976] [INFO] debug-file - Finished :entry:default@SignHap... after 2 ms 
[2026-06-02T22:15:02.976] [DEBUG] debug-file - Executing task :entry:default@CollectDebugSymbol
[2026-06-02T22:15:02.977] [DEBUG] debug-file - entry : default@CollectDebugSymbol cost memory 0.09862518310546875
[2026-06-02T22:15:02.977] [DEBUG] debug-file - runTaskFromQueue task cost before running: 2 s 276 ms 
[2026-06-02T22:15:02.977] [INFO] debug-file - Finished :entry:default@CollectDebugSymbol... after 1 ms 
[2026-06-02T22:15:02.977] [DEBUG] debug-file - Executing task :entry:assembleHap
[2026-06-02T22:15:02.978] [DEBUG] debug-file - entry : assembleHap cost memory 0.0128326416015625
[2026-06-02T22:15:02.978] [DEBUG] debug-file - runTaskFromQueue task cost before running: 2 s 277 ms 
[2026-06-02T22:15:02.978] [INFO] debug-file - Finished :entry:assembleHap... after 1 ms 
[2026-06-02T22:15:02.988] [INFO] debug-file - BUILD SUCCESSFUL in 2 s 287 ms 
[2026-06-02T22:15:02.988] [DEBUG] debug-file - There is no need to refresh cache, since the incremental task entry:default@PreBuild is up-to-date.
[2026-06-02T22:15:02.988] [DEBUG] debug-file - Update task entry:default@CreateModuleInfo output file:C:\Users\27843\Downloads\RingtoneKit_Codelab_\entry\build\default\generated\profile\default\ModuleInfo.ts cache.
[2026-06-02T22:15:02.989] [DEBUG] debug-file - Incremental task entry:default@CreateModuleInfo post-execution cost:1 ms .
[2026-06-02T22:15:02.989] [DEBUG] debug-file - There is no need to refresh cache, since the incremental task entry:default@GenerateMetadata is up-to-date.
[2026-06-02T22:15:02.989] [DEBUG] debug-file - There is no need to refresh cache, since the incremental task entry:default@MergeProfile is up-to-date.
[2026-06-02T22:15:02.989] [DEBUG] debug-file - There is no need to refresh cache, since the incremental task entry:default@CreateBuildProfile is up-to-date.
[2026-06-02T22:15:02.989] [DEBUG] debug-file - Update task entry:default@GeneratePkgContextInfo output file:C:\Users\27843\Downloads\RingtoneKit_Codelab_\entry\build\default\intermediates\loader\default\pkgContextInfo.json cache.
[2026-06-02T22:15:02.989] [DEBUG] debug-file - Incremental task entry:default@GeneratePkgContextInfo post-execution cost:1 ms .
[2026-06-02T22:15:02.989] [DEBUG] debug-file - Update task entry:default@ProcessIntegratedHsp output file:C:\Users\27843\Downloads\RingtoneKit_Codelab_\build\cache\default\integrated_hsp\integratedHspCache.json cache.
[2026-06-02T22:15:02.989] [DEBUG] debug-file - Incremental task entry:default@ProcessIntegratedHsp post-execution cost:1 ms .
[2026-06-02T22:15:02.989] [DEBUG] debug-file - There is no need to refresh cache, since the incremental task entry:default@MakePackInfo is up-to-date.
[2026-06-02T22:15:02.989] [DEBUG] debug-file - Update task entry:default@SyscapTransform input file:C:\Program Files\Huawei\DevEco Studio\sdk\default\openharmony\toolchains\syscap_tool.exe cache by regenerate.
[2026-06-02T22:15:02.989] [DEBUG] debug-file - Update task entry:default@SyscapTransform input file:C:\Program Files\Huawei\DevEco Studio\sdk\default\openharmony\ets\api\device-define cache by regenerate.
[2026-06-02T22:15:02.990] [DEBUG] debug-file - Update task entry:default@SyscapTransform output file:C:\Users\27843\Downloads\RingtoneKit_Codelab_\entry\build\default\intermediates\syscap\default\rpcid.sc cache.
[2026-06-02T22:15:02.990] [DEBUG] debug-file - Incremental task entry:default@SyscapTransform post-execution cost:1 ms .
[2026-06-02T22:15:02.990] [DEBUG] debug-file - There is no need to refresh cache, since the incremental task entry:default@ProcessProfile is up-to-date.
[2026-06-02T22:15:02.990] [DEBUG] debug-file - There is no need to refresh cache, since the incremental task entry:default@ProcessRouterMap is up-to-date.
[2026-06-02T22:15:02.990] [DEBUG] debug-file - There is no need to refresh cache, since the incremental task entry:default@ProcessShareConfig is up-to-date.
[2026-06-02T22:15:02.990] [DEBUG] debug-file - Update task entry:default@ProcessStartupConfig output file:C:\Users\27843\Downloads\RingtoneKit_Codelab_\entry\build\default\intermediates\startup\default\startup_config.json cache.
[2026-06-02T22:15:02.990] [DEBUG] debug-file - Incremental task entry:default@ProcessStartupConfig post-execution cost:1 ms .
[2026-06-02T22:15:02.990] [DEBUG] debug-file - There is no need to refresh cache, since the incremental task entry:default@ProcessResource is up-to-date.
[2026-06-02T22:15:02.990] [DEBUG] debug-file - There is no need to refresh cache, since the incremental task entry:default@GenerateLoaderJson is up-to-date.
[2026-06-02T22:15:02.991] [DEBUG] debug-file - There is no need to refresh cache, since the incremental task entry:default@ProcessLibs is up-to-date.
[2026-06-02T22:15:02.991] [DEBUG] debug-file - There is no need to refresh cache, since the incremental task entry:default@CompileResource is up-to-date.
[2026-06-02T22:15:02.991] [DEBUG] debug-file - There is no need to refresh cache, since the incremental task entry:default@DoNativeStrip is up-to-date.
[2026-06-02T22:15:02.991] [DEBUG] debug-file - There is no need to refresh cache, since the incremental task entry:default@CompileArkTS is up-to-date.
[2026-06-02T22:15:02.991] [DEBUG] debug-file - Update task entry:default@BuildJS input file:C:\Users\27843\Downloads\RingtoneKit_Codelab_\entry\build\default\intermediates\loader\default cache by regenerate.
[2026-06-02T22:15:02.992] [DEBUG] debug-file - Update task entry:default@BuildJS input file:C:\Users\27843\Downloads\RingtoneKit_Codelab_\entry\build\default\intermediates\res\default\ResourceTable.txt cache by regenerate.
[2026-06-02T22:15:02.992] [DEBUG] debug-file - Update task entry:default@BuildJS input file:C:\Users\27843\Downloads\RingtoneKit_Codelab_\entry\build\default\intermediates\res\default\ark_module.json cache by regenerate.
[2026-06-02T22:15:02.992] [DEBUG] debug-file - Update task entry:default@BuildJS input file:C:\Users\27843\Downloads\RingtoneKit_Codelab_\entry\build\default\intermediates\res\default\resources\base\profile cache by regenerate.
[2026-06-02T22:15:02.992] [DEBUG] debug-file - Update task entry:default@BuildJS output file:C:\Users\27843\Downloads\RingtoneKit_Codelab_\entry\build\default\intermediates\loader_out\default\js cache.
[2026-06-02T22:15:02.993] [DEBUG] debug-file - Incremental task entry:default@BuildJS post-execution cost:2 ms .
[2026-06-02T22:15:02.993] [DEBUG] debug-file - There is no need to refresh cache, since the incremental task entry:default@CacheNativeLibs is up-to-date.
[2026-06-02T22:15:02.993] [DEBUG] debug-file - There is no need to refresh cache, since the incremental task entry:default@GeneratePkgModuleJson is up-to-date.
[2026-06-02T22:15:02.993] [DEBUG] debug-file - Incremental task entry:default@ProcessCompiledResources post-execution cost:1 ms .
[2026-06-02T22:15:02.993] [DEBUG] debug-file - There is no need to refresh cache, since the incremental task entry:default@PackageHap is up-to-date.
[2026-06-02T22:15:02.993] [DEBUG] debug-file - Update task entry:default@SignHap input file:C:\Users\27843\Downloads\RingtoneKit_Codelab_\entry\build\default\outputs\default\entry-default-unsigned.hap cache by regenerate.
[2026-06-02T22:15:02.993] [DEBUG] debug-file - Update task entry:default@SignHap output file:C:\Users\27843\Downloads\RingtoneKit_Codelab_\entry\build\default\outputs\default\entry-default-signed.hap cache.
[2026-06-02T22:15:02.993] [DEBUG] debug-file - Incremental task entry:default@SignHap post-execution cost:1 ms .
[2026-06-02T22:15:02.993] [DEBUG] debug-file - Update task entry:default@CollectDebugSymbol input file:C:\Users\27843\Downloads\RingtoneKit_Codelab_\entry\build\default\intermediates\loader_out\default\ets\sourceMaps.map cache by regenerate.
[2026-06-02T22:15:02.994] [DEBUG] debug-file - Update task entry:default@CollectDebugSymbol input file:C:\Users\27843\Downloads\RingtoneKit_Codelab_\entry\build\default\intermediates\libs\default cache by regenerate.
[2026-06-02T22:15:02.994] [DEBUG] debug-file - Update task entry:default@CollectDebugSymbol output file:C:\Users\27843\Downloads\RingtoneKit_Codelab_\entry\build\default\outputs\default\symbol cache.
[2026-06-02T22:15:02.994] [DEBUG] debug-file - Incremental task entry:default@CollectDebugSymbol post-execution cost:1 ms .
[2026-06-02T22:15:03.016] [DEBUG] debug-file - session manager: send message to worker process.
[2026-06-02T22:15:03.017] [DEBUG] debug-file - session manager: send message to worker process.
[2026-06-02T22:15:03.107] [DEBUG] debug-file - Cleanup worker 0.
[2026-06-02T22:15:03.107] [DEBUG] debug-file - Worker 0 has been cleaned up.
[2026-06-02T22:15:03.108] [DEBUG] debug-file - Current idle worker size: 1.
[2026-06-02T22:15:03.108] [DEBUG] debug-file - Current resident worker size: 2.
[2026-06-02T22:15:03.108] [DEBUG] debug-file - Cleanup worker 1.
[2026-06-02T22:15:03.108] [DEBUG] debug-file - Worker 1 has been cleaned up.
[2026-06-02T22:15:03.108] [DEBUG] debug-file - Current idle worker size: 0.
[2026-06-02T22:15:03.108] [DEBUG] debug-file - Current resident worker size: 2.
[2026-06-02T22:15:03.108] [DEBUG] debug-file - hvigor build process will be closed.
[2026-06-02T22:15:03.114] [DEBUG] debug-file - worker[0] exits with exit code 1.
[2026-06-02T22:15:03.114] [DEBUG] debug-file - worker[1] exits with exit code 1.
[2026-06-02T22:15:03.117] [DEBUG] debug-file - watch worker: worker id should be larger than 0. Nothing will be sent to any worker thread.
[2026-06-02T22:15:03.118] [DEBUG] debug-file - watch worker: worker id should be larger than 0. Nothing will be sent to any worker thread.
[2026-06-02T22:19:20.808] [DEBUG] debug-file - session manager: set active socket. socketId=RlYrZkkop5Uhlx_oAAAD
[2026-06-02T22:19:20.810] [DEBUG] debug-file - watch worker: worker id should be larger than 0. Nothing will be sent to any worker thread.
[2026-06-02T22:19:20.812] [DEBUG] debug-file - Workers' log level updated to INFO
[2026-06-02T22:19:20.814] [DEBUG] debug-file - Hvigor init with startParameters:{
  hvigorfileTypeCheck: false,
  parallelExecution: true,
  incrementalExecution: true,
  printStackTrace: false,
  daemon: true,
  analyze: 0,
  logLevel: Level { level: 20000, levelStr: 'INFO', colour: 'green' },
  optimizationStrategy: 'memory',
  hotCompile: undefined,
  hotReloadBuild: undefined,
  customizedParam: undefined
}
[2026-06-02T22:19:20.817] [DEBUG] debug-file - Cache service initialization finished in 3 ms 
[2026-06-02T22:19:20.818] [DEBUG] debug-file - hvigorfile, resolving C:\Users\27843\Downloads\RingtoneKit_Codelab_\hvigorfile.ts
[2026-06-02T22:19:20.823] [DEBUG] debug-file - hvigorfile, require result:  { default: { plugins: [] } }
[2026-06-02T22:19:20.823] [DEBUG] debug-file - hvigorfile, binding system plugins null
[2026-06-02T22:19:20.824] [DEBUG] debug-file - Starting plugin build process
[2026-06-02T22:19:20.824] [DEBUG] debug-file - App plugin prepare start...
[2026-06-02T22:19:20.824] [DEBUG] debug-file - App plugin prepare end...
[2026-06-02T22:19:20.824] [DEBUG] debug-file - App plugin creating...
[2026-06-02T22:19:20.827] [DEBUG] debug-file - App plugin register hook start...
[2026-06-02T22:19:20.827] [DEBUG] debug-file - App plugin register hook end...
[2026-06-02T22:19:20.827] [DEBUG] debug-file - Plugin build process completed
[2026-06-02T22:19:20.827] [DEBUG] debug-file - Start initialize project's product build option map with build mode debug.
[2026-06-02T22:19:20.827] [DEBUG] debug-file - Picking option from product 'default' with build mode 'debug'.
[2026-06-02T22:19:20.827] [DEBUG] debug-file - Product 'default' build option initialized
[2026-06-02T22:19:20.827] [DEBUG] debug-file - End initialize project's product build option map with build mode 'debug'.
[2026-06-02T22:19:20.828] [DEBUG] debug-file - Obtain build option for product 'default'in this build.
[2026-06-02T22:19:20.828] [DEBUG] debug-file - No signingConfig found, initRemoteHspCache failed.
[2026-06-02T22:19:20.830] [DEBUG] debug-file - Start recording SDK configuration permission data.
[2026-06-02T22:19:20.852] [DEBUG] debug-file - Sdk init in 24 ms 
[2026-06-02T22:19:20.854] [DEBUG] debug-file - Project task initialization takes 2 ms 
[2026-06-02T22:19:20.854] [DEBUG] debug-file - hvigorfile, binding custom plugins []
[2026-06-02T22:19:20.854] [DEBUG] debug-file - hvigorfile, no custom plugins were found in C:\Users\27843\Downloads\RingtoneKit_Codelab_\hvigorfile.ts
[2026-06-02T22:19:20.854] [DEBUG] debug-file - hvigorfile, resolve finished C:\Users\27843\Downloads\RingtoneKit_Codelab_\hvigorfile.ts
[2026-06-02T22:19:20.855] [DEBUG] debug-file - hvigorfile, resolving C:\Users\27843\Downloads\RingtoneKit_Codelab_\entry\hvigorfile.ts
[2026-06-02T22:19:20.859] [DEBUG] debug-file - hvigorfile, require result:  { default: { plugins: [] } }
[2026-06-02T22:19:20.859] [DEBUG] debug-file - hvigorfile, binding system plugins null
[2026-06-02T22:19:20.859] [DEBUG] debug-file - Starting plugin build process
[2026-06-02T22:19:20.859] [DEBUG] debug-file - Hap plugin creating...
[2026-06-02T22:19:20.859] [DEBUG] debug-file - failed to load cangjie to dynamically generate schemas: Error: Cannot find module '@ohos/cangjie-build-support/index'
Require stack:
- C:\Program Files\Huawei\DevEco Studio\tools\hvigor\hvigor-ohos-plugin\src\plugin\hooks\cangjie-register.js
- C:\Program Files\Huawei\DevEco Studio\tools\hvigor\hvigor-ohos-plugin\src\plugin\strategy\stage-init-strategy.js
- C:\Program Files\Huawei\DevEco Studio\tools\hvigor\hvigor-ohos-plugin\src\plugin\builder\abstract-plugin-builder.js
- C:\Program Files\Huawei\DevEco Studio\tools\hvigor\hvigor-ohos-plugin\src\plugin\builder\app-plugin-builder.js
- C:\Program Files\Huawei\DevEco Studio\tools\hvigor\hvigor-ohos-plugin\src\plugin\factory\plugin-factory.js
- C:\Program Files\Huawei\DevEco Studio\tools\hvigor\hvigor-ohos-plugin\index.js
- C:\Users\27843\Downloads\RingtoneKit_Codelab_\hvigorfile.ts
- C:\Program Files\Huawei\DevEco Studio\tools\hvigor\hvigor\src\base\internal\lifecycle\configuration.js
- C:\Program Files\Huawei\DevEco Studio\tools\hvigor\hvigor\src\base\boot\index.js
- C:\Program Files\Huawei\DevEco Studio\tools\hvigor\hvigor\src\base\daemon\cluster\worker-process-lifecycle.js
- C:\Program Files\Huawei\DevEco Studio\tools\hvigor\hvigor\src\base\daemon\process\daemon-process-boot-script.js
[2026-06-02T22:19:20.861] [DEBUG] debug-file - Start initialize module-target build option map, moduleName=entry, buildMode=debug
[2026-06-02T22:19:20.861] [DEBUG] debug-file - Target 'default' config initialized
[2026-06-02T22:19:20.861] [DEBUG] debug-file - Module 'entry' target 'default' build option initialized
[2026-06-02T22:19:20.861] [DEBUG] debug-file - End initialize module-target build option map, moduleName=entry
[2026-06-02T22:19:20.861] [DEBUG] debug-file - Start initialize module-target build option map, moduleName=entry, buildMode=release
[2026-06-02T22:19:20.861] [DEBUG] debug-file - Target 'default' config initialized
[2026-06-02T22:19:20.862] [DEBUG] debug-file - Module 'entry' target 'default' build option initialized
[2026-06-02T22:19:20.862] [DEBUG] debug-file - End initialize module-target build option map, moduleName=entry
[2026-06-02T22:19:20.862] [DEBUG] debug-file - Start initialize module-target build option map, moduleName=entry, buildMode=debug
[2026-06-02T22:19:20.862] [DEBUG] debug-file - Target 'default' config initialized
[2026-06-02T22:19:20.862] [DEBUG] debug-file - Module 'entry' target 'default' build option initialized
[2026-06-02T22:19:20.862] [DEBUG] debug-file - End initialize module-target build option map, moduleName=entry
[2026-06-02T22:19:20.862] [DEBUG] debug-file - Obtain build option for module 'entry' target 'default'in this build.
[2026-06-02T22:19:20.863] [DEBUG] debug-file - Module entry task initialization takes 1 ms 
[2026-06-02T22:19:20.863] [DEBUG] debug-file - Hap plugin register hook start...
[2026-06-02T22:19:20.863] [DEBUG] debug-file - Hap plugin register hook end...
[2026-06-02T22:19:20.863] [DEBUG] debug-file - Plugin build process completed
[2026-06-02T22:19:20.863] [DEBUG] debug-file - hvigorfile, binding custom plugins []
[2026-06-02T22:19:20.863] [DEBUG] debug-file - hvigorfile, no custom plugins were found in C:\Users\27843\Downloads\RingtoneKit_Codelab_\entry\hvigorfile.ts
[2026-06-02T22:19:20.863] [DEBUG] debug-file - hvigorfile, resolve finished C:\Users\27843\Downloads\RingtoneKit_Codelab_\entry\hvigorfile.ts
[2026-06-02T22:19:20.910] [DEBUG] debug-file - hvigorfile, resolve hvigorfile dependencies in 47 ms 
[2026-06-02T22:19:20.910] [DEBUG] debug-file - project has submodules:entry
[2026-06-02T22:19:20.911] [DEBUG] debug-file - start to load updatedOhPackageInfo to the disk
[2026-06-02T22:19:20.913] [DEBUG] debug-file - load to the disk finished
[2026-06-02T22:19:20.914] [DEBUG] debug-file - Start to initialize dependency information.
[2026-06-02T22:19:20.914] [DEBUG] debug-file - Module RingtoneKit_Codelab_ Collected Dependency: 
[2026-06-02T22:19:20.914] [DEBUG] debug-file - Module RingtoneKit_Codelab_'s total dependency: 0
[2026-06-02T22:19:20.915] [DEBUG] debug-file - Start to initialize dependency information.
[2026-06-02T22:19:20.916] [DEBUG] debug-file - Module entry Collected Dependency: 
[2026-06-02T22:19:20.916] [DEBUG] debug-file - Module entry's total dependency: 0
[2026-06-02T22:19:20.917] [DEBUG] debug-file - Configuration phase cost:100 ms 
[2026-06-02T22:19:20.917] [DEBUG] debug-file - Configuration task cost before running: 105 ms 
[2026-06-02T22:19:20.919] [DEBUG] debug-file - Executing task :entry:default@PreBuild
[2026-06-02T22:19:20.920] [WARN] debug-file - The project has not explicitly set the 'targetSdkVersion' version at build-profile.json5. It is recommended to configure it. Reference: https://developer.huawei.com/consumer/cn/doc/harmonyos-guides/ide-hvigor-build-profile-app#section45865492619
[2026-06-02T22:19:20.920] [DEBUG] debug-file - Task 'entry:default@PreBuild' cost while wrapping incremental declarations: 1 ms 
[2026-06-02T22:19:20.923] [DEBUG] debug-file - Incremental task entry:default@PreBuild pre-execution cost: 3 ms .
[2026-06-02T22:19:20.923] [DEBUG] debug-file - entry : default@PreBuild cost memory 0.33428192138671875
[2026-06-02T22:19:20.924] [INFO] debug-file - UP-TO-DATE :entry:default@PreBuild...  
[2026-06-02T22:19:20.924] [DEBUG] debug-file - Executing task :entry:default@CreateModuleInfo
[2026-06-02T22:19:20.924] [DEBUG] debug-file - Task 'entry:default@CreateModuleInfo' cost while wrapping incremental declarations: 1 ms 
[2026-06-02T22:19:20.925] [DEBUG] debug-file - entry : default@CreateModuleInfo cost memory 0.04212188720703125
[2026-06-02T22:19:20.925] [DEBUG] debug-file - runTaskFromQueue task cost before running: 112 ms 
[2026-06-02T22:19:20.925] [INFO] debug-file - Finished :entry:default@CreateModuleInfo... after 1 ms 
[2026-06-02T22:19:20.925] [DEBUG] debug-file - Executing task :entry:default@GenerateMetadata
[2026-06-02T22:19:20.925] [DEBUG] debug-file - Task 'entry:default@GenerateMetadata' cost while wrapping incremental declarations: 1 ms 
[2026-06-02T22:19:20.926] [DEBUG] debug-file - Incremental task entry:default@GenerateMetadata pre-execution cost: 1 ms .
[2026-06-02T22:19:20.926] [DEBUG] debug-file - entry : default@GenerateMetadata cost memory 0.08365631103515625
[2026-06-02T22:19:20.926] [INFO] debug-file - UP-TO-DATE :entry:default@GenerateMetadata...  
[2026-06-02T22:19:20.926] [DEBUG] debug-file - Executing task :entry:default@ConfigureCmake
[2026-06-02T22:19:20.927] [DEBUG] debug-file - entry : default@ConfigureCmake cost memory 0.0151214599609375
[2026-06-02T22:19:20.927] [DEBUG] debug-file - runTaskFromQueue task cost before running: 114 ms 
[2026-06-02T22:19:20.927] [INFO] debug-file - Finished :entry:default@ConfigureCmake... after 1 ms 
[2026-06-02T22:19:20.927] [DEBUG] debug-file - Executing task :entry:default@MergeProfile
[2026-06-02T22:19:20.927] [DEBUG] debug-file - Task 'entry:default@MergeProfile' cost while wrapping incremental declarations: 1 ms 
[2026-06-02T22:19:20.928] [DEBUG] debug-file - Incremental task entry:default@MergeProfile pre-execution cost: 1 ms .
[2026-06-02T22:19:20.928] [DEBUG] debug-file - entry : default@MergeProfile cost memory 0.11862945556640625
[2026-06-02T22:19:20.928] [INFO] debug-file - UP-TO-DATE :entry:default@MergeProfile...  
[2026-06-02T22:19:20.929] [DEBUG] debug-file - Executing task :entry:default@CreateBuildProfile
[2026-06-02T22:19:20.929] [DEBUG] debug-file - Task 'entry:default@CreateBuildProfile' cost while wrapping incremental declarations: 1 ms 
[2026-06-02T22:19:20.930] [DEBUG] debug-file - Incremental task entry:default@CreateBuildProfile pre-execution cost: 1 ms .
[2026-06-02T22:19:20.930] [DEBUG] debug-file - entry : default@CreateBuildProfile cost memory 0.0909271240234375
[2026-06-02T22:19:20.930] [INFO] debug-file - UP-TO-DATE :entry:default@CreateBuildProfile...  
[2026-06-02T22:19:20.930] [DEBUG] debug-file - Executing task :entry:default@PreCheckSyscap
[2026-06-02T22:19:20.930] [DEBUG] debug-file - entry : default@PreCheckSyscap cost memory 0.01535797119140625
[2026-06-02T22:19:20.930] [DEBUG] debug-file - runTaskFromQueue task cost before running: 118 ms 
[2026-06-02T22:19:20.930] [INFO] debug-file - Finished :entry:default@PreCheckSyscap... after 1 ms 
[2026-06-02T22:19:20.931] [DEBUG] debug-file - Executing task :entry:default@GeneratePkgContextInfo
[2026-06-02T22:19:20.933] [DEBUG] debug-file - Task 'entry:default@GeneratePkgContextInfo' cost while wrapping incremental declarations: 1 ms 
[2026-06-02T22:19:20.933] [DEBUG] debug-file - entry : default@GeneratePkgContextInfo cost memory 0.23171234130859375
[2026-06-02T22:19:20.933] [DEBUG] debug-file - runTaskFromQueue task cost before running: 121 ms 
[2026-06-02T22:19:20.934] [INFO] debug-file - Finished :entry:default@GeneratePkgContextInfo... after 3 ms 
[2026-06-02T22:19:20.935] [DEBUG] debug-file - Executing task :entry:default@ProcessIntegratedHsp
[2026-06-02T22:19:20.935] [DEBUG] debug-file - entry:default@ProcessIntegratedHsp is not up-to-date, since the output file 'C:\Users\27843\Downloads\RingtoneKit_Codelab_\build\cache\default\integrated_hsp\integratedHspCache.json' does not exist.
[2026-06-02T22:19:20.935] [DEBUG] debug-file - Incremental task entry:default@ProcessIntegratedHsp pre-execution cost: 1 ms .
[2026-06-02T22:19:20.935] [DEBUG] debug-file - entry : default@ProcessIntegratedHsp cost memory 0.06305694580078125
[2026-06-02T22:19:20.935] [DEBUG] debug-file - runTaskFromQueue task cost before running: 123 ms 
[2026-06-02T22:19:20.935] [INFO] debug-file - Finished :entry:default@ProcessIntegratedHsp... after 1 ms 
[2026-06-02T22:19:20.936] [DEBUG] debug-file - Executing task :entry:default@BuildNativeWithCmake
[2026-06-02T22:19:20.936] [DEBUG] debug-file - entry : default@BuildNativeWithCmake cost memory 0.0144805908203125
[2026-06-02T22:19:20.936] [DEBUG] debug-file - runTaskFromQueue task cost before running: 124 ms 
[2026-06-02T22:19:20.936] [INFO] debug-file - Finished :entry:default@BuildNativeWithCmake... after 1 ms 
[2026-06-02T22:19:20.937] [DEBUG] debug-file - Executing task :entry:default@MakePackInfo
[2026-06-02T22:19:20.937] [DEBUG] debug-file - Incremental task entry:default@MakePackInfo pre-execution cost: 1 ms .
[2026-06-02T22:19:20.937] [DEBUG] debug-file - entry : default@MakePackInfo cost memory 0.10047149658203125
[2026-06-02T22:19:20.938] [INFO] debug-file - UP-TO-DATE :entry:default@MakePackInfo...  
[2026-06-02T22:19:20.938] [DEBUG] debug-file - Executing task :entry:default@SyscapTransform
[2026-06-02T22:19:20.938] [DEBUG] debug-file - File: 'C:\Users\27843\Downloads\RingtoneKit_Codelab_\entry\src\main\syscap.json' from 'sysCapJsonPath' is not exists, just ignore.
[2026-06-02T22:19:20.938] [DEBUG] debug-file - Task 'entry:default@SyscapTransform' cost while wrapping incremental declarations: 1 ms 
[2026-06-02T22:19:20.939] [DEBUG] debug-file - entry:default@SyscapTransform is not up-to-date, since the output file 'C:\Users\27843\Downloads\RingtoneKit_Codelab_\entry\build\default\intermediates\syscap\default\rpcid.sc' does not exist.
[2026-06-02T22:19:20.939] [DEBUG] debug-file - Incremental task entry:default@SyscapTransform pre-execution cost: 1 ms .
[2026-06-02T22:19:20.939] [DEBUG] debug-file - entry : default@SyscapTransform cost memory 0.144500732421875
[2026-06-02T22:19:20.939] [DEBUG] debug-file - runTaskFromQueue task cost before running: 127 ms 
[2026-06-02T22:19:20.939] [INFO] debug-file - Finished :entry:default@SyscapTransform... after 2 ms 
[2026-06-02T22:19:20.940] [DEBUG] debug-file - Executing task :entry:default@ProcessProfile
[2026-06-02T22:19:20.940] [DEBUG] debug-file - Task 'entry:default@ProcessProfile' cost while wrapping incremental declarations: 1 ms 
[2026-06-02T22:19:20.941] [DEBUG] debug-file - Incremental task entry:default@ProcessProfile pre-execution cost: 1 ms .
[2026-06-02T22:19:20.941] [DEBUG] debug-file - entry : default@ProcessProfile cost memory 0.12378692626953125
[2026-06-02T22:19:20.941] [INFO] debug-file - UP-TO-DATE :entry:default@ProcessProfile...  
[2026-06-02T22:19:20.942] [DEBUG] debug-file - Executing task :entry:default@ProcessRouterMap
[2026-06-02T22:19:20.943] [DEBUG] debug-file - Incremental task entry:default@ProcessRouterMap pre-execution cost: 1 ms .
[2026-06-02T22:19:20.943] [DEBUG] debug-file - entry : default@ProcessRouterMap cost memory 0.1317596435546875
[2026-06-02T22:19:20.943] [INFO] debug-file - UP-TO-DATE :entry:default@ProcessRouterMap...  
[2026-06-02T22:19:20.944] [DEBUG] debug-file - Executing task :entry:default@ProcessShareConfig
[2026-06-02T22:19:20.945] [DEBUG] debug-file - Incremental task entry:default@ProcessShareConfig pre-execution cost: 1 ms .
[2026-06-02T22:19:20.945] [DEBUG] debug-file - entry : default@ProcessShareConfig cost memory 0.10858917236328125
[2026-06-02T22:19:20.945] [INFO] debug-file - UP-TO-DATE :entry:default@ProcessShareConfig...  
[2026-06-02T22:19:20.946] [DEBUG] debug-file - Executing task :entry:default@ProcessStartupConfig
[2026-06-02T22:19:20.946] [DEBUG] debug-file - Task 'entry:default@ProcessStartupConfig' cost while wrapping incremental declarations: 1 ms 
[2026-06-02T22:19:20.946] [DEBUG] debug-file - entry:default@ProcessStartupConfig is not up-to-date, since the output file 'C:\Users\27843\Downloads\RingtoneKit_Codelab_\entry\build\default\intermediates\startup\default\startup_config.json' does not exist.
[2026-06-02T22:19:20.946] [DEBUG] debug-file - Incremental task entry:default@ProcessStartupConfig pre-execution cost: 1 ms .
[2026-06-02T22:19:20.946] [DEBUG] debug-file - entry : default@ProcessStartupConfig cost memory 0.09783172607421875
[2026-06-02T22:19:20.946] [DEBUG] debug-file - runTaskFromQueue task cost before running: 134 ms 
[2026-06-02T22:19:20.947] [INFO] debug-file - Finished :entry:default@ProcessStartupConfig... after 1 ms 
[2026-06-02T22:19:20.947] [DEBUG] debug-file - Executing task :entry:default@BuildNativeWithNinja
[2026-06-02T22:19:20.947] [DEBUG] debug-file - entry : default@BuildNativeWithNinja cost memory 0.02159881591796875
[2026-06-02T22:19:20.947] [DEBUG] debug-file - runTaskFromQueue task cost before running: 135 ms 
[2026-06-02T22:19:20.948] [INFO] debug-file - Finished :entry:default@BuildNativeWithNinja... after 1 ms 
[2026-06-02T22:19:20.950] [DEBUG] debug-file - restool module names: entry; moduleName=entry, taskName=default@ProcessResource
[2026-06-02T22:19:20.951] [DEBUG] debug-file - Executing task :entry:default@ProcessResource
[2026-06-02T22:19:20.951] [DEBUG] debug-file - Task 'entry:default@ProcessResource' cost while wrapping incremental declarations: 1 ms 
[2026-06-02T22:19:20.952] [DEBUG] debug-file - Incremental task entry:default@ProcessResource pre-execution cost: 1 ms .
[2026-06-02T22:19:20.952] [DEBUG] debug-file - entry : default@ProcessResource cost memory 0.13503265380859375
[2026-06-02T22:19:20.953] [INFO] debug-file - UP-TO-DATE :entry:default@ProcessResource...  
[2026-06-02T22:19:20.954] [DEBUG] debug-file - Executing task :entry:default@GenerateLoaderJson
[2026-06-02T22:19:20.954] [DEBUG] debug-file - Task 'entry:default@GenerateLoaderJson' cost while wrapping incremental declarations: 1 ms 
[2026-06-02T22:19:20.959] [DEBUG] debug-file - Incremental task entry:default@GenerateLoaderJson pre-execution cost: 3 ms .
[2026-06-02T22:19:20.959] [DEBUG] debug-file - entry : default@GenerateLoaderJson cost memory 0.48561859130859375
[2026-06-02T22:19:20.961] [INFO] debug-file - UP-TO-DATE :entry:default@GenerateLoaderJson...  
[2026-06-02T22:19:20.962] [DEBUG] debug-file - Executing task :entry:default@ProcessLibs
[2026-06-02T22:19:20.963] [DEBUG] debug-file - Incremental task entry:default@ProcessLibs pre-execution cost: 1 ms .
[2026-06-02T22:19:20.963] [DEBUG] debug-file - entry : default@ProcessLibs cost memory 0.10263824462890625
[2026-06-02T22:19:20.963] [INFO] debug-file - UP-TO-DATE :entry:default@ProcessLibs...  
[2026-06-02T22:19:20.964] [DEBUG] debug-file - restool module names: entry; moduleName=entry, taskName=default@CompileResource
[2026-06-02T22:19:20.964] [DEBUG] debug-file - Executing task :entry:default@CompileResource
[2026-06-02T22:19:20.976] [DEBUG] debug-file - Incremental task entry:default@CompileResource pre-execution cost: 12 ms .
[2026-06-02T22:19:20.976] [DEBUG] debug-file - entry : default@CompileResource cost memory -9.197311401367188
[2026-06-02T22:19:20.977] [INFO] debug-file - UP-TO-DATE :entry:default@CompileResource...  
[2026-06-02T22:19:20.978] [DEBUG] debug-file - Executing task :entry:default@DoNativeStrip
[2026-06-02T22:19:20.978] [DEBUG] debug-file - Task 'entry:default@DoNativeStrip' cost while wrapping incremental declarations: 1 ms 
[2026-06-02T22:19:20.979] [DEBUG] debug-file - Incremental task entry:default@DoNativeStrip pre-execution cost: 1 ms .
[2026-06-02T22:19:20.979] [DEBUG] debug-file - entry : default@DoNativeStrip cost memory 0.076751708984375
[2026-06-02T22:19:20.979] [INFO] debug-file - UP-TO-DATE :entry:default@DoNativeStrip...  
[2026-06-02T22:19:20.980] [DEBUG] debug-file - Executing task :entry:default@CompileArkTS
[2026-06-02T22:19:20.980] [DEBUG] debug-file - obfuscationOptions: undefined
[2026-06-02T22:19:20.981] [DEBUG] debug-file - Task 'entry:default@CompileArkTS' cost while wrapping incremental declarations: 1 ms 
[2026-06-02T22:19:20.985] [DEBUG] debug-file - Incremental task entry:default@CompileArkTS pre-execution cost: 3 ms .
[2026-06-02T22:19:20.985] [DEBUG] debug-file - entry : default@CompileArkTS cost memory 0.6184844970703125
[2026-06-02T22:19:20.986] [INFO] debug-file - UP-TO-DATE :entry:default@CompileArkTS...  
[2026-06-02T22:19:20.986] [DEBUG] debug-file - Executing task :entry:default@BuildJS
[2026-06-02T22:19:20.986] [DEBUG] debug-file - Task 'entry:default@BuildJS' cost while wrapping incremental declarations: 1 ms 
[2026-06-02T22:19:20.988] [DEBUG] debug-file - entry : default@BuildJS cost memory 0.1540374755859375
[2026-06-02T22:19:20.988] [DEBUG] debug-file - runTaskFromQueue task cost before running: 176 ms 
[2026-06-02T22:19:20.988] [INFO] debug-file - Finished :entry:default@BuildJS... after 2 ms 
[2026-06-02T22:19:20.988] [DEBUG] debug-file - Executing task :entry:default@CacheNativeLibs
[2026-06-02T22:19:20.988] [DEBUG] debug-file - Task 'entry:default@CacheNativeLibs' cost while wrapping incremental declarations: 1 ms 
[2026-06-02T22:19:20.989] [DEBUG] debug-file - Incremental task entry:default@CacheNativeLibs pre-execution cost: 1 ms .
[2026-06-02T22:19:20.989] [DEBUG] debug-file - entry : default@CacheNativeLibs cost memory 0.09015655517578125
[2026-06-02T22:19:20.989] [INFO] debug-file - UP-TO-DATE :entry:default@CacheNativeLibs...  
[2026-06-02T22:19:20.990] [DEBUG] debug-file - Executing task :entry:default@GeneratePkgModuleJson
[2026-06-02T22:19:20.990] [DEBUG] debug-file - File: 'C:\Users\27843\Downloads\RingtoneKit_Codelab_\entry\build\default\intermediates\preload\default\preload.json' from 'preloadSoJsonPath' is not exists, just ignore.
[2026-06-02T22:19:20.990] [DEBUG] debug-file - Error occurs while handling @Input 'shouldDeduplicateHar': The "data" argument must be of type string or an instance of Buffer, TypedArray, or DataView. Received undefined
[2026-06-02T22:19:20.990] [DEBUG] debug-file - Task 'entry:default@GeneratePkgModuleJson' cost while wrapping incremental declarations: 1 ms 
[2026-06-02T22:19:20.991] [DEBUG] debug-file - Incremental task entry:default@GeneratePkgModuleJson pre-execution cost: 1 ms .
[2026-06-02T22:19:20.991] [DEBUG] debug-file - entry : default@GeneratePkgModuleJson cost memory 0.1035308837890625
[2026-06-02T22:19:20.991] [INFO] debug-file - UP-TO-DATE :entry:default@GeneratePkgModuleJson...  
[2026-06-02T22:19:20.991] [DEBUG] debug-file - Executing task :entry:default@ProcessCompiledResources
[2026-06-02T22:19:20.991] [DEBUG] debug-file - File: 'C:\Users\27843\Downloads\RingtoneKit_Codelab_\entry\build\default\intermediates\preload\default\preload.json' from 'preloadSoJsonPath' is not exists, just ignore.
[2026-06-02T22:19:20.991] [DEBUG] debug-file - Task 'entry:default@ProcessCompiledResources' cost while wrapping incremental declarations: 1 ms 
[2026-06-02T22:19:20.992] [DEBUG] debug-file - entry : default@ProcessCompiledResources cost memory 0.06005859375
[2026-06-02T22:19:20.992] [DEBUG] debug-file - runTaskFromQueue task cost before running: 180 ms 
[2026-06-02T22:19:20.992] [INFO] debug-file - Finished :entry:default@ProcessCompiledResources... after 1 ms 
[2026-06-02T22:19:20.993] [DEBUG] debug-file - Executing task :entry:default@PackageHap
[2026-06-02T22:19:20.996] [DEBUG] debug-file - Incremental task entry:default@PackageHap pre-execution cost: 3 ms .
[2026-06-02T22:19:20.996] [DEBUG] debug-file - entry : default@PackageHap cost memory 0.4581451416015625
[2026-06-02T22:19:20.996] [INFO] debug-file - UP-TO-DATE :entry:default@PackageHap...  
[2026-06-02T22:19:20.997] [DEBUG] debug-file - Executing task :entry:default@PackingCheck
[2026-06-02T22:19:21.000] [DEBUG] debug-file - entry : default@PackingCheck cost memory 0.36810302734375
[2026-06-02T22:19:21.000] [DEBUG] debug-file - runTaskFromQueue task cost before running: 188 ms 
[2026-06-02T22:19:21.000] [INFO] debug-file - Finished :entry:default@PackingCheck... after 4 ms 
[2026-06-02T22:19:21.001] [DEBUG] debug-file - Executing task :entry:default@SignHap
[2026-06-02T22:19:21.001] [WARN] debug-file - Will skip sign 'hos_hap'. No signingConfigs profile is configured in current project.
             If needed, configure the signingConfigs in C:\Users\27843\Downloads\RingtoneKit_Codelab_\build-profile.json5.
[2026-06-02T22:19:21.002] [DEBUG] debug-file - entry:default@SignHap is not up-to-date, since the output file 'C:\Users\27843\Downloads\RingtoneKit_Codelab_\entry\build\default\outputs\default\entry-default-signed.hap' does not exist.
[2026-06-02T22:19:21.002] [DEBUG] debug-file - Incremental task entry:default@SignHap pre-execution cost: 1 ms .
[2026-06-02T22:19:21.002] [DEBUG] debug-file - entry : default@SignHap cost memory 0.0924835205078125
[2026-06-02T22:19:21.002] [DEBUG] debug-file - runTaskFromQueue task cost before running: 190 ms 
[2026-06-02T22:19:21.002] [INFO] debug-file - Finished :entry:default@SignHap... after 2 ms 
[2026-06-02T22:19:21.003] [DEBUG] debug-file - Executing task :entry:default@CollectDebugSymbol
[2026-06-02T22:19:21.003] [DEBUG] debug-file - entry : default@CollectDebugSymbol cost memory 0.10298919677734375
[2026-06-02T22:19:21.003] [DEBUG] debug-file - runTaskFromQueue task cost before running: 191 ms 
[2026-06-02T22:19:21.004] [INFO] debug-file - Finished :entry:default@CollectDebugSymbol... after 1 ms 
[2026-06-02T22:19:21.004] [DEBUG] debug-file - Executing task :entry:assembleHap
[2026-06-02T22:19:21.004] [DEBUG] debug-file - entry : assembleHap cost memory 0.01428985595703125
[2026-06-02T22:19:21.004] [DEBUG] debug-file - runTaskFromQueue task cost before running: 192 ms 
[2026-06-02T22:19:21.004] [INFO] debug-file - Finished :entry:assembleHap... after 1 ms 
[2026-06-02T22:19:21.017] [INFO] debug-file - BUILD SUCCESSFUL in 205 ms 
[2026-06-02T22:19:21.018] [DEBUG] debug-file - There is no need to refresh cache, since the incremental task entry:default@PreBuild is up-to-date.
[2026-06-02T22:19:21.018] [DEBUG] debug-file - Update task entry:default@CreateModuleInfo output file:C:\Users\27843\Downloads\RingtoneKit_Codelab_\entry\build\default\generated\profile\default\ModuleInfo.ts cache.
[2026-06-02T22:19:21.018] [DEBUG] debug-file - Incremental task entry:default@CreateModuleInfo post-execution cost:1 ms .
[2026-06-02T22:19:21.018] [DEBUG] debug-file - There is no need to refresh cache, since the incremental task entry:default@GenerateMetadata is up-to-date.
[2026-06-02T22:19:21.018] [DEBUG] debug-file - There is no need to refresh cache, since the incremental task entry:default@MergeProfile is up-to-date.
[2026-06-02T22:19:21.018] [DEBUG] debug-file - There is no need to refresh cache, since the incremental task entry:default@CreateBuildProfile is up-to-date.
[2026-06-02T22:19:21.018] [DEBUG] debug-file - Update task entry:default@GeneratePkgContextInfo output file:C:\Users\27843\Downloads\RingtoneKit_Codelab_\entry\build\default\intermediates\loader\default\pkgContextInfo.json cache.
[2026-06-02T22:19:21.018] [DEBUG] debug-file - Incremental task entry:default@GeneratePkgContextInfo post-execution cost:1 ms .
[2026-06-02T22:19:21.018] [DEBUG] debug-file - Update task entry:default@ProcessIntegratedHsp output file:C:\Users\27843\Downloads\RingtoneKit_Codelab_\build\cache\default\integrated_hsp\integratedHspCache.json cache.
[2026-06-02T22:19:21.018] [DEBUG] debug-file - Incremental task entry:default@ProcessIntegratedHsp post-execution cost:1 ms .
[2026-06-02T22:19:21.018] [DEBUG] debug-file - There is no need to refresh cache, since the incremental task entry:default@MakePackInfo is up-to-date.
[2026-06-02T22:19:21.018] [DEBUG] debug-file - Update task entry:default@SyscapTransform input file:C:\Program Files\Huawei\DevEco Studio\sdk\default\openharmony\toolchains\syscap_tool.exe cache by regenerate.
[2026-06-02T22:19:21.019] [DEBUG] debug-file - Update task entry:default@SyscapTransform input file:C:\Program Files\Huawei\DevEco Studio\sdk\default\openharmony\ets\api\device-define cache by regenerate.
[2026-06-02T22:19:21.019] [DEBUG] debug-file - Update task entry:default@SyscapTransform output file:C:\Users\27843\Downloads\RingtoneKit_Codelab_\entry\build\default\intermediates\syscap\default\rpcid.sc cache.
[2026-06-02T22:19:21.019] [DEBUG] debug-file - Incremental task entry:default@SyscapTransform post-execution cost:1 ms .
[2026-06-02T22:19:21.019] [DEBUG] debug-file - There is no need to refresh cache, since the incremental task entry:default@ProcessProfile is up-to-date.
[2026-06-02T22:19:21.019] [DEBUG] debug-file - There is no need to refresh cache, since the incremental task entry:default@ProcessRouterMap is up-to-date.
[2026-06-02T22:19:21.019] [DEBUG] debug-file - There is no need to refresh cache, since the incremental task entry:default@ProcessShareConfig is up-to-date.
[2026-06-02T22:19:21.019] [DEBUG] debug-file - Update task entry:default@ProcessStartupConfig output file:C:\Users\27843\Downloads\RingtoneKit_Codelab_\entry\build\default\intermediates\startup\default\startup_config.json cache.
[2026-06-02T22:19:21.020] [DEBUG] debug-file - Incremental task entry:default@ProcessStartupConfig post-execution cost:1 ms .
[2026-06-02T22:19:21.020] [DEBUG] debug-file - There is no need to refresh cache, since the incremental task entry:default@ProcessResource is up-to-date.
[2026-06-02T22:19:21.020] [DEBUG] debug-file - There is no need to refresh cache, since the incremental task entry:default@GenerateLoaderJson is up-to-date.
[2026-06-02T22:19:21.020] [DEBUG] debug-file - There is no need to refresh cache, since the incremental task entry:default@ProcessLibs is up-to-date.
[2026-06-02T22:19:21.020] [DEBUG] debug-file - There is no need to refresh cache, since the incremental task entry:default@CompileResource is up-to-date.
[2026-06-02T22:19:21.020] [DEBUG] debug-file - There is no need to refresh cache, since the incremental task entry:default@DoNativeStrip is up-to-date.
[2026-06-02T22:19:21.020] [DEBUG] debug-file - There is no need to refresh cache, since the incremental task entry:default@CompileArkTS is up-to-date.
[2026-06-02T22:19:21.020] [DEBUG] debug-file - Update task entry:default@BuildJS input file:C:\Users\27843\Downloads\RingtoneKit_Codelab_\entry\build\default\intermediates\loader\default cache by regenerate.
[2026-06-02T22:19:21.021] [DEBUG] debug-file - Update task entry:default@BuildJS input file:C:\Users\27843\Downloads\RingtoneKit_Codelab_\entry\build\default\intermediates\res\default\ResourceTable.txt cache by regenerate.
[2026-06-02T22:19:21.021] [DEBUG] debug-file - Update task entry:default@BuildJS input file:C:\Users\27843\Downloads\RingtoneKit_Codelab_\entry\build\default\intermediates\res\default\ark_module.json cache by regenerate.
[2026-06-02T22:19:21.021] [DEBUG] debug-file - Update task entry:default@BuildJS input file:C:\Users\27843\Downloads\RingtoneKit_Codelab_\entry\build\default\intermediates\res\default\resources\base\profile cache by regenerate.
[2026-06-02T22:19:21.021] [DEBUG] debug-file - Update task entry:default@BuildJS output file:C:\Users\27843\Downloads\RingtoneKit_Codelab_\entry\build\default\intermediates\loader_out\default\js cache.
[2026-06-02T22:19:21.021] [DEBUG] debug-file - Incremental task entry:default@BuildJS post-execution cost:2 ms .
[2026-06-02T22:19:21.022] [DEBUG] debug-file - There is no need to refresh cache, since the incremental task entry:default@CacheNativeLibs is up-to-date.
[2026-06-02T22:19:21.022] [DEBUG] debug-file - There is no need to refresh cache, since the incremental task entry:default@GeneratePkgModuleJson is up-to-date.
[2026-06-02T22:19:21.022] [DEBUG] debug-file - Incremental task entry:default@ProcessCompiledResources post-execution cost:1 ms .
[2026-06-02T22:19:21.022] [DEBUG] debug-file - There is no need to refresh cache, since the incremental task entry:default@PackageHap is up-to-date.
[2026-06-02T22:19:21.022] [DEBUG] debug-file - Update task entry:default@SignHap input file:C:\Users\27843\Downloads\RingtoneKit_Codelab_\entry\build\default\outputs\default\entry-default-unsigned.hap cache by regenerate.
[2026-06-02T22:19:21.022] [DEBUG] debug-file - Update task entry:default@SignHap output file:C:\Users\27843\Downloads\RingtoneKit_Codelab_\entry\build\default\outputs\default\entry-default-signed.hap cache.
[2026-06-02T22:19:21.022] [DEBUG] debug-file - Incremental task entry:default@SignHap post-execution cost:1 ms .
[2026-06-02T22:19:21.022] [DEBUG] debug-file - Update task entry:default@CollectDebugSymbol input file:C:\Users\27843\Downloads\RingtoneKit_Codelab_\entry\build\default\intermediates\loader_out\default\ets\sourceMaps.map cache by regenerate.
[2026-06-02T22:19:21.022] [DEBUG] debug-file - Update task entry:default@CollectDebugSymbol input file:C:\Users\27843\Downloads\RingtoneKit_Codelab_\entry\build\default\intermediates\libs\default cache by regenerate.
[2026-06-02T22:19:21.023] [DEBUG] debug-file - Update task entry:default@CollectDebugSymbol output file:C:\Users\27843\Downloads\RingtoneKit_Codelab_\entry\build\default\outputs\default\symbol cache.
[2026-06-02T22:19:21.023] [DEBUG] debug-file - Incremental task entry:default@CollectDebugSymbol post-execution cost:1 ms .
[2026-06-02T22:19:21.041] [DEBUG] debug-file - There's no busy workers and idle workers need cleanup.
[2026-06-02T22:19:21.042] [DEBUG] debug-file - hvigor build process will be closed.
[2026-06-02T22:19:21.046] [DEBUG] debug-file - session manager: send message to worker process.
[2026-06-02T22:19:21.047] [DEBUG] debug-file - session manager: send message to worker process.
[2026-06-02T22:19:21.067] [DEBUG] debug-file - watch worker: worker id should be larger than 0. Nothing will be sent to any worker thread.
[2026-06-02T22:19:21.067] [DEBUG] debug-file - watch worker: worker id should be larger than 0. Nothing will be sent to any worker thread.
[2026-06-02T22:19:43.656] [DEBUG] debug-file - session manager: set active socket. socketId=8JYUO25A1bzWRwMFAAAF
[2026-06-02T22:19:43.660] [DEBUG] debug-file - watch worker: worker id should be larger than 0. Nothing will be sent to any worker thread.
[2026-06-02T22:19:43.662] [DEBUG] debug-file - Workers' log level updated to INFO
[2026-06-02T22:19:43.664] [DEBUG] debug-file - Hvigor init with startParameters:{
  hvigorfileTypeCheck: false,
  parallelExecution: true,
  incrementalExecution: true,
  printStackTrace: false,
  daemon: true,
  analyze: 0,
  logLevel: Level { level: 20000, levelStr: 'INFO', colour: 'green' },
  optimizationStrategy: 'memory',
  hotCompile: undefined,
  hotReloadBuild: undefined,
  customizedParam: undefined
}
[2026-06-02T22:19:43.667] [DEBUG] debug-file - Cache service initialization finished in 3 ms 
[2026-06-02T22:19:43.668] [DEBUG] debug-file - hvigorfile, resolving C:\Users\27843\Downloads\RingtoneKit_Codelab_\hvigorfile.ts
[2026-06-02T22:19:43.674] [DEBUG] debug-file - hvigorfile, require result:  { default: { plugins: [] } }
[2026-06-02T22:19:43.674] [DEBUG] debug-file - hvigorfile, binding system plugins null
[2026-06-02T22:19:43.675] [DEBUG] debug-file - Starting plugin build process
[2026-06-02T22:19:43.675] [DEBUG] debug-file - App plugin prepare start...
[2026-06-02T22:19:43.675] [DEBUG] debug-file - App plugin prepare end...
[2026-06-02T22:19:43.675] [DEBUG] debug-file - App plugin creating...
[2026-06-02T22:19:43.678] [DEBUG] debug-file - App plugin register hook start...
[2026-06-02T22:19:43.679] [DEBUG] debug-file - App plugin register hook end...
[2026-06-02T22:19:43.679] [DEBUG] debug-file - Plugin build process completed
[2026-06-02T22:19:43.679] [DEBUG] debug-file - Start initialize project's product build option map with build mode debug.
[2026-06-02T22:19:43.679] [DEBUG] debug-file - Picking option from product 'default' with build mode 'debug'.
[2026-06-02T22:19:43.679] [DEBUG] debug-file - Product 'default' build option initialized
[2026-06-02T22:19:43.679] [DEBUG] debug-file - End initialize project's product build option map with build mode 'debug'.
[2026-06-02T22:19:43.680] [DEBUG] debug-file - Obtain build option for product 'default'in this build.
[2026-06-02T22:19:43.680] [DEBUG] debug-file - No signingConfig found, initRemoteHspCache failed.
[2026-06-02T22:19:43.683] [DEBUG] debug-file - Start recording SDK configuration permission data.
[2026-06-02T22:19:43.703] [DEBUG] debug-file - Sdk init in 23 ms 
[2026-06-02T22:19:43.709] [DEBUG] debug-file - Project task initialization takes 5 ms 
[2026-06-02T22:19:43.709] [DEBUG] debug-file - hvigorfile, binding custom plugins []
[2026-06-02T22:19:43.709] [DEBUG] debug-file - hvigorfile, no custom plugins were found in C:\Users\27843\Downloads\RingtoneKit_Codelab_\hvigorfile.ts
[2026-06-02T22:19:43.709] [DEBUG] debug-file - hvigorfile, resolve finished C:\Users\27843\Downloads\RingtoneKit_Codelab_\hvigorfile.ts
[2026-06-02T22:19:43.709] [DEBUG] debug-file - hvigorfile, resolving C:\Users\27843\Downloads\RingtoneKit_Codelab_\entry\hvigorfile.ts
[2026-06-02T22:19:43.712] [DEBUG] debug-file - hvigorfile, require result:  { default: { plugins: [] } }
[2026-06-02T22:19:43.712] [DEBUG] debug-file - hvigorfile, binding system plugins null
[2026-06-02T22:19:43.712] [DEBUG] debug-file - Starting plugin build process
[2026-06-02T22:19:43.713] [DEBUG] debug-file - Hap plugin creating...
[2026-06-02T22:19:43.713] [DEBUG] debug-file - failed to load cangjie to dynamically generate schemas: Error: Cannot find module '@ohos/cangjie-build-support/index'
Require stack:
- C:\Program Files\Huawei\DevEco Studio\tools\hvigor\hvigor-ohos-plugin\src\plugin\hooks\cangjie-register.js
- C:\Program Files\Huawei\DevEco Studio\tools\hvigor\hvigor-ohos-plugin\src\plugin\strategy\stage-init-strategy.js
- C:\Program Files\Huawei\DevEco Studio\tools\hvigor\hvigor-ohos-plugin\src\plugin\builder\abstract-plugin-builder.js
- C:\Program Files\Huawei\DevEco Studio\tools\hvigor\hvigor-ohos-plugin\src\plugin\builder\app-plugin-builder.js
- C:\Program Files\Huawei\DevEco Studio\tools\hvigor\hvigor-ohos-plugin\src\plugin\factory\plugin-factory.js
- C:\Program Files\Huawei\DevEco Studio\tools\hvigor\hvigor-ohos-plugin\index.js
- C:\Users\27843\Downloads\RingtoneKit_Codelab_\hvigorfile.ts
- C:\Program Files\Huawei\DevEco Studio\tools\hvigor\hvigor\src\base\internal\lifecycle\configuration.js
- C:\Program Files\Huawei\DevEco Studio\tools\hvigor\hvigor\src\base\boot\index.js
- C:\Program Files\Huawei\DevEco Studio\tools\hvigor\hvigor\src\base\daemon\cluster\worker-process-lifecycle.js
- C:\Program Files\Huawei\DevEco Studio\tools\hvigor\hvigor\src\base\daemon\process\daemon-process-boot-script.js
[2026-06-02T22:19:43.714] [DEBUG] debug-file - Start initialize module-target build option map, moduleName=entry, buildMode=debug
[2026-06-02T22:19:43.714] [DEBUG] debug-file - Target 'default' config initialized
[2026-06-02T22:19:43.715] [DEBUG] debug-file - Module 'entry' target 'default' build option initialized
[2026-06-02T22:19:43.715] [DEBUG] debug-file - End initialize module-target build option map, moduleName=entry
[2026-06-02T22:19:43.715] [DEBUG] debug-file - Start initialize module-target build option map, moduleName=entry, buildMode=release
[2026-06-02T22:19:43.715] [DEBUG] debug-file - Target 'default' config initialized
[2026-06-02T22:19:43.715] [DEBUG] debug-file - Module 'entry' target 'default' build option initialized
[2026-06-02T22:19:43.715] [DEBUG] debug-file - End initialize module-target build option map, moduleName=entry
[2026-06-02T22:19:43.715] [DEBUG] debug-file - Start initialize module-target build option map, moduleName=entry, buildMode=debug
[2026-06-02T22:19:43.715] [DEBUG] debug-file - Target 'default' config initialized
[2026-06-02T22:19:43.715] [DEBUG] debug-file - Module 'entry' target 'default' build option initialized
[2026-06-02T22:19:43.716] [DEBUG] debug-file - End initialize module-target build option map, moduleName=entry
[2026-06-02T22:19:43.716] [DEBUG] debug-file - Obtain build option for module 'entry' target 'default'in this build.
[2026-06-02T22:19:43.716] [DEBUG] debug-file - Module entry task initialization takes 1 ms 
[2026-06-02T22:19:43.716] [DEBUG] debug-file - Hap plugin register hook start...
[2026-06-02T22:19:43.717] [DEBUG] debug-file - Hap plugin register hook end...
[2026-06-02T22:19:43.717] [DEBUG] debug-file - Plugin build process completed
[2026-06-02T22:19:43.717] [DEBUG] debug-file - hvigorfile, binding custom plugins []
[2026-06-02T22:19:43.717] [DEBUG] debug-file - hvigorfile, no custom plugins were found in C:\Users\27843\Downloads\RingtoneKit_Codelab_\entry\hvigorfile.ts
[2026-06-02T22:19:43.717] [DEBUG] debug-file - hvigorfile, resolve finished C:\Users\27843\Downloads\RingtoneKit_Codelab_\entry\hvigorfile.ts
[2026-06-02T22:19:43.783] [DEBUG] debug-file - hvigorfile, resolve hvigorfile dependencies in 66 ms 
[2026-06-02T22:19:43.783] [DEBUG] debug-file - project has submodules:entry
[2026-06-02T22:19:43.784] [DEBUG] debug-file - start to load updatedOhPackageInfo to the disk
[2026-06-02T22:19:43.787] [DEBUG] debug-file - load to the disk finished
[2026-06-02T22:19:43.788] [DEBUG] debug-file - Start to initialize dependency information.
[2026-06-02T22:19:43.788] [DEBUG] debug-file - Module RingtoneKit_Codelab_ Collected Dependency: 
[2026-06-02T22:19:43.788] [DEBUG] debug-file - Module RingtoneKit_Codelab_'s total dependency: 0
[2026-06-02T22:19:43.789] [DEBUG] debug-file - Start to initialize dependency information.
[2026-06-02T22:19:43.790] [DEBUG] debug-file - Module entry Collected Dependency: 
[2026-06-02T22:19:43.790] [DEBUG] debug-file - Module entry's total dependency: 0
[2026-06-02T22:19:43.791] [DEBUG] debug-file - Configuration phase cost:125 ms 
[2026-06-02T22:19:43.792] [DEBUG] debug-file - Configuration task cost before running: 131 ms 
[2026-06-02T22:19:43.796] [DEBUG] debug-file - Executing task :entry:default@PreBuild
[2026-06-02T22:19:43.797] [WARN] debug-file - The project has not explicitly set the 'targetSdkVersion' version at build-profile.json5. It is recommended to configure it. Reference: https://developer.huawei.com/consumer/cn/doc/harmonyos-guides/ide-hvigor-build-profile-app#section45865492619
[2026-06-02T22:19:43.797] [DEBUG] debug-file - Task 'entry:default@PreBuild' cost while wrapping incremental declarations: 1 ms 
[2026-06-02T22:19:43.801] [DEBUG] debug-file - Incremental task entry:default@PreBuild pre-execution cost: 3 ms .
[2026-06-02T22:19:43.801] [DEBUG] debug-file - entry : default@PreBuild cost memory 0.32517242431640625
[2026-06-02T22:19:43.802] [INFO] debug-file - UP-TO-DATE :entry:default@PreBuild...  
[2026-06-02T22:19:43.803] [DEBUG] debug-file - Executing task :entry:default@CreateModuleInfo
[2026-06-02T22:19:43.803] [DEBUG] debug-file - Task 'entry:default@CreateModuleInfo' cost while wrapping incremental declarations: 1 ms 
[2026-06-02T22:19:43.803] [DEBUG] debug-file - entry : default@CreateModuleInfo cost memory 0.04183197021484375
[2026-06-02T22:19:43.803] [DEBUG] debug-file - runTaskFromQueue task cost before running: 142 ms 
[2026-06-02T22:19:43.803] [INFO] debug-file - Finished :entry:default@CreateModuleInfo... after 1 ms 
[2026-06-02T22:19:43.804] [DEBUG] debug-file - Executing task :entry:default@GenerateMetadata
[2026-06-02T22:19:43.804] [DEBUG] debug-file - Task 'entry:default@GenerateMetadata' cost while wrapping incremental declarations: 1 ms 
[2026-06-02T22:19:43.805] [DEBUG] debug-file - Incremental task entry:default@GenerateMetadata pre-execution cost: 1 ms .
[2026-06-02T22:19:43.805] [DEBUG] debug-file - entry : default@GenerateMetadata cost memory 0.08332061767578125
[2026-06-02T22:19:43.805] [INFO] debug-file - UP-TO-DATE :entry:default@GenerateMetadata...  
[2026-06-02T22:19:43.806] [DEBUG] debug-file - Executing task :entry:default@ConfigureCmake
[2026-06-02T22:19:43.806] [DEBUG] debug-file - entry : default@ConfigureCmake cost memory 0.0144805908203125
[2026-06-02T22:19:43.806] [DEBUG] debug-file - runTaskFromQueue task cost before running: 144 ms 
[2026-06-02T22:19:43.806] [INFO] debug-file - Finished :entry:default@ConfigureCmake... after 1 ms 
[2026-06-02T22:19:43.806] [DEBUG] debug-file - Executing task :entry:default@MergeProfile
[2026-06-02T22:19:43.806] [DEBUG] debug-file - Task 'entry:default@MergeProfile' cost while wrapping incremental declarations: 1 ms 
[2026-06-02T22:19:43.807] [DEBUG] debug-file - Incremental task entry:default@MergeProfile pre-execution cost: 1 ms .
[2026-06-02T22:19:43.807] [DEBUG] debug-file - entry : default@MergeProfile cost memory 0.118499755859375
[2026-06-02T22:19:43.808] [INFO] debug-file - UP-TO-DATE :entry:default@MergeProfile...  
[2026-06-02T22:19:43.808] [DEBUG] debug-file - Executing task :entry:default@CreateBuildProfile
[2026-06-02T22:19:43.809] [DEBUG] debug-file - Task 'entry:default@CreateBuildProfile' cost while wrapping incremental declarations: 1 ms 
[2026-06-02T22:19:43.809] [DEBUG] debug-file - Incremental task entry:default@CreateBuildProfile pre-execution cost: 1 ms .
[2026-06-02T22:19:43.809] [DEBUG] debug-file - entry : default@CreateBuildProfile cost memory 0.0907135009765625
[2026-06-02T22:19:43.809] [INFO] debug-file - UP-TO-DATE :entry:default@CreateBuildProfile...  
[2026-06-02T22:19:43.810] [DEBUG] debug-file - Executing task :entry:default@PreCheckSyscap
[2026-06-02T22:19:43.810] [DEBUG] debug-file - entry : default@PreCheckSyscap cost memory 0.01470184326171875
[2026-06-02T22:19:43.810] [DEBUG] debug-file - runTaskFromQueue task cost before running: 149 ms 
[2026-06-02T22:19:43.810] [INFO] debug-file - Finished :entry:default@PreCheckSyscap... after 1 ms 
[2026-06-02T22:19:43.811] [DEBUG] debug-file - Executing task :entry:default@GeneratePkgContextInfo
[2026-06-02T22:19:43.813] [DEBUG] debug-file - Task 'entry:default@GeneratePkgContextInfo' cost while wrapping incremental declarations: 1 ms 
[2026-06-02T22:19:43.813] [DEBUG] debug-file - entry : default@GeneratePkgContextInfo cost memory 0.17023468017578125
[2026-06-02T22:19:43.813] [DEBUG] debug-file - runTaskFromQueue task cost before running: 152 ms 
[2026-06-02T22:19:43.813] [INFO] debug-file - Finished :entry:default@GeneratePkgContextInfo... after 3 ms 
[2026-06-02T22:19:43.815] [DEBUG] debug-file - Executing task :entry:default@ProcessIntegratedHsp
[2026-06-02T22:19:43.815] [DEBUG] debug-file - entry:default@ProcessIntegratedHsp is not up-to-date, since the output file 'C:\Users\27843\Downloads\RingtoneKit_Codelab_\build\cache\default\integrated_hsp\integratedHspCache.json' does not exist.
[2026-06-02T22:19:43.815] [DEBUG] debug-file - Incremental task entry:default@ProcessIntegratedHsp pre-execution cost: 1 ms .
[2026-06-02T22:19:43.815] [DEBUG] debug-file - entry : default@ProcessIntegratedHsp cost memory 0.05837249755859375
[2026-06-02T22:19:43.815] [DEBUG] debug-file - runTaskFromQueue task cost before running: 154 ms 
[2026-06-02T22:19:43.816] [INFO] debug-file - Finished :entry:default@ProcessIntegratedHsp... after 1 ms 
[2026-06-02T22:19:43.816] [DEBUG] debug-file - Executing task :entry:default@BuildNativeWithCmake
[2026-06-02T22:19:43.816] [DEBUG] debug-file - entry : default@BuildNativeWithCmake cost memory 0.0144805908203125
[2026-06-02T22:19:43.816] [DEBUG] debug-file - runTaskFromQueue task cost before running: 155 ms 
[2026-06-02T22:19:43.817] [INFO] debug-file - Finished :entry:default@BuildNativeWithCmake... after 1 ms 
[2026-06-02T22:19:43.817] [DEBUG] debug-file - Executing task :entry:default@MakePackInfo
[2026-06-02T22:19:43.818] [DEBUG] debug-file - Incremental task entry:default@MakePackInfo pre-execution cost: 1 ms .
[2026-06-02T22:19:43.818] [DEBUG] debug-file - entry : default@MakePackInfo cost memory 0.1000518798828125
[2026-06-02T22:19:43.819] [INFO] debug-file - UP-TO-DATE :entry:default@MakePackInfo...  
[2026-06-02T22:19:43.819] [DEBUG] debug-file - Executing task :entry:default@SyscapTransform
[2026-06-02T22:19:43.819] [DEBUG] debug-file - File: 'C:\Users\27843\Downloads\RingtoneKit_Codelab_\entry\src\main\syscap.json' from 'sysCapJsonPath' is not exists, just ignore.
[2026-06-02T22:19:43.820] [DEBUG] debug-file - Task 'entry:default@SyscapTransform' cost while wrapping incremental declarations: 1 ms 
[2026-06-02T22:19:43.821] [DEBUG] debug-file - entry:default@SyscapTransform is not up-to-date, since the output file 'C:\Users\27843\Downloads\RingtoneKit_Codelab_\entry\build\default\intermediates\syscap\default\rpcid.sc' does not exist.
[2026-06-02T22:19:43.821] [DEBUG] debug-file - Incremental task entry:default@SyscapTransform pre-execution cost: 2 ms .
[2026-06-02T22:19:43.821] [DEBUG] debug-file - entry : default@SyscapTransform cost memory 0.15827178955078125
[2026-06-02T22:19:43.821] [DEBUG] debug-file - runTaskFromQueue task cost before running: 160 ms 
[2026-06-02T22:19:43.821] [INFO] debug-file - Finished :entry:default@SyscapTransform... after 2 ms 
[2026-06-02T22:19:43.822] [DEBUG] debug-file - Executing task :entry:default@ProcessProfile
[2026-06-02T22:19:43.822] [DEBUG] debug-file - Task 'entry:default@ProcessProfile' cost while wrapping incremental declarations: 1 ms 
[2026-06-02T22:19:43.823] [DEBUG] debug-file - Incremental task entry:default@ProcessProfile pre-execution cost: 1 ms .
[2026-06-02T22:19:43.823] [DEBUG] debug-file - entry : default@ProcessProfile cost memory 0.1238250732421875
[2026-06-02T22:19:43.823] [INFO] debug-file - UP-TO-DATE :entry:default@ProcessProfile...  
[2026-06-02T22:19:43.824] [DEBUG] debug-file - Executing task :entry:default@ProcessRouterMap
[2026-06-02T22:19:43.825] [DEBUG] debug-file - Incremental task entry:default@ProcessRouterMap pre-execution cost: 2 ms .
[2026-06-02T22:19:43.826] [DEBUG] debug-file - entry : default@ProcessRouterMap cost memory 0.1349945068359375
[2026-06-02T22:19:43.826] [INFO] debug-file - UP-TO-DATE :entry:default@ProcessRouterMap...  
[2026-06-02T22:19:43.826] [DEBUG] debug-file - Executing task :entry:default@ProcessShareConfig
[2026-06-02T22:19:43.828] [DEBUG] debug-file - Incremental task entry:default@ProcessShareConfig pre-execution cost: 1 ms .
[2026-06-02T22:19:43.828] [DEBUG] debug-file - entry : default@ProcessShareConfig cost memory 0.10858154296875
[2026-06-02T22:19:43.828] [INFO] debug-file - UP-TO-DATE :entry:default@ProcessShareConfig...  
[2026-06-02T22:19:43.829] [DEBUG] debug-file - Executing task :entry:default@ProcessStartupConfig
[2026-06-02T22:19:43.829] [DEBUG] debug-file - Task 'entry:default@ProcessStartupConfig' cost while wrapping incremental declarations: 1 ms 
[2026-06-02T22:19:43.829] [DEBUG] debug-file - entry:default@ProcessStartupConfig is not up-to-date, since the output file 'C:\Users\27843\Downloads\RingtoneKit_Codelab_\entry\build\default\intermediates\startup\default\startup_config.json' does not exist.
[2026-06-02T22:19:43.829] [DEBUG] debug-file - Incremental task entry:default@ProcessStartupConfig pre-execution cost: 1 ms .
[2026-06-02T22:19:43.829] [DEBUG] debug-file - entry : default@ProcessStartupConfig cost memory 0.0973968505859375
[2026-06-02T22:19:43.829] [DEBUG] debug-file - runTaskFromQueue task cost before running: 168 ms 
[2026-06-02T22:19:43.830] [INFO] debug-file - Finished :entry:default@ProcessStartupConfig... after 1 ms 
[2026-06-02T22:19:43.830] [DEBUG] debug-file - Executing task :entry:default@BuildNativeWithNinja
[2026-06-02T22:19:43.830] [DEBUG] debug-file - entry : default@BuildNativeWithNinja cost memory 0.02159881591796875
[2026-06-02T22:19:43.830] [DEBUG] debug-file - runTaskFromQueue task cost before running: 169 ms 
[2026-06-02T22:19:43.831] [INFO] debug-file - Finished :entry:default@BuildNativeWithNinja... after 1 ms 
[2026-06-02T22:19:43.831] [DEBUG] debug-file - restool module names: entry; moduleName=entry, taskName=default@ProcessResource
[2026-06-02T22:19:43.832] [DEBUG] debug-file - Executing task :entry:default@ProcessResource
[2026-06-02T22:19:43.832] [DEBUG] debug-file - Task 'entry:default@ProcessResource' cost while wrapping incremental declarations: 1 ms 
[2026-06-02T22:19:43.833] [DEBUG] debug-file - Incremental task entry:default@ProcessResource pre-execution cost: 1 ms .
[2026-06-02T22:19:43.833] [DEBUG] debug-file - entry : default@ProcessResource cost memory 0.13492584228515625
[2026-06-02T22:19:43.834] [INFO] debug-file - UP-TO-DATE :entry:default@ProcessResource...  
[2026-06-02T22:19:43.835] [DEBUG] debug-file - Executing task :entry:default@GenerateLoaderJson
[2026-06-02T22:19:43.836] [DEBUG] debug-file - Task 'entry:default@GenerateLoaderJson' cost while wrapping incremental declarations: 1 ms 
[2026-06-02T22:19:43.840] [DEBUG] debug-file - Incremental task entry:default@GenerateLoaderJson pre-execution cost: 3 ms .
[2026-06-02T22:19:43.840] [DEBUG] debug-file - entry : default@GenerateLoaderJson cost memory 0.4751129150390625
[2026-06-02T22:19:43.842] [INFO] debug-file - UP-TO-DATE :entry:default@GenerateLoaderJson...  
[2026-06-02T22:19:43.842] [DEBUG] debug-file - Executing task :entry:default@ProcessLibs
[2026-06-02T22:19:43.844] [DEBUG] debug-file - Incremental task entry:default@ProcessLibs pre-execution cost: 1 ms .
[2026-06-02T22:19:43.844] [DEBUG] debug-file - entry : default@ProcessLibs cost memory 0.10254669189453125
[2026-06-02T22:19:43.844] [INFO] debug-file - UP-TO-DATE :entry:default@ProcessLibs...  
[2026-06-02T22:19:43.845] [DEBUG] debug-file - restool module names: entry; moduleName=entry, taskName=default@CompileResource
[2026-06-02T22:19:43.848] [DEBUG] debug-file - Executing task :entry:default@CompileResource
[2026-06-02T22:19:43.856] [DEBUG] debug-file - Incremental task entry:default@CompileResource pre-execution cost: 8 ms .
[2026-06-02T22:19:43.856] [DEBUG] debug-file - entry : default@CompileResource cost memory 0.5764083862304688
[2026-06-02T22:19:43.857] [INFO] debug-file - UP-TO-DATE :entry:default@CompileResource...  
[2026-06-02T22:19:43.859] [DEBUG] debug-file - Executing task :entry:default@DoNativeStrip
[2026-06-02T22:19:43.859] [DEBUG] debug-file - Task 'entry:default@DoNativeStrip' cost while wrapping incremental declarations: 1 ms 
[2026-06-02T22:19:43.859] [DEBUG] debug-file - Incremental task entry:default@DoNativeStrip pre-execution cost: 1 ms .
[2026-06-02T22:19:43.860] [DEBUG] debug-file - entry : default@DoNativeStrip cost memory 0.07642364501953125
[2026-06-02T22:19:43.860] [INFO] debug-file - UP-TO-DATE :entry:default@DoNativeStrip...  
[2026-06-02T22:19:43.861] [DEBUG] debug-file - Executing task :entry:default@CompileArkTS
[2026-06-02T22:19:43.861] [DEBUG] debug-file - obfuscationOptions: undefined
[2026-06-02T22:19:43.861] [DEBUG] debug-file - Task 'entry:default@CompileArkTS' cost while wrapping incremental declarations: 1 ms 
[2026-06-02T22:19:43.866] [DEBUG] debug-file - Incremental task entry:default@CompileArkTS pre-execution cost: 4 ms .
[2026-06-02T22:19:43.866] [DEBUG] debug-file - entry : default@CompileArkTS cost memory 0.48850250244140625
[2026-06-02T22:19:43.867] [INFO] debug-file - UP-TO-DATE :entry:default@CompileArkTS...  
[2026-06-02T22:19:43.868] [DEBUG] debug-file - Executing task :entry:default@BuildJS
[2026-06-02T22:19:43.868] [DEBUG] debug-file - Task 'entry:default@BuildJS' cost while wrapping incremental declarations: 1 ms 
[2026-06-02T22:19:43.869] [DEBUG] debug-file - entry : default@BuildJS cost memory 0.15755462646484375
[2026-06-02T22:19:43.870] [DEBUG] debug-file - runTaskFromQueue task cost before running: 208 ms 
[2026-06-02T22:19:43.870] [INFO] debug-file - Finished :entry:default@BuildJS... after 2 ms 
[2026-06-02T22:19:43.870] [DEBUG] debug-file - Executing task :entry:default@CacheNativeLibs
[2026-06-02T22:19:43.871] [DEBUG] debug-file - Task 'entry:default@CacheNativeLibs' cost while wrapping incremental declarations: 1 ms 
[2026-06-02T22:19:43.872] [DEBUG] debug-file - Incremental task entry:default@CacheNativeLibs pre-execution cost: 1 ms .
[2026-06-02T22:19:43.872] [DEBUG] debug-file - entry : default@CacheNativeLibs cost memory 0.321624755859375
[2026-06-02T22:19:43.872] [INFO] debug-file - UP-TO-DATE :entry:default@CacheNativeLibs...  
[2026-06-02T22:19:43.872] [DEBUG] debug-file - Executing task :entry:default@GeneratePkgModuleJson
[2026-06-02T22:19:43.873] [DEBUG] debug-file - File: 'C:\Users\27843\Downloads\RingtoneKit_Codelab_\entry\build\default\intermediates\preload\default\preload.json' from 'preloadSoJsonPath' is not exists, just ignore.
[2026-06-02T22:19:43.873] [DEBUG] debug-file - Error occurs while handling @Input 'shouldDeduplicateHar': The "data" argument must be of type string or an instance of Buffer, TypedArray, or DataView. Received undefined
[2026-06-02T22:19:43.873] [DEBUG] debug-file - Task 'entry:default@GeneratePkgModuleJson' cost while wrapping incremental declarations: 1 ms 
[2026-06-02T22:19:43.873] [DEBUG] debug-file - Incremental task entry:default@GeneratePkgModuleJson pre-execution cost: 1 ms .
[2026-06-02T22:19:43.873] [DEBUG] debug-file - entry : default@GeneratePkgModuleJson cost memory 0.1028900146484375
[2026-06-02T22:19:43.874] [INFO] debug-file - UP-TO-DATE :entry:default@GeneratePkgModuleJson...  
[2026-06-02T22:19:43.874] [DEBUG] debug-file - Executing task :entry:default@ProcessCompiledResources
[2026-06-02T22:19:43.874] [DEBUG] debug-file - File: 'C:\Users\27843\Downloads\RingtoneKit_Codelab_\entry\build\default\intermediates\preload\default\preload.json' from 'preloadSoJsonPath' is not exists, just ignore.
[2026-06-02T22:19:43.874] [DEBUG] debug-file - Task 'entry:default@ProcessCompiledResources' cost while wrapping incremental declarations: 1 ms 
[2026-06-02T22:19:43.874] [DEBUG] debug-file - entry : default@ProcessCompiledResources cost memory 0.05982208251953125
[2026-06-02T22:19:43.874] [DEBUG] debug-file - runTaskFromQueue task cost before running: 213 ms 
[2026-06-02T22:19:43.875] [INFO] debug-file - Finished :entry:default@ProcessCompiledResources... after 1 ms 
[2026-06-02T22:19:43.875] [DEBUG] debug-file - Executing task :entry:default@PackageHap
[2026-06-02T22:19:43.879] [DEBUG] debug-file - Incremental task entry:default@PackageHap pre-execution cost: 4 ms .
[2026-06-02T22:19:43.879] [DEBUG] debug-file - entry : default@PackageHap cost memory 0.39275360107421875
[2026-06-02T22:19:43.880] [INFO] debug-file - UP-TO-DATE :entry:default@PackageHap...  
[2026-06-02T22:19:43.880] [DEBUG] debug-file - Executing task :entry:default@PackingCheck
[2026-06-02T22:19:43.884] [DEBUG] debug-file - entry : default@PackingCheck cost memory 0.30626678466796875
[2026-06-02T22:19:43.884] [DEBUG] debug-file - runTaskFromQueue task cost before running: 223 ms 
[2026-06-02T22:19:43.885] [INFO] debug-file - Finished :entry:default@PackingCheck... after 4 ms 
[2026-06-02T22:19:43.885] [DEBUG] debug-file - Executing task :entry:default@SignHap
[2026-06-02T22:19:43.886] [WARN] debug-file - Will skip sign 'hos_hap'. No signingConfigs profile is configured in current project.
             If needed, configure the signingConfigs in C:\Users\27843\Downloads\RingtoneKit_Codelab_\build-profile.json5.
[2026-06-02T22:19:43.886] [DEBUG] debug-file - entry:default@SignHap is not up-to-date, since the output file 'C:\Users\27843\Downloads\RingtoneKit_Codelab_\entry\build\default\outputs\default\entry-default-signed.hap' does not exist.
[2026-06-02T22:19:43.886] [DEBUG] debug-file - Incremental task entry:default@SignHap pre-execution cost: 1 ms .
[2026-06-02T22:19:43.887] [DEBUG] debug-file - entry : default@SignHap cost memory 0.09229278564453125
[2026-06-02T22:19:43.887] [DEBUG] debug-file - runTaskFromQueue task cost before running: 225 ms 
[2026-06-02T22:19:43.887] [INFO] debug-file - Finished :entry:default@SignHap... after 2 ms 
[2026-06-02T22:19:43.888] [DEBUG] debug-file - Executing task :entry:default@CollectDebugSymbol
[2026-06-02T22:19:43.888] [DEBUG] debug-file - entry : default@CollectDebugSymbol cost memory 0.0980377197265625
[2026-06-02T22:19:43.889] [DEBUG] debug-file - runTaskFromQueue task cost before running: 227 ms 
[2026-06-02T22:19:43.889] [INFO] debug-file - Finished :entry:default@CollectDebugSymbol... after 1 ms 
[2026-06-02T22:19:43.889] [DEBUG] debug-file - Executing task :entry:assembleHap
[2026-06-02T22:19:43.889] [DEBUG] debug-file - entry : assembleHap cost memory 0.012725830078125
[2026-06-02T22:19:43.889] [DEBUG] debug-file - runTaskFromQueue task cost before running: 227 ms 
[2026-06-02T22:19:43.889] [INFO] debug-file - Finished :entry:assembleHap... after 1 ms 
[2026-06-02T22:19:43.903] [INFO] debug-file - BUILD SUCCESSFUL in 241 ms 
[2026-06-02T22:19:43.903] [DEBUG] debug-file - There is no need to refresh cache, since the incremental task entry:default@PreBuild is up-to-date.
[2026-06-02T22:19:43.903] [DEBUG] debug-file - Update task entry:default@CreateModuleInfo output file:C:\Users\27843\Downloads\RingtoneKit_Codelab_\entry\build\default\generated\profile\default\ModuleInfo.ts cache.
[2026-06-02T22:19:43.903] [DEBUG] debug-file - Incremental task entry:default@CreateModuleInfo post-execution cost:1 ms .
[2026-06-02T22:19:43.903] [DEBUG] debug-file - There is no need to refresh cache, since the incremental task entry:default@GenerateMetadata is up-to-date.
[2026-06-02T22:19:43.903] [DEBUG] debug-file - There is no need to refresh cache, since the incremental task entry:default@MergeProfile is up-to-date.
[2026-06-02T22:19:43.903] [DEBUG] debug-file - There is no need to refresh cache, since the incremental task entry:default@CreateBuildProfile is up-to-date.
[2026-06-02T22:19:43.903] [DEBUG] debug-file - Update task entry:default@GeneratePkgContextInfo output file:C:\Users\27843\Downloads\RingtoneKit_Codelab_\entry\build\default\intermediates\loader\default\pkgContextInfo.json cache.
[2026-06-02T22:19:43.904] [DEBUG] debug-file - Incremental task entry:default@GeneratePkgContextInfo post-execution cost:1 ms .
[2026-06-02T22:19:43.904] [DEBUG] debug-file - Update task entry:default@ProcessIntegratedHsp output file:C:\Users\27843\Downloads\RingtoneKit_Codelab_\build\cache\default\integrated_hsp\integratedHspCache.json cache.
[2026-06-02T22:19:43.904] [DEBUG] debug-file - Incremental task entry:default@ProcessIntegratedHsp post-execution cost:1 ms .
[2026-06-02T22:19:43.904] [DEBUG] debug-file - There is no need to refresh cache, since the incremental task entry:default@MakePackInfo is up-to-date.
[2026-06-02T22:19:43.904] [DEBUG] debug-file - Update task entry:default@SyscapTransform input file:C:\Program Files\Huawei\DevEco Studio\sdk\default\openharmony\toolchains\syscap_tool.exe cache by regenerate.
[2026-06-02T22:19:43.904] [DEBUG] debug-file - Update task entry:default@SyscapTransform input file:C:\Program Files\Huawei\DevEco Studio\sdk\default\openharmony\ets\api\device-define cache by regenerate.
[2026-06-02T22:19:43.905] [DEBUG] debug-file - Update task entry:default@SyscapTransform output file:C:\Users\27843\Downloads\RingtoneKit_Codelab_\entry\build\default\intermediates\syscap\default\rpcid.sc cache.
[2026-06-02T22:19:43.905] [DEBUG] debug-file - Incremental task entry:default@SyscapTransform post-execution cost:2 ms .
[2026-06-02T22:19:43.905] [DEBUG] debug-file - There is no need to refresh cache, since the incremental task entry:default@ProcessProfile is up-to-date.
[2026-06-02T22:19:43.905] [DEBUG] debug-file - There is no need to refresh cache, since the incremental task entry:default@ProcessRouterMap is up-to-date.
[2026-06-02T22:19:43.905] [DEBUG] debug-file - There is no need to refresh cache, since the incremental task entry:default@ProcessShareConfig is up-to-date.
[2026-06-02T22:19:43.906] [DEBUG] debug-file - Update task entry:default@ProcessStartupConfig output file:C:\Users\27843\Downloads\RingtoneKit_Codelab_\entry\build\default\intermediates\startup\default\startup_config.json cache.
[2026-06-02T22:19:43.906] [DEBUG] debug-file - Incremental task entry:default@ProcessStartupConfig post-execution cost:1 ms .
[2026-06-02T22:19:43.906] [DEBUG] debug-file - There is no need to refresh cache, since the incremental task entry:default@ProcessResource is up-to-date.
[2026-06-02T22:19:43.906] [DEBUG] debug-file - There is no need to refresh cache, since the incremental task entry:default@GenerateLoaderJson is up-to-date.
[2026-06-02T22:19:43.906] [DEBUG] debug-file - There is no need to refresh cache, since the incremental task entry:default@ProcessLibs is up-to-date.
[2026-06-02T22:19:43.906] [DEBUG] debug-file - There is no need to refresh cache, since the incremental task entry:default@CompileResource is up-to-date.
[2026-06-02T22:19:43.906] [DEBUG] debug-file - There is no need to refresh cache, since the incremental task entry:default@DoNativeStrip is up-to-date.
[2026-06-02T22:19:43.906] [DEBUG] debug-file - There is no need to refresh cache, since the incremental task entry:default@CompileArkTS is up-to-date.
[2026-06-02T22:19:43.907] [DEBUG] debug-file - Update task entry:default@BuildJS input file:C:\Users\27843\Downloads\RingtoneKit_Codelab_\entry\build\default\intermediates\loader\default cache by regenerate.
[2026-06-02T22:19:43.907] [DEBUG] debug-file - Update task entry:default@BuildJS input file:C:\Users\27843\Downloads\RingtoneKit_Codelab_\entry\build\default\intermediates\res\default\ResourceTable.txt cache by regenerate.
[2026-06-02T22:19:43.908] [DEBUG] debug-file - Update task entry:default@BuildJS input file:C:\Users\27843\Downloads\RingtoneKit_Codelab_\entry\build\default\intermediates\res\default\ark_module.json cache by regenerate.
[2026-06-02T22:19:43.908] [DEBUG] debug-file - Update task entry:default@BuildJS input file:C:\Users\27843\Downloads\RingtoneKit_Codelab_\entry\build\default\intermediates\res\default\resources\base\profile cache by regenerate.
[2026-06-02T22:19:43.909] [DEBUG] debug-file - Update task entry:default@BuildJS output file:C:\Users\27843\Downloads\RingtoneKit_Codelab_\entry\build\default\intermediates\loader_out\default\js cache.
[2026-06-02T22:19:43.909] [DEBUG] debug-file - Incremental task entry:default@BuildJS post-execution cost:3 ms .
[2026-06-02T22:19:43.909] [DEBUG] debug-file - There is no need to refresh cache, since the incremental task entry:default@CacheNativeLibs is up-to-date.
[2026-06-02T22:19:43.909] [DEBUG] debug-file - There is no need to refresh cache, since the incremental task entry:default@GeneratePkgModuleJson is up-to-date.
[2026-06-02T22:19:43.909] [DEBUG] debug-file - Incremental task entry:default@ProcessCompiledResources post-execution cost:1 ms .
[2026-06-02T22:19:43.909] [DEBUG] debug-file - There is no need to refresh cache, since the incremental task entry:default@PackageHap is up-to-date.
[2026-06-02T22:19:43.909] [DEBUG] debug-file - Update task entry:default@SignHap input file:C:\Users\27843\Downloads\RingtoneKit_Codelab_\entry\build\default\outputs\default\entry-default-unsigned.hap cache by regenerate.
[2026-06-02T22:19:43.909] [DEBUG] debug-file - Update task entry:default@SignHap output file:C:\Users\27843\Downloads\RingtoneKit_Codelab_\entry\build\default\outputs\default\entry-default-signed.hap cache.
[2026-06-02T22:19:43.909] [DEBUG] debug-file - Incremental task entry:default@SignHap post-execution cost:1 ms .
[2026-06-02T22:19:43.910] [DEBUG] debug-file - Update task entry:default@CollectDebugSymbol input file:C:\Users\27843\Downloads\RingtoneKit_Codelab_\entry\build\default\intermediates\loader_out\default\ets\sourceMaps.map cache by regenerate.
[2026-06-02T22:19:43.910] [DEBUG] debug-file - Update task entry:default@CollectDebugSymbol input file:C:\Users\27843\Downloads\RingtoneKit_Codelab_\entry\build\default\intermediates\libs\default cache by regenerate.
[2026-06-02T22:19:43.910] [DEBUG] debug-file - Update task entry:default@CollectDebugSymbol output file:C:\Users\27843\Downloads\RingtoneKit_Codelab_\entry\build\default\outputs\default\symbol cache.
[2026-06-02T22:19:43.910] [DEBUG] debug-file - Incremental task entry:default@CollectDebugSymbol post-execution cost:1 ms .
[2026-06-02T22:19:43.932] [DEBUG] debug-file - There's no busy workers and idle workers need cleanup.
[2026-06-02T22:19:43.932] [DEBUG] debug-file - hvigor build process will be closed.
[2026-06-02T22:19:43.937] [DEBUG] debug-file - session manager: send message to worker process.
[2026-06-02T22:19:43.937] [DEBUG] debug-file - session manager: send message to worker process.
[2026-06-02T22:19:43.976] [DEBUG] debug-file - watch worker: worker id should be larger than 0. Nothing will be sent to any worker thread.
[2026-06-02T22:19:43.977] [DEBUG] debug-file - watch worker: worker id should be larger than 0. Nothing will be sent to any worker thread.
[2026-06-02T22:22:25.518] [DEBUG] debug-file - session manager: set active socket. socketId=cPDywwTP0ZqFSOv2AAAH
